Tipo de item,Chave da item,ID da item,Resumo,Pai,Chave pai,Parent summary,Status,Campo personalizado (Start date),Resolvido,Responsável,ID do responsável,Sprint,Sprint,Sprint,Sprint,Sprint,Sprint,Sprint,Sprint,Campo personalizado (Data final)
Problema,FRONT-279,100165,[SMB] 462274 - Grupo Emar| Plugin não exibe na loja - E-mail marketing,97179,FRONT-124,Sys-Ops | SMB CARDS OPERACIONAIS,Concluído,07/abr/26 12:00 AM,07/abr/26 3:41 PM,Anderson Silva,624c8d33ed4d6b007016e305,Sprint 37,,,,,,,,07/abr/26 3:41 PM
Solicitação de serviço,FRONT-237,98537,[smb] 791419 - Cancelamento de plano de e-mail marketing,97179,FRONT-124,Sys-Ops | SMB CARDS OPERACIONAIS,Concluído,19/mar/26 12:00 AM,08/abr/26 10:03 AM,Danila Lucena,62a72fb5bf7afc006f3a9075,Sprint 36,Sprint 37,Sprint 38,,,,,,08/abr/26 10:03 AM
Subtarefa,FRONT-345,100867,Desabilitar h-indica por lista de spam,92602,FRONT-9,Problemas de entregabilidade,Concluído,,08/abr/26 4:55 PM,Gustavo Bium Donadon,712020:783b53ab-197a-4286-9246-158f752f3aa2,Sprint 34,Sprint 35,Sprint 36,Sprint 37,Sprint 38,Sprint 39,,,08/abr/26 4:56 PM
Subtarefa,FRONT-94,96442,[MELHORIA] Ordenação padrão ser data de início decrescente igual as outras telas,88047,FRONT-7,9.[Nice] FRONT - APENAS TELAS: On Site na nova plataforma,Concluído,,09/abr/26 10:08 AM,Renato Novaes,60a4007747ba02006f2460fd,Sprint 32,Sprint 33,Sprint 34,Sprint 35,Sprint 36,Sprint 37,Sprint 38,,09/abr/26 10:08 AM
Subtarefa,FRONT-104,96462,[QA] Troca entre regras manteve o valor e não foi limpo,88047,FRONT-7,9.[Nice] FRONT - APENAS TELAS: On Site na nova plataforma,Concluído,,09/abr/26 10:08 AM,Renato Novaes,60a4007747ba02006f2460fd,Sprint 32,Sprint 33,Sprint 34,Sprint 35,Sprint 36,Sprint 37,Sprint 38,,09/abr/26 10:08 AM
Subtarefa,FRONT-107,96468,[MELHORIA] Input de plano de fundo possui opção diferente no protótipo,88047,FRONT-7,9.[Nice] FRONT - APENAS TELAS: On Site na nova plataforma,Concluído,,09/abr/26 10:08 AM,Renato Novaes,60a4007747ba02006f2460fd,Sprint 32,Sprint 33,Sprint 34,Sprint 35,Sprint 36,Sprint 37,Sprint 38,,09/abr/26 10:08 AM
Subtarefa,FRONT-112,96478,[MELHORIA] Ao editar o template na tela de resumo perdi todos os dados no próximo step,88047,FRONT-7,9.[Nice] FRONT - APENAS TELAS: On Site na nova plataforma,Concluído,,09/abr/26 10:08 AM,Renato Novaes,60a4007747ba02006f2460fd,Sprint 32,Sprint 33,Sprint 34,Sprint 35,Sprint 36,Sprint 37,Sprint 38,,09/abr/26 10:08 AM
Subtarefa,FRONT-113,96480,[QA] Espaçamento do modal excluir ficou diferente,88047,FRONT-7,9.[Nice] FRONT - APENAS TELAS: On Site na nova plataforma,Concluído,,09/abr/26 10:08 AM,Renato Novaes,60a4007747ba02006f2460fd,Sprint 32,Sprint 33,Sprint 34,Sprint 35,Sprint 36,Sprint 37,Sprint 38,,09/abr/26 10:08 AM
Subtarefa,FRONT-114,96482,[QA] Ordem das opções de ações estão diferentes do protótipo,88047,FRONT-7,9.[Nice] FRONT - APENAS TELAS: On Site na nova plataforma,Concluído,,09/abr/26 10:08 AM,Renato Novaes,60a4007747ba02006f2460fd,Sprint 32,Sprint 33,Sprint 34,Sprint 35,Sprint 36,Sprint 37,Sprint 38,,09/abr/26 10:08 AM
Subtarefa,FRONT-115,96484,[QA] Ordenação no header da tabela não está funcionando,88047,FRONT-7,9.[Nice] FRONT - APENAS TELAS: On Site na nova plataforma,Concluído,,09/abr/26 10:08 AM,Renato Novaes,60a4007747ba02006f2460fd,Sprint 32,Sprint 33,Sprint 34,Sprint 35,Sprint 36,Sprint 37,Sprint 38,,09/abr/26 10:08 AM
Problema,FRONT-349,100983,[smb] 11111- teste | teste,,,,Concluído,09/abr/26 12:00 AM,09/abr/26 2:29 PM,,,Sprint 38,,,,,,,,09/abr/26 2:29 PM
Problema,FRONT-232,98398,[SMB] 1435580 - Woofbox| Erro ao importar contatos [E-mail marketing],97179,FRONT-124,Sys-Ops | SMB CARDS OPERACIONAIS,Concluído,18/mar/26 12:00 AM,26/mar/26 8:30 AM,Anderson Silva,624c8d33ed4d6b007016e305,Sprint 36,Sprint 37,Sprint 38,,,,,,10/abr/26 9:56 AM
Problema,FRONT-245,98852,[SMB] 1486296 - Inn-Forma Modeladores| Link e-mail marketing não funcionando,97179,FRONT-124,Sys-Ops | SMB CARDS OPERACIONAIS,Concluído,09/abr/26 12:00 AM,10/abr/26 10:02 AM,Danila Lucena,62a72fb5bf7afc006f3a9075,Sprint 36,Sprint 37,Sprint 38,,,,,,10/abr/26 10:02 AM
Problema,FRONT-355,101033,[SMB] Bagy 169902| INVENCI -Problema nos disparos das campanhas,97179,FRONT-124,Sys-Ops | SMB CARDS OPERACIONAIS,Concluído,09/abr/26 12:00 AM,10/abr/26 10:21 AM,Anderson Silva,624c8d33ed4d6b007016e305,Sprint 38,,,,,,,,10/abr/26 10:21 AM
História,FRONT-5,95101,8.[Nice] FRONT - INTEGRAÇÃO: On Site na nova plataforma,101385,FRONT-364,2.0 On Site,Concluído,,10/abr/26 2:28 PM,isabela.beatriz,712020:7fecd2d1-ffb2-4d42-b4b1-5af8e5f4ee5f,Sprint 32,Sprint 33,Sprint 34,Sprint 35,Sprint 36,Sprint 37,Sprint 38,,10/abr/26 2:28 PM
Subtarefa,FRONT-116,96807,[QA] Configurações do domínio cobrindo sidebar em alguma resoluções,87393,FRONT-8,FRONT: Trazer LP para dentro da nova plataforma,Concluído,,10/abr/26 2:51 PM,Bruno Cruz Silva,712020:42adaa16-4a23-47db-bae7-528b19b7f35a,Sprint 32,Sprint 33,Sprint 34,Sprint 35,Sprint 36,Sprint 37,Sprint 38,,10/abr/26 2:51 PM
Subtarefa,FRONT-122,96819,[QA] LP publicada,87393,FRONT-8,FRONT: Trazer LP para dentro da nova plataforma,Concluído,,10/abr/26 3:02 PM,Bruno Cruz Silva,712020:42adaa16-4a23-47db-bae7-528b19b7f35a,Sprint 32,Sprint 33,Sprint 34,Sprint 35,Sprint 36,Sprint 37,Sprint 38,,10/abr/26 3:02 PM
Subtarefa,FRONT-121,96817,[QA] Não consegui acessar a LP criada,87393,FRONT-8,FRONT: Trazer LP para dentro da nova plataforma,Concluído,,10/abr/26 3:03 PM,Bruno Cruz Silva,712020:42adaa16-4a23-47db-bae7-528b19b7f35a,Sprint 32,Sprint 33,Sprint 34,Sprint 35,Sprint 36,Sprint 37,Sprint 38,,10/abr/26 3:03 PM
Subtarefa,FRONT-120,96815,[QA] Card de configuração de domínio está cortado,87393,FRONT-8,FRONT: Trazer LP para dentro da nova plataforma,Concluído,,10/abr/26 3:05 PM,Bruno Cruz Silva,712020:42adaa16-4a23-47db-bae7-528b19b7f35a,Sprint 32,Sprint 33,Sprint 34,Sprint 35,Sprint 36,Sprint 37,Sprint 38,,10/abr/26 3:05 PM
Subtarefa,FRONT-119,96813,[QA] Drawer,87393,FRONT-8,FRONT: Trazer LP para dentro da nova plataforma,Concluído,,10/abr/26 3:07 PM,Bruno Cruz Silva,712020:42adaa16-4a23-47db-bae7-528b19b7f35a,Sprint 32,Sprint 33,Sprint 34,Sprint 35,Sprint 36,Sprint 37,Sprint 38,,10/abr/26 3:07 PM
História,FRONT-11,90302,11.  FRONT: Validação de Nome Duplicado em Campanhas,101383,FRONT-362,2.0 Campanhas,Concluído,,10/abr/26 3:24 PM,Bruno Cruz Silva,712020:42adaa16-4a23-47db-bae7-528b19b7f35a,Sprint 34,Sprint 35,Sprint 36,Sprint 37,Sprint 38,,,,10/abr/26 3:24 PM
História,FRONT-6,92291,11. FRONT: Tela do SDK,101402,FRONT-371,2.0 Configurações,Concluído,,10/abr/26 4:11 PM,isabela.beatriz,712020:7fecd2d1-ffb2-4d42-b4b1-5af8e5f4ee5f,Sprint 34,Sprint 35,Sprint 36,Sprint 37,Sprint 38,,,,10/abr/26 4:11 PM
Subtarefa,FRONT-223,98155,Verificar login da plataforma através do commerce,97965,FRONT-213,Ajustes pós pente fino: PRIORITÁRIOS,Concluído,,19/mar/26 2:01 PM,Bruno Cruz Silva,712020:42adaa16-4a23-47db-bae7-528b19b7f35a,Sprint 36,Sprint 37,Sprint 38,,,,,,10/abr/26 4:47 PM
História,FRONT-213,97965,Ajustes pós pente fino: PRIORITÁRIOS,97180,FRONT-125,2.0 Geral,Concluído,,10/abr/26 4:49 PM,isabela.beatriz,712020:7fecd2d1-ffb2-4d42-b4b1-5af8e5f4ee5f,Sprint 36,Sprint 37,Sprint 38,,,,,,10/abr/26 4:49 PM
Problema,FRONT-351,101021,[SMB] Bagy - 142 bennesh| Erro ao disparo pontual de campanhas e-mail,97179,FRONT-124,Sys-Ops | SMB CARDS OPERACIONAIS,Concluído,10/abr/26 12:00 AM,10/abr/26 5:49 PM,Anderson Silva,624c8d33ed4d6b007016e305,Sprint 38,,,,,,,,10/abr/26 5:49 PM
História,FRONT-32,96496,2.[FRONT] Ajuste para campanhas de Web Push - BTG,97510,FRONT-149,Melhorias plataforma 1.0,Concluído,,,Bárbara Auguste Fernandes Meirelles,712020:8f547731-dc4d-407c-a6b5-bea39b910335,Sprint 36,Sprint 37,Sprint 38,,,,,,13/abr/26 10:08 AM
Subtarefa,FRONT-356,101103,Fluxo de remoção de e-mails soft bounce,92602,FRONT-9,Problemas de entregabilidade,Concluído,,13/abr/26 10:16 AM,Gustavo Bium Donadon,712020:783b53ab-197a-4286-9246-158f752f3aa2,Sprint 34,Sprint 35,Sprint 36,Sprint 37,Sprint 38,Sprint 39,,,13/abr/26 10:16 AM
Problema,POS-3831,100367,Balaroti ID 50755 | Filtros baseados em datas,73272,POS-221,Sys-Ops | Cards Operacionais,Concluído,,13/abr/26 10:32 AM,Pedro Dib,5bc4ae2aa1a6a72f4761a152,Sprint 37,Sprint 38,,,,,,,13/abr/26 10:32 AM
Problema,POS-3859,100868,Erro em lista - Falta de ações // LP Beauty Afiliados 50833 e 50839	,73272,POS-221,Sys-Ops | Cards Operacionais,Concluído,,13/abr/26 10:33 AM,Pedro Dib,5bc4ae2aa1a6a72f4761a152,Sprint 38,,,,,,,,13/abr/26 10:33 AM
Subtarefa,POS-3876,101067,[Nabuco] Scheduler conf - Execução instantânea - Não é enviada para fila  ,98714,POS-3772,Estruturação do motor de consolidação de dados,Concluído,,13/abr/26 10:37 AM,Sávio,5bbfb807412ef82f09606a29,Sprint 37,Sprint 38,,,,,,,13/abr/26 10:37 AM
Tarefa,POS-3772,98714,Estruturação do motor de consolidação de dados,97007,POS-3696,2.0 BTG ,Concluído,,13/abr/26 10:37 AM,Sávio,5bbfb807412ef82f09606a29,Sprint 37,Sprint 38,,,,,,,13/abr/26 10:37 AM
História,FRONT-14,89124,7. FRONT: Disponibilizar templates pré prontos  Studio (e-mail e whatsapp),101386,FRONT-365,2.0 Landing Page,Concluído,,13/abr/26 10:48 AM,isabela.beatriz,712020:7fecd2d1-ffb2-4d42-b4b1-5af8e5f4ee5f,Sprint 34,Sprint 35,Sprint 36,Sprint 37,Sprint 38,,,,13/abr/26 10:48 AM
História,FRONT-15,91698,5.FRONT: Envio de teste de WhatsApp,101383,FRONT-362,2.0 Campanhas,Concluído,,13/abr/26 10:57 AM,isabela.beatriz,712020:7fecd2d1-ffb2-4d42-b4b1-5af8e5f4ee5f,Sprint 36,Sprint 37,Sprint 38,,,,,,13/abr/26 10:57 AM
História,FRONT-10,90346,10. FRONT: Possibilidade de salvar campanhas em rascunho,101383,FRONT-362,2.0 Campanhas,Concluído,,13/abr/26 10:59 AM,isabela.beatriz,712020:7fecd2d1-ffb2-4d42-b4b1-5af8e5f4ee5f,Sprint 34,Sprint 35,Sprint 36,Sprint 37,Sprint 38,,,,13/abr/26 11:00 AM
História,FRONT-86,96892,4. Regra de envio de teste - email e whats,101383,FRONT-362,2.0 Campanhas,Concluído,09/abr/26 12:00 AM,13/abr/26 11:06 AM,isabela.beatriz,712020:7fecd2d1-ffb2-4d42-b4b1-5af8e5f4ee5f,Sprint 36,Sprint 38,,,,,,,13/abr/26 11:06 AM
Subtarefa,FRONT-117,96809,[QA] LPs em rascunho,87393,FRONT-8,FRONT: Trazer LP para dentro da nova plataforma,Concluído,,13/abr/26 11:08 AM,Bruno Cruz Silva,712020:42adaa16-4a23-47db-bae7-528b19b7f35a,Sprint 32,Sprint 33,Sprint 34,Sprint 35,Sprint 36,Sprint 37,Sprint 38,,13/abr/26 11:08 AM
Subtarefa,FRONT-301,100411,Ajuste do critério “Abandono de carrinho”,100198,FRONT-280,Ajustes segmentador,Concluído,,08/abr/26 3:46 PM,,,Sprint 37,Sprint 38,Sprint 39,Sprint 40,Sprint 41,,,,13/abr/26 11:11 AM
Problema,FRONT-276,100064,[SMB] 1435509 - HMulti| Problema no envio de campanhas via WhatsApp,97179,FRONT-124,Sys-Ops | SMB CARDS OPERACIONAIS,Concluído,08/abr/26 12:00 AM,10/abr/26 10:04 AM,Gustavo Bium Donadon,712020:783b53ab-197a-4286-9246-158f752f3aa2,Sprint 37,Sprint 38,,,,,,,13/abr/26 11:24 AM
Problema,FRONT-348,100949,[SMB] 1393192 Prisma Cosmeticos| Problema no disparo de campanha teste,97179,FRONT-124,Sys-Ops | SMB CARDS OPERACIONAIS,Concluído,09/abr/26 12:00 AM,13/abr/26 11:26 AM,Anderson Silva,624c8d33ed4d6b007016e305,Sprint 38,,,,,,,,13/abr/26 11:26 AM
Subtarefa,FRONT-305,100419,Padronização dos campos fixos nas regras do segmentador conforme protótipo,100198,FRONT-280,Ajustes segmentador,Concluído,07/abr/26 12:00 AM,08/abr/26 4:20 PM,Renato Novaes,60a4007747ba02006f2460fd,Sprint 37,Sprint 38,Sprint 39,Sprint 40,Sprint 41,,,,13/abr/26 2:03 PM
Subtarefa,FRONT-282,100202,O card de detalhes das segmentações não estão abrindo ,100198,FRONT-280,Ajustes segmentador,Concluído,,06/abr/26 6:41 PM,Renato Novaes,60a4007747ba02006f2460fd,Sprint 37,Sprint 38,Sprint 39,Sprint 40,Sprint 41,,,,13/abr/26 2:04 PM
Subtarefa,FRONT-281,100200,Erro de renderização do segmentador em tela de notebook,100198,FRONT-280,Ajustes segmentador,Concluído,13/abr/26 12:00 AM,13/abr/26 2:04 PM,Renato Novaes,60a4007747ba02006f2460fd,Sprint 37,Sprint 38,Sprint 39,Sprint 40,Sprint 41,,,,13/abr/26 2:04 PM
Subtarefa,FRONT-285,100208,Inclusão de ícone no construtor de segmento,100198,FRONT-280,Ajustes segmentador,Concluído,,06/abr/26 8:48 AM,Renato Novaes,60a4007747ba02006f2460fd,Sprint 37,Sprint 38,Sprint 39,Sprint 40,Sprint 41,,,,13/abr/26 2:12 PM
Subtarefa,FRONT-286,100210,Alteração de ícone Nenhum segmento criado,100198,FRONT-280,Ajustes segmentador,Concluído,,06/abr/26 8:48 AM,Renato Novaes,60a4007747ba02006f2460fd,Sprint 37,Sprint 38,Sprint 39,Sprint 40,Sprint 41,,,,13/abr/26 2:13 PM
Subtarefa,FRONT-289,100216,Inclusão do critério “Regra de automação” em Segmentação de base,100198,FRONT-280,Ajustes segmentador,Concluído,,07/abr/26 9:15 AM,Renato Novaes,60a4007747ba02006f2460fd,Sprint 37,Sprint 38,Sprint 39,Sprint 40,Sprint 41,,,,13/abr/26 2:19 PM
Subtarefa,FRONT-291,100220,Inconsistência nos nomes de listas no segmentador,100198,FRONT-280,Ajustes segmentador,Concluído,,06/abr/26 6:44 PM,Renato Novaes,60a4007747ba02006f2460fd,Sprint 37,Sprint 38,Sprint 39,Sprint 40,Sprint 41,,,,13/abr/26 2:20 PM
Subtarefa,FRONT-292,100222,Inconsistência na contagem de contatos das listas no segmentador,100198,FRONT-280,Ajustes segmentador,Concluído,,07/abr/26 9:16 AM,Renato Novaes,60a4007747ba02006f2460fd,Sprint 37,Sprint 38,Sprint 39,Sprint 40,Sprint 41,,,,13/abr/26 2:21 PM
Subtarefa,FRONT-295,100230,Ajuste de layout ao selecionar múltiplas listas,100198,FRONT-280,Ajustes segmentador,Concluído,,07/abr/26 9:16 AM,Renato Novaes,60a4007747ba02006f2460fd,Sprint 37,Sprint 38,Sprint 39,Sprint 40,Sprint 41,,,,13/abr/26 3:02 PM
Tarefa,POS-3885,101380,Ajuste Segmentador - Audiência Pré Definida,101388,POS-3886,2.0 Segmentador,Concluído,13/abr/26 12:00 AM,13/abr/26 3:40 PM,isabela.beatriz,712020:7fecd2d1-ffb2-4d42-b4b1-5af8e5f4ee5f,Sprint 38,,,,,,,,13/abr/26 3:41 PM
Subtarefa,FRONT-296,100265,Ajuste das opções de Régua Automática,100198,FRONT-280,Ajustes segmentador,Concluído,,06/abr/26 6:40 PM,,,Sprint 37,Sprint 38,Sprint 39,Sprint 40,Sprint 41,,,,13/abr/26 3:45 PM
Subtarefa,FRONT-297,100267,Ajuste para seleção múltipla em Régua Automática,100198,FRONT-280,Ajustes segmentador,Concluído,,06/abr/26 10:56 AM,Renato Novaes,60a4007747ba02006f2460fd,Sprint 37,Sprint 38,Sprint 39,Sprint 40,Sprint 41,,,,13/abr/26 3:46 PM
Subtarefa,FRONT-300,100409,Ajuste do placeholder no critério “Data da compra”,100198,FRONT-280,Ajustes segmentador,Concluído,,07/abr/26 9:17 AM,Renato Novaes,60a4007747ba02006f2460fd,Sprint 37,Sprint 38,Sprint 39,Sprint 40,Sprint 41,,,,13/abr/26 3:51 PM
Subtarefa,FRONT-283,100204,Revisar responsividade nas telas do segmentador,100198,FRONT-280,Ajustes segmentador,Concluído,,06/abr/26 6:42 PM,Renato Novaes,60a4007747ba02006f2460fd,Sprint 37,Sprint 38,Sprint 39,Sprint 40,Sprint 41,,,,13/abr/26 3:56 PM
Subtarefa,FRONT-303,100415,Ajuste no optin de e-mail e whatsapp,100198,FRONT-280,Ajustes segmentador,Concluído,13/abr/26 12:00 AM,13/abr/26 4:06 PM,Renato Novaes,60a4007747ba02006f2460fd,Sprint 37,Sprint 38,Sprint 39,Sprint 40,Sprint 41,,,,13/abr/26 4:06 PM
Subtarefa,FRONT-169,97842,Studio - ajuste na ação Limpar Filtros,97821,FRONT-158,Ajustes pós pente fino: SECUNDÁRIOS,Concluído,,18/mar/26 3:40 PM,Thiago Vilasboas,609e78d197f3d40070deda34,Sprint 36,Sprint 37,Sprint 38,,,,,,13/abr/26 4:28 PM
Subtarefa,FRONT-159,97823,Home - Ajustar alinhamento entre blocos,97821,FRONT-158,Ajustes pós pente fino: SECUNDÁRIOS,Concluído,,18/mar/26 9:29 AM,Thiago Vilasboas,609e78d197f3d40070deda34,Sprint 36,Sprint 37,Sprint 38,,,,,,13/abr/26 4:30 PM
Subtarefa,FRONT-160,97825,Home - Ajustar sombreamento ,97821,FRONT-158,Ajustes pós pente fino: SECUNDÁRIOS,Concluído,,18/mar/26 1:47 PM,Thiago Vilasboas,609e78d197f3d40070deda34,Sprint 36,Sprint 37,Sprint 38,,,,,,13/abr/26 4:30 PM
Subtarefa,FRONT-161,97827,Home - Ajustar nome do card,97821,FRONT-158,Ajustes pós pente fino: SECUNDÁRIOS,Concluído,,17/mar/26 3:28 PM,Thiago Vilasboas,609e78d197f3d40070deda34,Sprint 36,Sprint 37,Sprint 38,,,,,,13/abr/26 4:31 PM
Subtarefa,FRONT-171,97848,Studio - Ajustar status exibido para templates de WhatsApp,97821,FRONT-158,Ajustes pós pente fino: SECUNDÁRIOS,Concluído,,20/mar/26 10:11 AM,Thiago Vilasboas,609e78d197f3d40070deda34,Sprint 36,Sprint 37,Sprint 38,,,,,,13/abr/26 4:32 PM
Dúvida,POS-3880,101272,Problema ao subir lista para SMS | 3720 - Instituto Quadrix,73272,POS-221,Sys-Ops | Cards Operacionais,Concluído,13/abr/26 12:00 AM,13/abr/26 4:36 PM,Pedro Dib,5bc4ae2aa1a6a72f4761a152,Sprint 38,,,,,,,,13/abr/26 4:36 PM
Tarefa,POS-3835,100403,Criação do Service de Consolidação de Navegação Semanal,97007,POS-3696,2.0 BTG ,Concluído,,13/abr/26 4:48 PM,Ricardo Barretto,5bc4ae2d49bd18289a64f694,Sprint 38,,,,,,,,13/abr/26 4:48 PM
Subtarefa,FRONT-172,97850,Studio - corrigir limitação de caracteres (texto do cabeçalho),97821,FRONT-158,Ajustes pós pente fino: SECUNDÁRIOS,Concluído,,19/mar/26 10:29 AM,Thiago Vilasboas,609e78d197f3d40070deda34,Sprint 36,Sprint 37,Sprint 38,,,,,,13/abr/26 5:00 PM
Subtarefa,FRONT-173,97852,Studio - corrigir contagem de caracteres (corpo da mensagem),97821,FRONT-158,Ajustes pós pente fino: SECUNDÁRIOS,Concluído,,19/mar/26 10:48 AM,Thiago Vilasboas,609e78d197f3d40070deda34,Sprint 36,Sprint 37,Sprint 38,,,,,,13/abr/26 5:02 PM
Subtarefa,FRONT-174,97855,Studio - Padronizar exibição de limite de caracteres,97821,FRONT-158,Ajustes pós pente fino: SECUNDÁRIOS,Concluído,,19/mar/26 11:14 AM,Thiago Vilasboas,609e78d197f3d40070deda34,Sprint 36,Sprint 37,Sprint 38,,,,,,13/abr/26 5:02 PM
Subtarefa,FRONT-175,97857,"Studio - Incluir status ""Pendente"" no filtro de status da listagem de templates",97821,FRONT-158,Ajustes pós pente fino: SECUNDÁRIOS,Concluído,,19/mar/26 11:36 AM,Thiago Vilasboas,609e78d197f3d40070deda34,Sprint 36,Sprint 37,Sprint 38,,,,,,13/abr/26 5:04 PM
Subtarefa,FRONT-179,97896,"Studio - Bloquear edição de templates com status ""Pendente""",97821,FRONT-158,Ajustes pós pente fino: SECUNDÁRIOS,Concluído,,19/mar/26 11:56 AM,Thiago Vilasboas,609e78d197f3d40070deda34,Sprint 36,Sprint 37,Sprint 38,,,,,,13/abr/26 5:06 PM
Subtarefa,FRONT-181,97900,Studio - Padronizar o modal Excluir,97821,FRONT-158,Ajustes pós pente fino: SECUNDÁRIOS,Concluído,,23/mar/26 2:42 PM,Thiago Vilasboas,609e78d197f3d40070deda34,Sprint 36,Sprint 37,Sprint 38,,,,,,13/abr/26 5:08 PM
Subtarefa,FRONT-182,97902,Studio - Ajustar nomenclatura ao duplicar templates para evitar nomes duplicados,97821,FRONT-158,Ajustes pós pente fino: SECUNDÁRIOS,Concluído,,23/mar/26 2:49 PM,Thiago Vilasboas,609e78d197f3d40070deda34,Sprint 36,Sprint 37,Sprint 38,,,,,,13/abr/26 5:08 PM
Subtarefa,FRONT-183,97904,Studio - Corrigir ordenação de colunas na visualização em tabela,97821,FRONT-158,Ajustes pós pente fino: SECUNDÁRIOS,Concluído,,23/mar/26 4:38 PM,Thiago Vilasboas,609e78d197f3d40070deda34,Sprint 36,Sprint 37,Sprint 38,,,,,,13/abr/26 5:09 PM
Subtarefa,FRONT-184,97906,Studio - Padronizar exibição de erro no modal de criação de templates,97821,FRONT-158,Ajustes pós pente fino: SECUNDÁRIOS,Concluído,,25/mar/26 9:45 AM,Thiago Vilasboas,609e78d197f3d40070deda34,Sprint 36,Sprint 37,Sprint 38,,,,,,13/abr/26 5:11 PM
Subtarefa,FRONT-185,97908,Studio - Desabilitar o botão ao clicar várias vezes,97821,FRONT-158,Ajustes pós pente fino: SECUNDÁRIOS,Concluído,,25/mar/26 10:22 AM,Thiago Vilasboas,609e78d197f3d40070deda34,Sprint 36,Sprint 37,Sprint 38,,,,,,13/abr/26 5:13 PM
Subtarefa,FRONT-186,97910,Studio - Retirar o botão voltar,97821,FRONT-158,Ajustes pós pente fino: SECUNDÁRIOS,Concluído,,25/mar/26 10:35 AM,Thiago Vilasboas,609e78d197f3d40070deda34,Sprint 36,Sprint 37,Sprint 38,,,,,,13/abr/26 5:14 PM
Subtarefa,FRONT-193,97924,Visão de clientes - Ajustar ordenação,97821,FRONT-158,Ajustes pós pente fino: SECUNDÁRIOS,Concluído,,27/mar/26 4:07 PM,isabela.beatriz,712020:7fecd2d1-ffb2-4d42-b4b1-5af8e5f4ee5f,Sprint 36,Sprint 37,Sprint 38,,,,,,13/abr/26 5:15 PM
Subtarefa,FRONT-60,94011,Bug: Divergência de métricas entre telas da plataforma,97821,FRONT-158,Ajustes pós pente fino: SECUNDÁRIOS,Concluído,,13/abr/26 5:18 PM,Bruno Cruz Silva,712020:42adaa16-4a23-47db-bae7-528b19b7f35a,Sprint 36,Sprint 37,Sprint 38,,,,,,13/abr/26 5:17 PM
História,FRONT-158,97821,Ajustes pós pente fino: SECUNDÁRIOS,97180,FRONT-125,2.0 Geral,Concluído,,13/abr/26 5:18 PM,isabela.beatriz,712020:7fecd2d1-ffb2-4d42-b4b1-5af8e5f4ee5f,Sprint 36,Sprint 37,Sprint 38,,,,,,13/abr/26 5:18 PM
Subtarefa,FRONT-288,100214,Ajustes no componente de preview,100198,FRONT-280,Ajustes segmentador,Concluído,,13/abr/26 5:46 PM,Renato Novaes,60a4007747ba02006f2460fd,Sprint 37,Sprint 38,Sprint 39,Sprint 40,Sprint 41,,,,13/abr/26 5:46 PM
Subtarefa,FRONT-306,100421,Botão “Processar” não executa ação,100198,FRONT-280,Ajustes segmentador,Concluído,,13/abr/26 5:46 PM,,,Sprint 37,Sprint 38,Sprint 39,Sprint 40,Sprint 41,,,,13/abr/26 5:46 PM
Problema,FRONT-312,100519,[SMB] APPROVE | Desvincular crédito de conta WhatsApp antiga,97179,FRONT-124,Sys-Ops | SMB CARDS OPERACIONAIS,Concluído,13/abr/26 12:00 AM,14/abr/26 9:25 AM,Gustavo Bium Donadon,712020:783b53ab-197a-4286-9246-158f752f3aa2,Sprint 37,Sprint 38,,,,,,,14/abr/26 9:25 AM
Subtarefa,FRONT-304,100417,Ajuste do critério de Engajamento conforme protótipo whatsapp e e-mail,100198,FRONT-280,Ajustes segmentador,Concluído,13/abr/26 12:00 AM,14/abr/26 9:29 AM,Renato Novaes,60a4007747ba02006f2460fd,Sprint 37,Sprint 38,Sprint 39,Sprint 40,Sprint 41,,,,14/abr/26 9:29 AM
Subtarefa,FRONT-284,100206,Ajustar tamanho do texto Construtor de Segmentador,100198,FRONT-280,Ajustes segmentador,Concluído,13/abr/26 12:00 AM,14/abr/26 9:30 AM,Renato Novaes,60a4007747ba02006f2460fd,Sprint 37,Sprint 38,Sprint 39,Sprint 40,Sprint 41,,,,14/abr/26 9:30 AM
Subtarefa,FRONT-287,100212,Ajuste de cor e posicionamento dos botões de Grupo de Inclusão e Grupo de Exclusão,100198,FRONT-280,Ajustes segmentador,Concluído,13/abr/26 12:00 AM,14/abr/26 9:32 AM,Renato Novaes,60a4007747ba02006f2460fd,Sprint 37,Sprint 38,Sprint 39,Sprint 40,Sprint 41,,,,14/abr/26 9:33 AM
Subtarefa,FRONT-293,100225,Correção na exibição e seleção de audiências pré-definidas,100198,FRONT-280,Ajustes segmentador,Concluído,13/abr/26 12:00 AM,14/abr/26 9:36 AM,Renato Novaes,60a4007747ba02006f2460fd,Sprint 37,Sprint 38,Sprint 39,Sprint 40,Sprint 41,,,,14/abr/26 9:36 AM
Problema,POS-3867,101016,UGG | Cadastro de cupons de vendedores | Document.hub,73272,POS-221,Sys-Ops | Cards Operacionais,Concluído,,14/abr/26 9:37 AM,Pedro Dib,5bc4ae2aa1a6a72f4761a152,Sprint 38,,,,,,,,14/abr/26 9:37 AM
Subtarefa,FRONT-294,100227,Ajustes visuais nos elementos de inclusão e remoção de segmentos,100198,FRONT-280,Ajustes segmentador,Concluído,13/abr/26 12:00 AM,14/abr/26 9:38 AM,Renato Novaes,60a4007747ba02006f2460fd,Sprint 37,Sprint 38,Sprint 39,Sprint 40,Sprint 41,,,,14/abr/26 9:38 AM
História,FRONT-239,98573,Wake U + Octa desk,98988,FRONT-250,Wake U,Concluído,,,Bárbara Auguste Fernandes Meirelles,712020:8f547731-dc4d-407c-a6b5-bea39b910335,Sprint 37,Sprint 38,,,,,,,14/abr/26 10:10 AM
Problema,FRONT-374,101406,[teste][SMB] Bagy - 148517 Leandro Trott Email de teste de marketing não recebido,97179,FRONT-124,Sys-Ops | SMB CARDS OPERACIONAIS,Concluído,13/abr/26 12:00 AM,14/abr/26 10:25 AM,Anderson Silva,624c8d33ed4d6b007016e305,Sprint 38,,,,,,,,14/abr/26 10:25 AM
Problema,FRONT-346,100869,[teste][SMB] Bagy - 153043 Use DBox| Atendimento - Estratégias Comerciais - Os e-mails de validação da campanha não estão chegando mais,97179,FRONT-124,Sys-Ops | SMB CARDS OPERACIONAIS,Concluído,09/abr/26 12:00 AM,14/abr/26 10:29 AM,Anderson Silva,624c8d33ed4d6b007016e305,Sprint 38,,,,,,,,14/abr/26 10:29 AM
Problema,FRONT-353,101029,[teste][SMB] Bagy - 180488 Contact|Problema no envio de teste e-mail marketing,97179,FRONT-124,Sys-Ops | SMB CARDS OPERACIONAIS,Concluído,09/abr/26 12:00 AM,14/abr/26 10:30 AM,Anderson Silva,624c8d33ed4d6b007016e305,Sprint 38,,,,,,,,14/abr/26 10:30 AM
Problema,POS-3850,100516,[Oriba] Dados do documentHub não retornam campo,73272,POS-221,Sys-Ops | Cards Operacionais,Concluído,,14/abr/26 10:32 AM,Pedro Dib,5bc4ae2aa1a6a72f4761a152,Sprint 37,Sprint 38,,,,,,,14/abr/26 10:33 AM
Problema,FRONT-222,98153,[teste] [SMB] 104756 - ORALJET| E-mail teste não enviado no e-mail marketing,97179,FRONT-124,Sys-Ops | SMB CARDS OPERACIONAIS,Concluído,16/mar/26 12:00 AM,14/abr/26 11:21 AM,Bruno Cruz Silva,712020:42adaa16-4a23-47db-bae7-528b19b7f35a,Sprint 36,Sprint 37,Sprint 38,,,,,,14/abr/26 11:21 AM
Problema,FRONT-228,98293,[teste] [smb] 1220252 - Picolini Materiais Elétricos| Teste de campanhas de e-mail,97179,FRONT-124,Sys-Ops | SMB CARDS OPERACIONAIS,Concluído,17/mar/26 12:00 AM,14/abr/26 11:24 AM,Anderson Silva,624c8d33ed4d6b007016e305,Sprint 36,Sprint 37,Sprint 38,,,,,,14/abr/26 11:24 AM
Problema,FRONT-234,98432,[teste] [SMB] BAGY - 109177 - ColorFull Acessórios| E-mail teste não funciona,97179,FRONT-124,Sys-Ops | SMB CARDS OPERACIONAIS,Concluído,19/mar/26 12:00 AM,14/abr/26 11:24 AM,Anderson Silva,624c8d33ed4d6b007016e305,Sprint 36,Sprint 37,Sprint 38,,,,,,14/abr/26 11:24 AM
Problema,FRONT-240,98710,[SMB] 1249996 - Mônica Kappaun Cosméticos Inteligentes | MK Dermocosméticos| Newsletter não enviada e teste falhou,97179,FRONT-124,Sys-Ops | SMB CARDS OPERACIONAIS,Concluído,20/mar/26 12:00 AM,14/abr/26 11:36 AM,Anderson Silva,624c8d33ed4d6b007016e305,Sprint 36,Sprint 37,Sprint 38,,,,,,14/abr/26 11:36 AM
Problema,FRONT-242,98713,[teste] [Smb] 1435274 - Victoria Ferrarini Joias| Problema de disparo em campanha automática,97179,FRONT-124,Sys-Ops | SMB CARDS OPERACIONAIS,Concluído,20/mar/26 12:00 AM,14/abr/26 11:36 AM,Anderson Silva,624c8d33ed4d6b007016e305,Sprint 36,Sprint 37,Sprint 38,,,,,,14/abr/26 11:36 AM
Problema,FRONT-246,98885,[teste] [SMB] 1391538 - Celmat Produtos Hospitalares| E-mail teste não é enviado na criação de campanhas,97179,FRONT-124,Sys-Ops | SMB CARDS OPERACIONAIS,Concluído,23/mar/26 12:00 AM,14/abr/26 11:37 AM,Anderson Silva,624c8d33ed4d6b007016e305,Sprint 36,Sprint 37,Sprint 38,,,,,,14/abr/26 11:37 AM
Problema,FRONT-257,99378,[teste][SMB] BAGY 140208 - Violeta Loja| Email marketing - Falha no disparo de emails de teste,97179,FRONT-124,Sys-Ops | SMB CARDS OPERACIONAIS,Concluído,26/mar/26 12:00 AM,14/abr/26 11:39 AM,Anderson Silva,624c8d33ed4d6b007016e305,Sprint 37,Sprint 38,,,,,,,14/abr/26 11:39 AM
Subtarefa,FRONT-385,101555,Botão de processar e de salvar desabilitados em (Base inteira),100198,FRONT-280,Ajustes segmentador,Concluído,,14/abr/26 2:10 PM,Renato Novaes,60a4007747ba02006f2460fd,Sprint 37,Sprint 38,Sprint 39,Sprint 40,Sprint 41,,,,14/abr/26 2:10 PM
Tarefa,POS-3900,101486,Erro 400 - Segmentador,101388,POS-3886,2.0 Segmentador,Concluído,14/abr/26 12:00 AM,14/abr/26 2:17 PM,Juliana Diniz,5bc4b12849bd18289a64f6a1,Sprint 38,,,,,,,,14/abr/26 2:17 PM
Subtarefa,FRONT-384,101521,ajuste no formato de data do resultado,101105,FRONT-358,Levantamento de relatórios Tray,Concluído,,14/abr/26 2:20 PM,Gustavo Bium Donadon,712020:783b53ab-197a-4286-9246-158f752f3aa2,Sprint 38,Sprint 39,,,,,,,14/abr/26 2:20 PM
Problema,FRONT-393,101574,[SMB] 756 Casa das Cordas RS | E-mail teste de campanha não recebido,97179,FRONT-124,Sys-Ops | SMB CARDS OPERACIONAIS,Concluído,14/abr/26 12:00 AM,14/abr/26 5:09 PM,Anderson Silva,624c8d33ed4d6b007016e305,Sprint 38,,,,,,,,14/abr/26 5:09 PM
Subtarefa,FRONT-392,101573,Levantar todas as lojas que receberão descontos no mês de Maio,101105,FRONT-358,Levantamento de relatórios Tray,Concluído,14/abr/26 12:00 AM,15/abr/26 9:07 AM,Gustavo Bium Donadon,712020:783b53ab-197a-4286-9246-158f752f3aa2,Sprint 38,Sprint 39,,,,,,,15/abr/26 9:07 AM
Subtarefa,FRONT-399,101626,Levantar quanto valor total ainda temos a estornar,101105,FRONT-358,Levantamento de relatórios Tray,Concluído,15/abr/26 12:00 AM,15/abr/26 10:00 AM,Gustavo Bium Donadon,712020:783b53ab-197a-4286-9246-158f752f3aa2,Sprint 38,Sprint 39,,,,,,,15/abr/26 10:00 AM
Subtarefa,FRONT-400,101628,estimativa de até quando ainda teremos estornos acontecendo,101105,FRONT-358,Levantamento de relatórios Tray,Concluído,15/abr/26 12:00 AM,15/abr/26 10:00 AM,Gustavo Bium Donadon,712020:783b53ab-197a-4286-9246-158f752f3aa2,Sprint 38,Sprint 39,,,,,,,15/abr/26 10:00 AM
Tarefa,POS-3836,100404,Criação do Service de Consolidação de Navegação Mensal,97007,POS-3696,2.0 BTG ,Concluído,15/abr/26 12:00 AM,15/abr/26 11:09 AM,Ricardo Barretto,5bc4ae2d49bd18289a64f694,Sprint 38,,,,,,,,15/abr/26 11:09 AM
Subtarefa,POS-3883,101310,Criar nova rota para escrita de valores do atributo,101238,POS-3879,Consolidador e normalização de gêneros para o segmentador,Concluído,13/abr/26 12:00 AM,15/abr/26 4:36 PM,Juliana Diniz,5bc4b12849bd18289a64f6a1,Sprint 38,Sprint 39,Sprint 40,,,,,,15/abr/26 4:36 PM
Tarefa,POS-3788,99195,Criar endpoints novos na API de Recomendação,97007,POS-3696,2.0 BTG ,Concluído,,15/abr/26 5:36 PM,Ricardo Barretto,5bc4ae2d49bd18289a64f694,Sprint 37,Sprint 38,,,,,,,15/abr/26 5:36 PM
Tarefa,POS-3903,101557,Listagem do segmentador não trás o total de clientes,101388,POS-3886,2.0 Segmentador,Concluído,,15/abr/26 5:46 PM,Juliana Diniz,5bc4b12849bd18289a64f6a1,Sprint 38,,,,,,,,15/abr/26 5:46 PM
Problema,FRONT-417,101763,[SMB] 1307214 - Drica Arantes| Problema no disparo de e-mail teste E-mail Marketing,97179,FRONT-124,Sys-Ops | SMB CARDS OPERACIONAIS,Concluído,15/abr/26 12:00 AM,16/abr/26 9:38 AM,Anderson Silva,624c8d33ed4d6b007016e305,Sprint 38,,,,,,,,16/abr/26 9:39 AM
Solicitação de serviço,POS-3884,101311,Verificação do número ativo para Whatsapp | 14417 - Unidasul,73272,POS-221,Sys-Ops | Cards Operacionais,Concluído,14/abr/26 12:00 AM,16/abr/26 9:39 AM,Pedro Dib,5bc4ae2aa1a6a72f4761a152,Sprint 38,,,,,,,,16/abr/26 9:39 AM
Solicitação de serviço,POS-3901,101487,Disponibilidade da função AppPush | Unidasul -14417,73272,POS-221,Sys-Ops | Cards Operacionais,Concluído,15/abr/26 12:00 AM,16/abr/26 9:40 AM,Pedro Dib,5bc4ae2aa1a6a72f4761a152,Sprint 38,,,,,,,,16/abr/26 9:40 AM
Problema,FRONT-423,101771,[SMB] 1271041 - Lanci Madeira Plástica| Problema no disparo de e-mail teste E-mail Marketing,97179,FRONT-124,Sys-Ops | SMB CARDS OPERACIONAIS,Concluído,15/abr/26 12:00 AM,16/abr/26 9:41 AM,Anderson Silva,624c8d33ed4d6b007016e305,Sprint 38,,,,,,,,16/abr/26 9:41 AM
Subtarefa,FRONT-302,100413,Ajuste na estrutura de “Atributos de pessoas”,100198,FRONT-280,Ajustes segmentador,Concluído,,16/abr/26 9:58 AM,Renato Novaes,60a4007747ba02006f2460fd,Sprint 37,Sprint 38,Sprint 39,Sprint 40,Sprint 41,,,,16/abr/26 9:58 AM
Subtarefa,POS-3868,101018,alteração proxy segmenter na bff,100405,POS-3837,Provisionar ambiente de Prod do Segmentador,Concluído,15/abr/26 12:00 AM,16/abr/26 10:13 AM,Juliana Diniz,5bc4b12849bd18289a64f6a1,Sprint 38,Sprint 39,,,,,,,16/abr/26 10:13 AM
Subtarefa,POS-3864,100881,Alterar nome do projeto,100405,POS-3837,Provisionar ambiente de Prod do Segmentador,Concluído,,16/abr/26 10:13 AM,Juliana Diniz,5bc4b12849bd18289a64f6a1,Sprint 38,Sprint 39,,,,,,,16/abr/26 10:13 AM
Subtarefa,FRONT-118,96811,[QA] Nao foi possivel testar card de métricas de performance,87393,FRONT-8,FRONT: Trazer LP para dentro da nova plataforma,Concluído,,16/abr/26 10:15 AM,Bruno Cruz Silva,712020:42adaa16-4a23-47db-bae7-528b19b7f35a,Sprint 32,Sprint 33,Sprint 34,Sprint 35,Sprint 36,Sprint 37,Sprint 38,,16/abr/26 10:15 AM
Dúvida,POS-3890,101392,Dúvidas sobre integração | ConectCar - 8027,73272,POS-221,Sys-Ops | Cards Operacionais,Concluído,15/abr/26 12:00 AM,16/abr/26 10:27 AM,Pedro Dib,5bc4ae2aa1a6a72f4761a152,Sprint 38,,,,,,,,16/abr/26 10:27 AM
Tarefa,POS-3908,101620,Problema ao Buscar Visitas de LP's no ES de Prod,101389,POS-3887,2.0 Landing Page,Concluído,15/abr/26 12:00 AM,16/abr/26 10:28 AM,Pedro Dib,5bc4ae2aa1a6a72f4761a152,Sprint 38,,,,,,,,16/abr/26 10:28 AM
Solicitação de serviço,POS-3907,101582,Telhanorte ID 50805 | Vitrine inteligente + Imagens sem link,73272,POS-221,Sys-Ops | Cards Operacionais,Concluído,15/abr/26 12:00 AM,16/abr/26 10:28 AM,Juliana Diniz,5bc4b12849bd18289a64f6a1,Sprint 38,,,,,,,,16/abr/26 10:28 AM
Solicitação de serviço,POS-3902,101556,JCS - Oster ID 9214 | Disparos BTG - Regra de Reconquista,73272,POS-221,Sys-Ops | Cards Operacionais,Concluído,15/abr/26 12:00 AM,16/abr/26 10:33 AM,Ricardo Barretto,5bc4ae2d49bd18289a64f694,Sprint 38,,,,,,,,16/abr/26 10:33 AM
Problema,FRONT-378,101412,[SMB] 1307704 - The Jones Acessórios| Problema no disparo de campanha de e-mail,97179,FRONT-124,Sys-Ops | SMB CARDS OPERACIONAIS,Concluído,13/abr/26 12:00 AM,16/abr/26 11:43 AM,Anderson Silva,624c8d33ed4d6b007016e305,Sprint 38,,,,,,,,16/abr/26 11:43 AM
Subtarefa,FRONT-329,100641,UI/Layout Wizard,90266,FRONT-18,[FRONT] Integração GA4,Concluído,10/abr/26 12:00 AM,16/abr/26 5:02 PM,Wesley Ferreira,614091b449f7bd00689bcda2,Sprint 38,Sprint 39,Sprint 40,Sprint 41,,,,,16/abr/26 5:02 PM
Subtarefa,FRONT-330,100642,Integração OAuth,90266,FRONT-18,[FRONT] Integração GA4,Concluído,13/abr/26 12:00 AM,16/abr/26 5:02 PM,Wesley Ferreira,614091b449f7bd00689bcda2,Sprint 38,Sprint 39,Sprint 40,Sprint 41,,,,,16/abr/26 5:02 PM
Subtarefa,FRONT-331,100643,Dashboard de Gerenciamento,90266,FRONT-18,[FRONT] Integração GA4,Concluído,,16/abr/26 5:02 PM,Wesley Ferreira,614091b449f7bd00689bcda2,Sprint 38,Sprint 39,Sprint 40,Sprint 41,,,,,16/abr/26 5:02 PM
Subtarefa,FRONT-332,100644,Lógica de Persistência,90266,FRONT-18,[FRONT] Integração GA4,Concluído,,16/abr/26 5:02 PM,Wesley Ferreira,614091b449f7bd00689bcda2,Sprint 38,Sprint 39,Sprint 40,Sprint 41,,,,,16/abr/26 5:03 PM
Problema,FRONT-418,101766,[SMB] 1247864 - Reserva da Saúde | Teste de disparo de e-mail não funciona,97179,FRONT-124,Sys-Ops | SMB CARDS OPERACIONAIS,Concluído,16/abr/26 12:00 AM,16/abr/26 5:26 PM,Anderson Silva,624c8d33ed4d6b007016e305,Sprint 38,,,,,,,,16/abr/26 5:26 PM
Subtarefa,POS-3916,101779,Estruturar a schema do Evento,87877,POS-3205,7. [BACK] Permitir que qualquer campo criado através das LPs e On Site vire um atributo do cliente,Concluído,16/abr/26 12:00 AM,16/abr/26 9:53 PM,Sávio,5bbfb807412ef82f09606a29,Sprint 36,Sprint 37,Sprint 38,Sprint 39,,,,,16/abr/26 9:53 PM
Dúvida,POS-3912,101768,Disponibilizar relatório de SMS | Instituto Quadrix - 3720,73272,POS-221,Sys-Ops | Cards Operacionais,Concluído,16/abr/26 12:00 AM,17/abr/26 11:51 AM,Pedro Dib,5bc4ae2aa1a6a72f4761a152,Sprint 38,,,,,,,,17/abr/26 11:51 AM
Problema,FRONT-424,101776,[SMB] 878550 - CLINIFLEX| E-mail Marketing | Campanhas Pontuais não dispara,97179,FRONT-124,Sys-Ops | SMB CARDS OPERACIONAIS,Concluído,17/abr/26 12:00 AM,22/abr/26 9:59 AM,Anderson Silva,624c8d33ed4d6b007016e305,Sprint 38,,,,,,,,22/abr/26 9:59 AM
Problema,FRONT-373,101405,[SMB] Bagy 184140 matevida| Erro no envio de campanha com cupom no WhatsApp,97179,FRONT-124,Sys-Ops | SMB CARDS OPERACIONAIS,Concluído,17/abr/26 12:00 AM,22/abr/26 10:03 AM,Anderson Silva,624c8d33ed4d6b007016e305,Sprint 38,,,,,,,,22/abr/26 10:03 AM
Problema,FRONT-352,101023,[SMB] Bagy 151592- Lessah| Erro E-mail Marketing,97179,FRONT-124,Sys-Ops | SMB CARDS OPERACIONAIS,Concluído,14/abr/26 12:00 AM,22/abr/26 10:20 AM,Anderson Silva,624c8d33ed4d6b007016e305,Sprint 38,,,,,,,,22/abr/26 10:20 AM
Solicitação de serviço,POS-3920,101818,Troca de nome na conta Ecad Rabusch | ,73272,POS-221,Sys-Ops | Cards Operacionais,Concluído,,22/abr/26 10:33 AM,Pedro Dib,5bc4ae2aa1a6a72f4761a152,Sprint 38,,,,,,,,22/abr/26 10:33 AM
Solicitação de serviço,POS-3933,102016,Sumirê | Alteração nome no front do painel ,73272,POS-221,Sys-Ops | Cards Operacionais,Concluído,17/abr/26 12:00 AM,22/abr/26 10:33 AM,Pedro Dib,5bc4ae2aa1a6a72f4761a152,Sprint 38,,,,,,,,22/abr/26 10:33 AM
Problema,FRONT-243,98814,[SMB] 425479 - Vinícola Helios - Loja segue com problemas na entegabilidade dos envios,97179,FRONT-124,Sys-Ops | SMB CARDS OPERACIONAIS,Concluído,23/mar/26 12:00 AM,22/abr/26 10:44 AM,Anderson Silva,624c8d33ed4d6b007016e305,Sprint 36,Sprint 37,Sprint 38,,,,,,22/abr/26 10:44 AM
Tarefa,POS-3834,100402,Criação da Regra de Decididos,97007,POS-3696,2.0 BTG ,Concluído,15/abr/26 12:00 AM,22/abr/26 10:52 AM,Ricardo Barretto,5bc4ae2d49bd18289a64f694,Sprint 38,,,,,,,,22/abr/26 10:52 AM
Problema,FRONT-137,97424,[SMB] 1116077 - Agrobombas| Erro ao acessar link de carrinho abandonado,97179,FRONT-124,Sys-Ops | SMB CARDS OPERACIONAIS,Concluído,10/mar/26 12:00 AM,22/abr/26 10:54 AM,Anderson Silva,624c8d33ed4d6b007016e305,Sprint 35,Sprint 36,Sprint 37,Sprint 38,,,,,22/abr/26 10:54 AM
Problema,FRONT-379,101413,[SMB] 1360550 - e-Store Cosmétics| Email teste não enviando a validação da campanha e não salvando,97179,FRONT-124,Sys-Ops | SMB CARDS OPERACIONAIS,Concluído,14/abr/26 12:00 AM,22/abr/26 10:56 AM,Anderson Silva,624c8d33ed4d6b007016e305,Sprint 38,,,,,,,,22/abr/26 10:57 AM
Problema,FRONT-381,101415,[SMB] 1131074 Arauto jeans| Campanha Carrinho Abandonado com baixo numero de envios,97179,FRONT-124,Sys-Ops | SMB CARDS OPERACIONAIS,Concluído,15/abr/26 12:00 AM,22/abr/26 5:09 PM,Anderson Silva,624c8d33ed4d6b007016e305,Sprint 38,Sprint 39,,,,,,,22/abr/26 5:10 PM
Problema,FRONT-357,101104,[SMB] 700308 Centro do Café Carmo de Minas| E-mail marketing,97179,FRONT-124,Sys-Ops | SMB CARDS OPERACIONAIS,Concluído,13/abr/26 12:00 AM,22/abr/26 5:21 PM,Anderson Silva,624c8d33ed4d6b007016e305,Sprint 38,Sprint 39,,,,,,,22/abr/26 5:21 PM
Subtarefa,POS-3917,101781,Colocar o Schema na API de Ingestão de Eventos,87877,POS-3205,7. [BACK] Permitir que qualquer campo criado através das LPs e On Site vire um atributo do cliente,Concluído,17/abr/26 12:00 AM,23/abr/26 10:19 AM,Sávio,5bbfb807412ef82f09606a29,Sprint 36,Sprint 37,Sprint 38,Sprint 39,,,,,23/abr/26 10:20 AM
Tarefa,POS-3816,99854,Criação de GTM para Plataforma EXP,98987,POS-3782,Melhorias plataforma 1.0,Concluído,22/abr/26 12:00 AM,23/abr/26 12:16 PM,Pedro Dib,5bc4ae2aa1a6a72f4761a152,Sprint 37,Sprint 38,,,,,,,23/abr/26 12:16 PM
Problema,FRONT-350,101019,[SMB] 1408658 - Tudo Sorvetes | A Maior Loja de Produtos p/ Sorveteria do BR| Campanha não disparada para toda Base de clientes [E-mail marketing],97179,FRONT-124,Sys-Ops | SMB CARDS OPERACIONAIS,Concluído,13/abr/26 12:00 AM,13/abr/26 6:20 PM,Anderson Silva,624c8d33ed4d6b007016e305,Sprint 38,Sprint 39,,,,,,,23/abr/26 4:08 PM
Subtarefa,POS-3970,102437,Planejamento e definição de contrato,100401,POS-3833,Criação da Regra de Pós Compra,Concluído,23/abr/26 12:00 AM,23/abr/26 5:09 PM,Ricardo Barretto,5bc4ae2d49bd18289a64f694,Sprint 38,Sprint 39,,,,,,,23/abr/26 5:09 PM
Problema,FRONT-375,101407,[SMB]BAGY - 148961 Anlive Bhawan | Erro no link do site no Whatsapp Marketing,97179,FRONT-124,Sys-Ops | SMB CARDS OPERACIONAIS,Concluído,23/abr/26 12:00 AM,23/abr/26 5:40 PM,Anderson Silva,624c8d33ed4d6b007016e305,Sprint 38,Sprint 39,,,,,,,23/abr/26 5:40 PM
Problema,FRONT-380,101414,[SMB] 1241189 Donna Cosméticos e Presentes Ltda| Trava no carregamento de relatório dinâmico,97179,FRONT-124,Sys-Ops | SMB CARDS OPERACIONAIS,Concluído,23/abr/26 12:00 AM,23/abr/26 5:43 PM,Anderson Silva,624c8d33ed4d6b007016e305,Sprint 38,Sprint 39,,,,,,,23/abr/26 5:43 PM
Problema,FRONT-354,101030,[SMB] Bagy - 147124 Maroot's | Erro de Permissão no WhatsApp Marketing – Maroot's,97179,FRONT-124,Sys-Ops | SMB CARDS OPERACIONAIS,Concluído,16/abr/26 12:00 AM,23/abr/26 5:46 PM,Anderson Silva,624c8d33ed4d6b007016e305,Sprint 38,Sprint 39,,,,,,,23/abr/26 5:46 PM
Solicitação de serviço,POS-3972,102472,Sumirê 50840 | Troca de nome Admin ,73272,POS-221,Sys-Ops | Cards Operacionais,Concluído,,23/abr/26 7:26 PM,Pedro Dib,5bc4ae2aa1a6a72f4761a152,Sprint 38,Sprint 39,,,,,,,23/abr/26 7:26 PM
Problema,FRONT-457,102210,[SMB] Tray falha na requisição para API da Tray via NiFi,97179,FRONT-124,Sys-Ops | SMB CARDS OPERACIONAIS,Concluído,,24/abr/26 7:54 AM,Gustavo Bium Donadon,712020:783b53ab-197a-4286-9246-158f752f3aa2,Sprint 38,Sprint 39,,,,,,,24/abr/26 7:54 AM
Subtarefa,POS-3978,102676,Testar todas as regras automáticas,102261,POS-3937,Segmentador -  Ajustes pós validação ,Concluído,24/abr/26 12:00 AM,24/abr/26 11:39 AM,Juliana Diniz,5bc4b12849bd18289a64f6a1,Sprint 38,Sprint 39,,,,,,,24/abr/26 11:39 AM
Dúvida,POS-3941,102302,Produto não aparece no banco | Quadrante Editora,73272,POS-221,Sys-Ops | Cards Operacionais,Concluído,22/abr/26 12:00 AM,24/abr/26 2:00 PM,Ricardo Barretto,5bc4ae2d49bd18289a64f694,Sprint 38,Sprint 39,,,,,,,24/abr/26 2:00 PM
Problema,POS-3976,102542,Kalunga | Envios desconhecidos,73272,POS-221,Sys-Ops | Cards Operacionais,Concluído,23/abr/26 12:00 AM,24/abr/26 2:00 PM,Pedro Dib,5bc4ae2aa1a6a72f4761a152,Sprint 39,,,,,,,,24/abr/26 2:00 PM
Subtarefa,FRONT-490,102711,Implementar o service de busca e substituir a lógica de mock pelo consumo do endpoint de busca com filtro DEFAULT,99783,FRONT-268,"FRONT: Disponibilizar templates de LP como “Modelos Prontos”, incluir pré-visualização e renomear templates",Concluído,24/abr/26 12:00 AM,24/abr/26 2:08 PM,Thiago Vilasboas,609e78d197f3d40070deda34,Sprint 38,Sprint 39,Sprint 40,Sprint 41,,,,,24/abr/26 2:08 PM
Subtarefa,FRONT-459,102245,Ajustar cor do cemponente Estático ,102243,FRONT-458,Segmentador - Ajustes pós validação,Concluído,22/abr/26 12:00 AM,24/abr/26 4:19 PM,Renato Novaes,60a4007747ba02006f2460fd,Sprint 38,Sprint 39,Sprint 40,,,,,,24/abr/26 4:19 PM
Subtarefa,FRONT-472,102350,Implementar novos VMTBs contemplando a recomendação de aquecimento do time de entregabilidade,92602,FRONT-9,Problemas de entregabilidade,Concluído,22/abr/26 12:00 AM,24/abr/26 4:25 PM,Gustavo Bium Donadon,712020:783b53ab-197a-4286-9246-158f752f3aa2,Sprint 34,Sprint 35,Sprint 36,Sprint 37,Sprint 38,Sprint 39,,,24/abr/26 4:25 PM
Subtarefa,FRONT-471,102348,Enriquecer métricas diárias: Total de clientes bounceds no dia e optouts,92602,FRONT-9,Problemas de entregabilidade,Concluído,22/abr/26 12:00 AM,24/abr/26 4:25 PM,Gustavo Bium Donadon,712020:783b53ab-197a-4286-9246-158f752f3aa2,Sprint 34,Sprint 35,Sprint 36,Sprint 37,Sprint 38,Sprint 39,,,24/abr/26 4:25 PM
Subtarefa,FRONT-491,102713, Atualizar o componente de Card de Template para suportar a exibição da Thumbnail e o novo mapeamento de nomes,99783,FRONT-268,"FRONT: Disponibilizar templates de LP como “Modelos Prontos”, incluir pré-visualização e renomear templates",Concluído,24/abr/26 12:00 AM,27/abr/26 7:36 AM,Thiago Vilasboas,609e78d197f3d40070deda34,Sprint 38,Sprint 39,Sprint 40,Sprint 41,,,,,27/abr/26 7:36 AM
Subtarefa,POS-3962,102391,Ao salvar como estático não apresentou dados,102261,POS-3937,Segmentador -  Ajustes pós validação ,Concluído,24/abr/26 12:00 AM,27/abr/26 9:38 AM,Juliana Diniz,5bc4b12849bd18289a64f6a1,Sprint 38,Sprint 39,,,,,,,27/abr/26 9:38 AM
Tarefa,POS-3937,102261,Segmentador -  Ajustes pós validação ,101388,POS-3886,2.0 Segmentador,Concluído,,27/abr/26 9:38 AM,Juliana Diniz,5bc4b12849bd18289a64f6a1,Sprint 38,Sprint 39,,,,,,,27/abr/26 9:38 AM
Tarefa,POS-3979,102716,Problema ao Selecionar regras de Segmentação,73272,POS-221,Sys-Ops | Cards Operacionais,Concluído,24/abr/26 12:00 AM,27/abr/26 9:45 AM,Juliana Diniz,5bc4b12849bd18289a64f6a1,Sprint 39,,,,,,,,27/abr/26 9:46 AM
Subtarefa,POS-3856,100726,Criação do database e collections,100405,POS-3837,Provisionar ambiente de Prod do Segmentador,Concluído,15/abr/26 12:00 AM,27/abr/26 9:47 AM,Juliana Diniz,5bc4b12849bd18289a64f6a1,Sprint 38,Sprint 39,,,,,,,27/abr/26 9:47 AM
Subtarefa,POS-3858,100730,Deploy wake-cdp-api,100405,POS-3837,Provisionar ambiente de Prod do Segmentador,Concluído,15/abr/26 12:00 AM,27/abr/26 9:47 AM,Juliana Diniz,5bc4b12849bd18289a64f6a1,Sprint 38,Sprint 39,,,,,,,27/abr/26 9:47 AM
Subtarefa,POS-3971,102439,Desenvolvimento da consolidação no Nabuco,100401,POS-3833,Criação da Regra de Pós Compra,Concluído,23/abr/26 12:00 AM,27/abr/26 9:54 AM,Ricardo Barretto,5bc4ae2d49bd18289a64f694,Sprint 38,Sprint 39,,,,,,,27/abr/26 9:55 AM
Tarefa,POS-3833,100401,Criação da Regra de Pós Compra,97007,POS-3696,2.0 BTG ,Concluído,22/abr/26 12:00 AM,27/abr/26 9:54 AM,Ricardo Barretto,5bc4ae2d49bd18289a64f694,Sprint 38,Sprint 39,,,,,,,27/abr/26 9:55 AM
Problema,FRONT-453,102110,[SMB] 1360550 - e-Store Cosmétics| Dispara da campanha e-mail marketing,97179,FRONT-124,Sys-Ops | SMB CARDS OPERACIONAIS,Concluído,24/abr/26 12:00 AM,27/abr/26 9:55 AM,Anderson Silva,624c8d33ed4d6b007016e305,Sprint 38,Sprint 39,,,,,,,27/abr/26 9:56 AM
Problema,FRONT-455,102144,[SMB] 1130955 - Infinito Joias e Acessórios| Sincronização Contatos API para E-mail Marketing,97179,FRONT-124,Sys-Ops | SMB CARDS OPERACIONAIS,Concluído,27/abr/26 12:00 AM,27/abr/26 9:57 AM,Anderson Silva,624c8d33ed4d6b007016e305,Sprint 38,Sprint 39,,,,,,,27/abr/26 9:58 AM
Problema,FRONT-427,101866,[SMB] 1125246 - Click Chique| Disparo de Email Mkt,97179,FRONT-124,Sys-Ops | SMB CARDS OPERACIONAIS,Concluído,23/abr/26 12:00 AM,27/abr/26 10:01 AM,Anderson Silva,624c8d33ed4d6b007016e305,Sprint 38,Sprint 39,,,,,,,27/abr/26 10:01 AM
Subtarefa,FRONT-492,102715,Refatorar o container do preview para garantir o ajuste de escala automático em relação ao menu lateral,99783,FRONT-268,"FRONT: Disponibilizar templates de LP como “Modelos Prontos”, incluir pré-visualização e renomear templates",Concluído,27/abr/26 12:00 AM,27/abr/26 10:01 AM,Thiago Vilasboas,609e78d197f3d40070deda34,Sprint 38,Sprint 39,Sprint 40,Sprint 41,,,,,27/abr/26 10:01 AM
Subtarefa,FRONT-460,102247,Avaliar título e sub título ,102243,FRONT-458,Segmentador - Ajustes pós validação,Concluído,,27/abr/26 10:19 AM,Renato Novaes,60a4007747ba02006f2460fd,Sprint 38,Sprint 39,Sprint 40,,,,,,27/abr/26 10:19 AM
Subtarefa,FRONT-461,102249,Busca por espaço não funcionou,102243,FRONT-458,Segmentador - Ajustes pós validação,Concluído,22/abr/26 12:00 AM,27/abr/26 10:21 AM,Renato Novaes,60a4007747ba02006f2460fd,Sprint 38,Sprint 39,Sprint 40,,,,,,27/abr/26 10:21 AM
Subtarefa,FRONT-463,102254,Ajustar padding do container na tela de Segmentação,102243,FRONT-458,Segmentador - Ajustes pós validação,Concluído,,27/abr/26 10:21 AM,Renato Novaes,60a4007747ba02006f2460fd,Sprint 38,Sprint 39,Sprint 40,,,,,,27/abr/26 10:21 AM
Subtarefa,FRONT-462,102252,Ajustar espaçamento,102243,FRONT-458,Segmentador - Ajustes pós validação,Concluído,,27/abr/26 10:23 AM,Renato Novaes,60a4007747ba02006f2460fd,Sprint 38,Sprint 39,Sprint 40,,,,,,27/abr/26 10:23 AM
Subtarefa,FRONT-464,102256,Diminuir o tamanho da mensagem botão processar ,102243,FRONT-458,Segmentador - Ajustes pós validação,Concluído,,27/abr/26 10:24 AM,Renato Novaes,60a4007747ba02006f2460fd,Sprint 38,Sprint 39,Sprint 40,,,,,,27/abr/26 10:24 AM
Subtarefa,FRONT-489,102393,A ação de duplicar não funcionou ,102243,FRONT-458,Segmentador - Ajustes pós validação,Concluído,,27/abr/26 10:25 AM,Renato Novaes,60a4007747ba02006f2460fd,Sprint 38,Sprint 39,Sprint 40,,,,,,27/abr/26 10:25 AM
Subtarefa,FRONT-465,102258,Diminuir texto de alteração de filtros,102243,FRONT-458,Segmentador - Ajustes pós validação,Concluído,,27/abr/26 10:27 AM,Renato Novaes,60a4007747ba02006f2460fd,Sprint 38,Sprint 39,Sprint 40,,,,,,27/abr/26 10:27 AM
Subtarefa,FRONT-476,102389,Ajuste de Copywriting (Cards de Seleção),102243,FRONT-458,Segmentador - Ajustes pós validação,Concluído,,27/abr/26 10:29 AM,Renato Novaes,60a4007747ba02006f2460fd,Sprint 38,Sprint 39,Sprint 40,,,,,,27/abr/26 10:29 AM
Subtarefa,FRONT-466,102260,"Diminuir texto da mensagem ""Nenhum cliente encontrado""",102243,FRONT-458,Segmentador - Ajustes pós validação,Concluído,,27/abr/26 10:30 AM,Renato Novaes,60a4007747ba02006f2460fd,Sprint 38,Sprint 39,Sprint 40,,,,,,27/abr/26 10:30 AM
Subtarefa,FRONT-467,102267,Avaliar possibilidade da animação entre as regras,102243,FRONT-458,Segmentador - Ajustes pós validação,Concluído,,27/abr/26 10:32 AM,Renato Novaes,60a4007747ba02006f2460fd,Sprint 38,Sprint 39,Sprint 40,,,,,,27/abr/26 10:32 AM
Subtarefa,FRONT-468,102336,Avaliar tirar swagger proxy,102243,FRONT-458,Segmentador - Ajustes pós validação,Concluído,,27/abr/26 10:32 AM,Renato Novaes,60a4007747ba02006f2460fd,Sprint 38,Sprint 39,Sprint 40,,,,,,27/abr/26 10:33 AM
Subtarefa,FRONT-470,102346,Full Height para a Lista de Critérios de Segmentação,102243,FRONT-458,Segmentador - Ajustes pós validação,Concluído,22/abr/26 12:00 AM,27/abr/26 10:34 AM,Renato Novaes,60a4007747ba02006f2460fd,Sprint 38,Sprint 39,Sprint 40,,,,,,27/abr/26 10:34 AM
Subtarefa,FRONT-473,102352,Ajustar valor da compra,102243,FRONT-458,Segmentador - Ajustes pós validação,Concluído,,27/abr/26 10:35 AM,Renato Novaes,60a4007747ba02006f2460fd,Sprint 38,Sprint 39,Sprint 40,,,,,,27/abr/26 10:35 AM
Subtarefa,FRONT-482,102369,está entre o min é maior que o max,102243,FRONT-458,Segmentador - Ajustes pós validação,Concluído,,27/abr/26 1:29 PM,Renato Novaes,60a4007747ba02006f2460fd,Sprint 38,Sprint 39,Sprint 40,,,,,,27/abr/26 1:29 PM
Subtarefa,FRONT-483,102375,Aniversário - impedir que aceite número negativo ,102243,FRONT-458,Segmentador - Ajustes pós validação,Concluído,,27/abr/26 1:31 PM,Renato Novaes,60a4007747ba02006f2460fd,Sprint 38,Sprint 39,Sprint 40,,,,,,27/abr/26 1:31 PM
Subtarefa,FRONT-488,102377,Aniversário -  período personalizado colocar um exemplo que o campo de input se trata de dias,102243,FRONT-458,Segmentador - Ajustes pós validação,Concluído,,27/abr/26 1:33 PM,Renato Novaes,60a4007747ba02006f2460fd,Sprint 38,Sprint 39,Sprint 40,,,,,,27/abr/26 1:33 PM
Subtarefa,FRONT-484,102379,Aniversário - colocar validação no intervalo de datas,102243,FRONT-458,Segmentador - Ajustes pós validação,Concluído,,27/abr/26 1:36 PM,Renato Novaes,60a4007747ba02006f2460fd,Sprint 38,Sprint 39,Sprint 40,,,,,,27/abr/26 1:36 PM
Subtarefa,FRONT-475,102383,Aniversário - mês específico quebrou,102243,FRONT-458,Segmentador - Ajustes pós validação,Concluído,,27/abr/26 1:37 PM,Renato Novaes,60a4007747ba02006f2460fd,Sprint 38,Sprint 39,Sprint 40,,,,,,27/abr/26 1:37 PM
Subtarefa,FRONT-485,102387,Engajamento - trazer todas as campanhas,102243,FRONT-458,Segmentador - Ajustes pós validação,Concluído,,27/abr/26 1:38 PM,Renato Novaes,60a4007747ba02006f2460fd,Sprint 38,Sprint 39,Sprint 40,,,,,,27/abr/26 1:38 PM
Subtarefa,FRONT-477,102399,Colocar limite nos campos de input de valor,102243,FRONT-458,Segmentador - Ajustes pós validação,Concluído,23/abr/26 12:00 AM,27/abr/26 1:39 PM,Renato Novaes,60a4007747ba02006f2460fd,Sprint 38,Sprint 39,Sprint 40,,,,,,27/abr/26 1:39 PM
Subtarefa,FRONT-478,102363,Avaliar a opção de não declarado (Gênero),102243,FRONT-458,Segmentador - Ajustes pós validação,Concluído,,27/abr/26 2:03 PM,,,Sprint 38,Sprint 39,Sprint 40,,,,,,27/abr/26 2:03 PM
Problema,FRONT-428,101900,[SMB] 712153 - VINHO SABOR E SAÚDE | Problema no envio de e-mail teste marketing,97179,FRONT-124,Sys-Ops | SMB CARDS OPERACIONAIS,Concluído,24/abr/26 12:00 AM,27/abr/26 4:21 PM,Anderson Silva,624c8d33ed4d6b007016e305,Sprint 38,Sprint 39,,,,,,,27/abr/26 4:21 PM
Problema,FRONT-437,101981,[SMB] BAGY  2256 - Loucos por carne| Problema no envio de e-mails para contatos inativos,97179,FRONT-124,Sys-Ops | SMB CARDS OPERACIONAIS,Concluído,24/abr/26 12:00 AM,27/abr/26 4:25 PM,Anderson Silva,624c8d33ed4d6b007016e305,Sprint 38,Sprint 39,,,,,,,27/abr/26 4:25 PM
Subtarefa,POS-3857,100728,Alterar url da api flows nifi,100405,POS-3837,Provisionar ambiente de Prod do Segmentador,Concluído,27/abr/26 12:00 AM,27/abr/26 4:26 PM,Juliana Diniz,5bc4b12849bd18289a64f6a1,Sprint 38,Sprint 39,,,,,,,27/abr/26 4:26 PM
Problema,FRONT-425,101777,[SMB] BAGY 147124 - Maroot’s Moda Praia| WhatsApp Marketing  – Rastreamento de envios e desempenho de campanha - ID 147124,97179,FRONT-124,Sys-Ops | SMB CARDS OPERACIONAIS,Concluído,23/abr/26 12:00 AM,27/abr/26 4:27 PM,Anderson Silva,624c8d33ed4d6b007016e305,Sprint 38,Sprint 39,,,,,,,27/abr/26 4:27 PM
Tarefa,POS-3837,100405,Provisionar ambiente de Prod do Segmentador,97007,POS-3696,2.0 BTG ,Concluído,,27/abr/26 4:28 PM,Juliana Diniz,5bc4b12849bd18289a64f6a1,Sprint 38,Sprint 39,,,,,,,27/abr/26 4:28 PM
Problema,FRONT-387,101567,[SMB] 738186 - INNDAX| Chat Problema com integração WhatsApp no e-mail marketing,97179,FRONT-124,Sys-Ops | SMB CARDS OPERACIONAIS,Concluído,23/abr/26 12:00 AM,27/abr/26 4:33 PM,Anderson Silva,624c8d33ed4d6b007016e305,Sprint 38,Sprint 39,,,,,,,27/abr/26 4:33 PM
Problema,FRONT-218,98107,[SMB] Bagy - 161310 - Progne | Erro no envio de campanha de e-mail marketing,97179,FRONT-124,Sys-Ops | SMB CARDS OPERACIONAIS,Concluído,09/abr/26 12:00 AM,10/abr/26 10:08 AM,Anderson Silva,624c8d33ed4d6b007016e305,Sprint 36,Sprint 38,Sprint 39,,,,,,27/abr/26 4:44 PM
Subtarefa,FRONT-495,102793,Integração com endpoint onsite/template-landing-page/search,99783,FRONT-268,"FRONT: Disponibilizar templates de LP como “Modelos Prontos”, incluir pré-visualização e renomear templates",Concluído,27/abr/26 12:00 AM,27/abr/26 4:48 PM,Thiago Vilasboas,609e78d197f3d40070deda34,Sprint 38,Sprint 39,Sprint 40,Sprint 41,,,,,27/abr/26 4:48 PM
Dúvida,POS-3981,102719,Comportamento Carrinho Abandonado | Telhanorte,73272,POS-221,Sys-Ops | Cards Operacionais,Concluído,27/abr/26 12:00 AM,28/abr/26 10:32 AM,Ricardo Barretto,5bc4ae2d49bd18289a64f694,Sprint 39,,,,,,,,28/abr/26 10:32 AM
Subtarefa,POS-3918,101783,Ajustar o Consolidador para fazer o update dos campos no Profile,87877,POS-3205,7. [BACK] Permitir que qualquer campo criado através das LPs e On Site vire um atributo do cliente,Concluído,23/abr/26 12:00 AM,28/abr/26 10:34 AM,Sávio,5bbfb807412ef82f09606a29,Sprint 36,Sprint 37,Sprint 38,Sprint 39,,,,,28/abr/26 10:34 AM
Tarefa,FRONT-487,102642,[SMB] Rotação de chaves para AWS dos projetos de API e NiFi,97180,FRONT-125,2.0 Geral,Concluído,,,Gustavo Bium Donadon,712020:783b53ab-197a-4286-9246-158f752f3aa2,Sprint 39,,,,,,,,28/abr/26 1:29 PM
Subtarefa,FRONT-497,102997,Criar filas de notificação de respostas SES,92602,FRONT-9,Problemas de entregabilidade,Concluído,,28/abr/26 2:45 PM,Gustavo Bium Donadon,712020:783b53ab-197a-4286-9246-158f752f3aa2,Sprint 34,Sprint 35,Sprint 36,Sprint 37,Sprint 38,Sprint 39,,,28/abr/26 2:45 PM
Subtarefa,FRONT-347,100915,Adicionar SES nos disparos de teste,92602,FRONT-9,Problemas de entregabilidade,Concluído,,28/abr/26 2:45 PM,Gustavo Bium Donadon,712020:783b53ab-197a-4286-9246-158f752f3aa2,Sprint 34,Sprint 35,Sprint 36,Sprint 37,Sprint 38,Sprint 39,,,28/abr/26 2:45 PM
Subtarefa,POS-3989,103066,Mapeamento das Integrações da Genesis,102826,POS-3983,Adequação do sistema Gênesis para suporte a CNPJ alfanumérico,Concluído,28/abr/26 12:00 AM,28/abr/26 2:52 PM,Pedro Dib,5bc4ae2aa1a6a72f4761a152,Sprint 39,Sprint 40,,,,,,,28/abr/26 2:52 PM
Tarefa,POS-3838,100406,Segmentação de Decididos,97007,POS-3696,2.0 BTG ,Concluído,28/abr/26 12:00 AM,28/abr/26 4:18 PM,Juliana Diniz,5bc4b12849bd18289a64f6a1,Sprint 38,Sprint 39,,,,,,,28/abr/26 4:18 PM
Tarefa,POS-3839,100407,Segmentação de Pos Compra,97007,POS-3696,2.0 BTG ,Concluído,28/abr/26 12:00 AM,28/abr/26 5:13 PM,Juliana Diniz,5bc4b12849bd18289a64f6a1,Sprint 38,Sprint 39,,,,,,,28/abr/26 5:13 PM
Solicitação de serviço,POS-3988,103064,Sumirê  | Liberação WhatsApp,73272,POS-221,Sys-Ops | Cards Operacionais,Concluído,,28/abr/26 5:57 PM,Pedro Dib,5bc4ae2aa1a6a72f4761a152,Sprint 39,,,,,,,,28/abr/26 5:57 PM
Subtarefa,POS-3992,103234,Verificação e possível adequação da API da Genesis,102826,POS-3983,Adequação do sistema Gênesis para suporte a CNPJ alfanumérico,Concluído,28/abr/26 12:00 AM,14/mai/26 10:33 AM,Pedro Dib,5bc4ae2aa1a6a72f4761a152,Sprint 39,Sprint 40,,,,,,,29/abr/26 9:55 AM
Solicitação de serviço,POS-3986,102995,Dealer - edifier2,73272,POS-221,Sys-Ops | Cards Operacionais,Concluído,28/abr/26 12:00 AM,29/abr/26 10:32 AM,Pedro Dib,5bc4ae2aa1a6a72f4761a152,Sprint 39,,,,,,,,29/abr/26 10:32 AM
Problema,POS-3984,102959,Tupan | Regra de Cadastro Completo não dispara,73272,POS-221,Sys-Ops | Cards Operacionais,Concluído,27/abr/26 12:00 AM,29/abr/26 10:32 AM,Sávio,5bbfb807412ef82f09606a29,Sprint 39,,,,,,,,29/abr/26 10:32 AM
Subtarefa,FRONT-503,103414,Adicionar o disparo de teste do SES no Commerce 2.0,92602,FRONT-9,Problemas de entregabilidade,Concluído,,29/abr/26 10:32 AM,,,Sprint 34,Sprint 35,Sprint 36,Sprint 37,Sprint 38,Sprint 39,,,29/abr/26 10:32 AM
Tarefa,POS-3921,101821,Consolidação dos Dados de Indecisos,97007,POS-3696,2.0 BTG ,Concluído,27/abr/26 12:00 AM,29/abr/26 6:21 PM,Ricardo Barretto,5bc4ae2d49bd18289a64f694,Sprint 39,,,,,,,,29/abr/26 6:21 PM
Solicitação de serviço,POS-3996,103340,Sou Dobro 50829 | Liberação WhatsApp,73272,POS-221,Sys-Ops | Cards Operacionais,Concluído,29/abr/26 12:00 AM,29/abr/26 7:11 PM,Pedro Dib,5bc4ae2aa1a6a72f4761a152,Sprint 39,,,,,,,,29/abr/26 7:12 PM
Problema,POS-3990,103067,Balaroti  | Problemas Automatizador e Workflow,73272,POS-221,Sys-Ops | Cards Operacionais,Concluído,28/abr/26 12:00 AM,29/abr/26 7:14 PM,Sávio,5bbfb807412ef82f09606a29,Sprint 39,,,,,,,,29/abr/26 7:14 PM
Subtarefa,POS-3994,103238,Verificação e possível adequação ao Sistema CAS,102826,POS-3983,Adequação do sistema Gênesis para suporte a CNPJ alfanumérico,Concluído,,30/abr/26 9:42 AM,Pedro Dib,5bc4ae2aa1a6a72f4761a152,Sprint 39,Sprint 40,,,,,,,30/abr/26 9:42 AM
Subtarefa,FRONT-500,103101,Levantar dados de todos os estornos que serão aplicados até o final,101105,FRONT-358,Levantamento de relatórios Tray,Concluído,28/abr/26 12:00 AM,30/abr/26 9:50 AM,Gustavo Bium Donadon,712020:783b53ab-197a-4286-9246-158f752f3aa2,Sprint 38,Sprint 39,,,,,,,30/abr/26 9:50 AM
Problema,FRONT-481,102509,[SMB] 1044039 - Brasvino| E-mail teste de validação não é recebido,97179,FRONT-124,Sys-Ops | SMB CARDS OPERACIONAIS,Concluído,24/abr/26 12:00 AM,27/abr/26 9:52 AM,Danila Lucena,62a72fb5bf7afc006f3a9075,Sprint 39,,,,,,,,30/abr/26 11:39 AM
Problema,FRONT-386,101558,[SMB] 462274 - Grupo Emar| Plugin não exibe na loja - E-mail marketing,97179,FRONT-124,Sys-Ops | SMB CARDS OPERACIONAIS,Concluído,29/abr/26 12:00 AM,30/abr/26 1:26 PM,Danila Lucena,62a72fb5bf7afc006f3a9075,Sprint 38,Sprint 39,,,,,,,30/abr/26 1:26 PM
Solicitação de serviço,FRONT-307,100456,[SMB] Bagy - 140208  Violeta Loja| solicitação de estorno e periodo de teste devido ao problema de entregabilidade,97179,FRONT-124,Sys-Ops | SMB CARDS OPERACIONAIS,Concluído,13/abr/26 12:00 AM,,Danila Lucena,62a72fb5bf7afc006f3a9075,Sprint 37,Sprint 38,Sprint 39,,,,,,30/abr/26 1:48 PM
Tarefa,POS-4004,103494,Segmentador - Alteração da rota de duplicação,101388,POS-3886,2.0 Segmentador,Concluído,,30/abr/26 1:50 PM,Juliana Diniz,5bc4b12849bd18289a64f6a1,Sprint 39,,,,,,,,30/abr/26 1:50 PM
Problema,FRONT-480,102508,[SMB] 1292175 - UNIBES BAZAR| Teste de e-mail marketing não recebido,97179,FRONT-124,Sys-Ops | SMB CARDS OPERACIONAIS,Concluído,29/abr/26 12:00 AM,30/abr/26 1:51 PM,Anderson Silva,624c8d33ed4d6b007016e305,Sprint 38,Sprint 39,,,,,,,30/abr/26 1:51 PM
Problema,POS-4007,103499,Telhanorte | Filtro de Exclusão Microsoft Sem Eficácia,73272,POS-221,Sys-Ops | Cards Operacionais,Concluído,30/abr/26 12:00 AM,30/abr/26 2:42 PM,Juliana Diniz,5bc4b12849bd18289a64f6a1,Sprint 39,,,,,,,,30/abr/26 2:42 PM
Solicitação de serviço,FRONT-358,101105,Levantamento de relatórios Tray,97182,FRONT-127,"SMB - Parceiros (Tray, Bagy, King, Bling, Locaweb)",Concluído,27/abr/26 12:00 AM,,Gustavo Bium Donadon,712020:783b53ab-197a-4286-9246-158f752f3aa2,Sprint 38,Sprint 39,,,,,,,30/abr/26 3:08 PM
Subtarefa,POS-3882,101308,Integrar o consolidador de gêneros ao segmentador,101238,POS-3879,Consolidador e normalização de gêneros para o segmentador,Concluído,27/abr/26 12:00 AM,30/abr/26 4:42 PM,Pedro Dib,5bc4ae2aa1a6a72f4761a152,Sprint 38,Sprint 39,Sprint 40,,,,,,30/abr/26 4:42 PM
Subtarefa,POS-3881,101306,Implementar função de normalização de gêneros,101238,POS-3879,Consolidador e normalização de gêneros para o segmentador,Concluído,23/abr/26 12:00 AM,30/abr/26 4:42 PM,Pedro Dib,5bc4ae2aa1a6a72f4761a152,Sprint 38,Sprint 39,Sprint 40,,,,,,30/abr/26 4:42 PM
Subtarefa,FRONT-395,101577,UI/Layout,101575,FRONT-394,Inclusão de “Segmentos Salvos” como Audiência em Envios Pontuais,Concluído,,04/mai/26 9:43 AM,Wesley Ferreira,614091b449f7bd00689bcda2,Sprint 39,Sprint 40,Sprint 41,,,,,,04/mai/26 9:43 AM
Subtarefa,FRONT-396,101579,Lógica/Estado,101575,FRONT-394,Inclusão de “Segmentos Salvos” como Audiência em Envios Pontuais,Concluído,,04/mai/26 9:43 AM,Wesley Ferreira,614091b449f7bd00689bcda2,Sprint 39,Sprint 40,Sprint 41,,,,,,04/mai/26 9:43 AM
Subtarefa,FRONT-397,101581,Integração,101575,FRONT-394,Inclusão de “Segmentos Salvos” como Audiência em Envios Pontuais,Concluído,,04/mai/26 9:43 AM,Wesley Ferreira,614091b449f7bd00689bcda2,Sprint 39,Sprint 40,Sprint 41,,,,,,04/mai/26 9:43 AM
Problema,FRONT-377,101411,[teste][SMB] 854009 - Gaby Congelados|E-mail teste e da campanha não disparados [E-mail Marketing],97179,FRONT-124,Sys-Ops | SMB CARDS OPERACIONAIS,Concluído,13/abr/26 12:00 AM,14/abr/26 10:29 AM,Anderson Silva,624c8d33ed4d6b007016e305,Sprint 38,Sprint 39,,,,,,,04/mai/26 10:04 AM
Tarefa,POS-4011,103619,[SMB] 585455 - Atelier Prince| Problema na entrega de e-mails marketing para lista criada,,,,CANCELADO,,04/mai/26 10:36 AM,,,Sprint 39,,,,,,,,04/mai/26 10:36 AM
Tarefa,POS-3922,101822,Consolidação dos Dados de Inativos,97007,POS-3696,2.0 BTG ,Concluído,29/abr/26 12:00 AM,04/mai/26 2:40 PM,Sávio,5bbfb807412ef82f09606a29,Sprint 39,,,,,,,,04/mai/26 2:40 PM
Problema,FRONT-235,98470,[smb] Bagy - 161310 Progne Sports| Erro no disparo de e-mails,97179,FRONT-124,Sys-Ops | SMB CARDS OPERACIONAIS,Concluído,19/mar/26 12:00 AM,04/mai/26 6:19 PM,Anderson Silva,624c8d33ed4d6b007016e305,Sprint 36,Sprint 37,Sprint 38,Sprint 39,,,,,04/mai/26 6:19 PM
Tarefa,POS-3923,101823,Consolidação dos Dados de Reconquista,97007,POS-3696,2.0 BTG ,Concluído,30/abr/26 12:00 AM,04/mai/26 6:37 PM,Ricardo Barretto,5bc4ae2d49bd18289a64f694,Sprint 39,,,,,,,,04/mai/26 6:37 PM
Problema,FRONT-529,103801,[SMB] Bagy - 1314 Organique| Erro ao subir planilha no e-mail marketing,97179,FRONT-124,Sys-Ops | SMB CARDS OPERACIONAIS,Concluído,05/mai/26 12:00 AM,06/mai/26 9:49 AM,Anderson Silva,624c8d33ed4d6b007016e305,Sprint 39,,,,,,,,06/mai/26 9:49 AM
Problema,POS-3998,103448,LP BEAUTY | Integração APP PUSH ,73272,POS-221,Sys-Ops | Cards Operacionais,Concluído,,06/mai/26 10:38 AM,Pedro Dib,5bc4ae2aa1a6a72f4761a152,Sprint 39,,,,,,,,06/mai/26 10:38 AM
Solicitação de serviço,POS-4014,103696,Valisere | Comportamento Abandono de Carrinho Após a Compra,73272,POS-221,Sys-Ops | Cards Operacionais,Concluído,04/mai/26 12:00 AM,06/mai/26 10:39 AM,Ricardo Barretto,5bc4ae2d49bd18289a64f694,Sprint 39,,,,,,,,06/mai/26 10:39 AM
Problema,POS-3997,103447,Balaroti | E-mail da regra de indecisos chegando quebrado ,73272,POS-221,Sys-Ops | Cards Operacionais,Concluído,29/abr/26 12:00 AM,06/mai/26 10:40 AM,Ricardo Barretto,5bc4ae2d49bd18289a64f694,Sprint 39,,,,,,,,06/mai/26 10:40 AM
Subtarefa,POS-4025,103940,Deploy rotas criadas na bff para hackaton,103938,POS-4023,Deploy segmentador,Concluído,06/mai/26 12:00 AM,06/mai/26 1:37 PM,Juliana Diniz,5bc4b12849bd18289a64f6a1,Sprint 39,,,,,,,,06/mai/26 1:37 PM
Subtarefa,FRONT-326,100638,Lógica/Mapeamento,98068,FRONT-215,Visão única do cliente: Origem do lead,Concluído,,06/mai/26 2:19 PM,Renato Novaes,60a4007747ba02006f2460fd,Sprint 38,Sprint 39,Sprint 40,Sprint 41,,,,,06/mai/26 2:19 PM
Subtarefa,FRONT-327,100639,UI/Layout,98068,FRONT-215,Visão única do cliente: Origem do lead,Concluído,,06/mai/26 2:19 PM,Renato Novaes,60a4007747ba02006f2460fd,Sprint 38,Sprint 39,Sprint 40,Sprint 41,,,,,06/mai/26 2:19 PM
Subtarefa,FRONT-328,100640,Formatação/Robustez,98068,FRONT-215,Visão única do cliente: Origem do lead,Concluído,,06/mai/26 2:19 PM,Renato Novaes,60a4007747ba02006f2460fd,Sprint 38,Sprint 39,Sprint 40,Sprint 41,,,,,06/mai/26 2:19 PM
Subtarefa,POS-4024,103939,Deploy nifi em produção,103938,POS-4023,Deploy segmentador,Concluído,06/mai/26 12:00 AM,07/mai/26 7:31 AM,Juliana Diniz,5bc4b12849bd18289a64f6a1,Sprint 39,,,,,,,,07/mai/26 7:31 AM
Tarefa,POS-4023,103938,Deploy segmentador,101388,POS-3886,2.0 Segmentador,Concluído,06/mai/26 12:00 AM,07/mai/26 7:31 AM,Juliana Diniz,5bc4b12849bd18289a64f6a1,Sprint 39,,,,,,,,07/mai/26 7:31 AM
Solicitação de serviço,POS-4015,103699,Lightbox não aparece | Gran Coffee - 15325,73272,POS-221,Sys-Ops | Cards Operacionais,Concluído,05/mai/26 12:00 AM,07/mai/26 8:59 AM,Ricardo Barretto,5bc4ae2d49bd18289a64f694,Sprint 39,,,,,,,,07/mai/26 8:59 AM
Problema,FRONT-499,102993,Erro no Onsite | Telha Norte,97253,FRONT-132,Sys-Ops | CARDS OPERACIONAIS ,Concluído,28/abr/26 12:00 AM,07/mai/26 9:56 AM,Anderson Silva,624c8d33ed4d6b007016e305,Sprint 39,,,,,,,,07/mai/26 9:57 AM
Problema,FRONT-520,103617,[SMB] 988268 - ZAVAREZE BEAUTY| E--Teste de e-mail marketing não chega ao e-mail,97179,FRONT-124,Sys-Ops | SMB CARDS OPERACIONAIS,Concluído,07/mai/26 12:00 AM,07/mai/26 10:09 AM,Anderson Silva,624c8d33ed4d6b007016e305,Sprint 39,,,,,,,,07/mai/26 10:09 AM
Problema,FRONT-502,103307,[SMB] 1170446 - STRAPPA| email marketing não está sendo enviado ou entregue,97179,FRONT-124,Sys-Ops | SMB CARDS OPERACIONAIS,Concluído,05/mai/26 12:00 AM,07/mai/26 10:11 AM,Anderson Silva,624c8d33ed4d6b007016e305,Sprint 39,,,,,,,,07/mai/26 10:11 AM
Problema,FRONT-494,102789,[SMB] 1413462 - LiLo Redutores| Alteração de plano e-mail marketing,97179,FRONT-124,Sys-Ops | SMB CARDS OPERACIONAIS,Concluído,05/mai/26 12:00 AM,07/mai/26 10:12 AM,Anderson Silva,624c8d33ed4d6b007016e305,Sprint 39,,,,,,,,07/mai/26 10:12 AM
Problema,FRONT-507,103487,[SMB] 712153 - VINHO SABOR E SAÚDE| Upgrade de pacote não libera o uso e pede novo contrato,97179,FRONT-124,Sys-Ops | SMB CARDS OPERACIONAIS,Concluído,06/mai/26 12:00 AM,07/mai/26 10:15 AM,Anderson Silva,624c8d33ed4d6b007016e305,Sprint 39,,,,,,,,07/mai/26 10:16 AM
Problema,POS-3968,102400,Envio de Push fora da Segmentação | Moovpay,73272,POS-221,Sys-Ops | Cards Operacionais,Concluído,,07/mai/26 10:37 AM,Pedro Dib,5bc4ae2aa1a6a72f4761a152,Sprint 38,Sprint 39,,,,,,,07/mai/26 10:37 AM
História,FRONT-9,92602,Problemas de entregabilidade,97254,FRONT-133,Entregabilidade,Concluído,09/abr/26 12:00 AM,,Thiago Vilasboas,609e78d197f3d40070deda34,Sprint 34,Sprint 35,Sprint 36,Sprint 37,Sprint 38,Sprint 39,,,07/mai/26 10:41 AM
Tarefa,POS-3927,101829,Segmentador: critérios de origem (Landing Page e On-site) com janela de tempo,101388,POS-3886,2.0 Segmentador,Concluído,29/abr/26 12:00 AM,07/mai/26 2:23 PM,Juliana Diniz,5bc4b12849bd18289a64f6a1,Sprint 39,,,,,,,,07/mai/26 2:23 PM
Dúvida,POS-4027,103957,Cia Maritima | Segmentação Omni Zerada,73272,POS-221,Sys-Ops | Cards Operacionais,Concluído,,07/mai/26 4:13 PM,Juliana Diniz,5bc4b12849bd18289a64f6a1,Sprint 39,,,,,,,,07/mai/26 4:13 PM
Tarefa,POS-3260,89164, [BACK] Permitir que qualquer campo através do SDK vire um atributo do cliente,101391,POS-3889,2.0 Dados e Relatórios,CANCELADO,,07/mai/26 6:01 PM,,,Sprint 40,,,,,,,,07/mai/26 6:01 PM
Problema,FRONT-501,103134,Telhanorte | Instalação Worker ,97253,FRONT-132,Sys-Ops | CARDS OPERACIONAIS ,Concluído,06/mai/26 12:00 AM,,Anderson Silva,624c8d33ed4d6b007016e305,Sprint 39,Sprint 40,,,,,,,08/mai/26 2:27 PM
Solicitação de serviço,FRONT-454,102143,[SMB] Delivery direto - Açavílle Delivery| vinculção manual,97179,FRONT-124,Sys-Ops | SMB CARDS OPERACIONAIS,Concluído,23/abr/26 12:00 AM,08/mai/26 2:32 PM,Anderson Silva,624c8d33ed4d6b007016e305,Sprint 38,Sprint 39,Sprint 40,,,,,,08/mai/26 2:32 PM
Problema,FRONT-498,102998,[SMB] 812168 - Puriflora| Dúvida sobre edição de e-mail marketing programado,97179,FRONT-124,Sys-Ops | SMB CARDS OPERACIONAIS,Concluído,07/mai/26 12:00 AM,08/mai/26 4:49 PM,Anderson Silva,624c8d33ed4d6b007016e305,Sprint 39,Sprint 40,,,,,,,08/mai/26 4:49 PM
Problema,FRONT-521,103618,[SMB] 1221015 - Fitoflora Produtos Naturais| Problema no envio de campanha para Gmail,97179,FRONT-124,Sys-Ops | SMB CARDS OPERACIONAIS,Concluído,07/mai/26 12:00 AM,08/mai/26 5:10 PM,Anderson Silva,624c8d33ed4d6b007016e305,Sprint 39,Sprint 40,,,,,,,08/mai/26 5:10 PM
Problema,FRONT-522,103620,[SMB] 585455 - Atelier Prince| Problema na entrega de e-mails marketing para lista criada,97179,FRONT-124,Sys-Ops | SMB CARDS OPERACIONAIS,Concluído,07/mai/26 12:00 AM,08/mai/26 5:17 PM,Anderson Silva,624c8d33ed4d6b007016e305,Sprint 39,Sprint 40,,,,,,,08/mai/26 5:17 PM
Problema,FRONT-523,103621,[SMB] 769176 - Termotubos | Erro na atualização de dados na campanha [E-mail Marketing],97179,FRONT-124,Sys-Ops | SMB CARDS OPERACIONAIS,Concluído,07/mai/26 12:00 AM,08/mai/26 5:19 PM,,,Sprint 39,Sprint 40,,,,,,,08/mai/26 5:19 PM
Problema,FRONT-505,103483,[Smb] 1415025 - Prata best | exclusão de contatos dentro da base,97179,FRONT-124,Sys-Ops | SMB CARDS OPERACIONAIS,Concluído,08/mai/26 12:00 AM,08/mai/26 5:27 PM,Anderson Silva,624c8d33ed4d6b007016e305,Sprint 39,Sprint 40,,,,,,,08/mai/26 5:27 PM
Problema,FRONT-506,103485,[SMB] 1361236 - Bionew Produtos Naturais| Erro ao enviar campanha de e-mail marketing,97179,FRONT-124,Sys-Ops | SMB CARDS OPERACIONAIS,Concluído,08/mai/26 12:00 AM,08/mai/26 5:30 PM,Anderson Silva,624c8d33ed4d6b007016e305,Sprint 39,Sprint 40,,,,,,,08/mai/26 5:30 PM
Problema,FRONT-474,102355,[SMB] 1445065 - Lutita - Aviamentos e Armarinho| Problema na exibição de campanha de e-mail marketing,97179,FRONT-124,Sys-Ops | SMB CARDS OPERACIONAIS,Concluído,07/mai/26 12:00 AM,08/mai/26 5:35 PM,Anderson Silva,624c8d33ed4d6b007016e305,Sprint 39,Sprint 40,,,,,,,08/mai/26 5:35 PM
Problema,FRONT-456,102177,[SMB] 1463149 - Empresa Xyz | Problema ao realizar o setup da aplicação,97179,FRONT-124,Sys-Ops | SMB CARDS OPERACIONAIS,Concluído,,11/mai/26 8:41 AM,Gustavo Bium Donadon,712020:783b53ab-197a-4286-9246-158f752f3aa2,Sprint 38,Sprint 39,Sprint 40,,,,,,11/mai/26 8:41 AM
Problema,FRONT-530,103802,[SMB] Bagy - 122791 - Vinho Logue| Erro ao criar campanha no Bagy Campanhas,97179,FRONT-124,Sys-Ops | SMB CARDS OPERACIONAIS,Concluído,05/mai/26 12:00 AM,11/mai/26 8:44 AM,Anderson Silva,624c8d33ed4d6b007016e305,Sprint 39,Sprint 40,,,,,,,11/mai/26 8:44 AM
Subtarefa,POS-4048,104212,Separar as Réguas de navegação,104209,POS-4046,BTG -  Alterações nas reguas,Concluído,08/mai/26 12:00 AM,11/mai/26 9:47 AM,Juliana Diniz,5bc4b12849bd18289a64f6a1,Sprint 40,,,,,,,,11/mai/26 9:47 AM
Subtarefa,POS-4049,104214,Ajustar nomes e descrições das réguas,104209,POS-4046,BTG -  Alterações nas reguas,Concluído,08/mai/26 12:00 AM,11/mai/26 9:47 AM,Juliana Diniz,5bc4b12849bd18289a64f6a1,Sprint 40,,,,,,,,11/mai/26 9:47 AM
Tarefa,POS-4046,104209,BTG -  Alterações nas reguas,97007,POS-3696,2.0 BTG ,Concluído,08/mai/26 12:00 AM,11/mai/26 9:47 AM,Juliana Diniz,5bc4b12849bd18289a64f6a1,Sprint 40,,,,,,,,11/mai/26 9:47 AM
Subtarefa,FRONT-208,97955,Ajuste do agendamento de e-mail e whatsapp,98222,FRONT-225,Ajustes pós pente fino: TERCEÁRIOS,Concluído,29/abr/26 12:00 AM,11/mai/26 10:11 AM,Anderson Silva,624c8d33ed4d6b007016e305,Sprint 39,Sprint 40,Sprint 41,,,,,,11/mai/26 10:11 AM
Subtarefa,FRONT-196,97930,Campanhas automáticas - Impedir ativação de regras duplicadas ,98222,FRONT-225,Ajustes pós pente fino: TERCEÁRIOS,Concluído,05/mai/26 12:00 AM,11/mai/26 10:11 AM,Anderson Silva,624c8d33ed4d6b007016e305,Sprint 39,Sprint 40,Sprint 41,,,,,,11/mai/26 10:12 AM
Subtarefa,FRONT-192,97922,Gestão de listas - Ajuste de espaçamento do modal arquivar,98222,FRONT-225,Ajustes pós pente fino: TERCEÁRIOS,Concluído,08/mai/26 12:00 AM,11/mai/26 10:12 AM,Anderson Silva,624c8d33ed4d6b007016e305,Sprint 39,Sprint 40,Sprint 41,,,,,,11/mai/26 10:12 AM
Subtarefa,FRONT-190,97918,Gestão de Listas - Ajustar nome das listas,98222,FRONT-225,Ajustes pós pente fino: TERCEÁRIOS,Concluído,05/mai/26 12:00 AM,11/mai/26 10:12 AM,Anderson Silva,624c8d33ed4d6b007016e305,Sprint 39,Sprint 40,Sprint 41,,,,,,11/mai/26 10:12 AM
Dúvida,POS-4026,103956,Agrosolo | Recebimento de e-mail em branco,73272,POS-221,Sys-Ops | Cards Operacionais,Concluído,07/mai/26 12:00 AM,11/mai/26 11:50 AM,Gustavo Bium Donadon,712020:783b53ab-197a-4286-9246-158f752f3aa2,Sprint 39,Sprint 40,,,,,,,11/mai/26 11:50 AM
Problema,POS-4045,104208,Disparo de Abandono sem recomendação | Quadrante Editora - 15053,73272,POS-221,Sys-Ops | Cards Operacionais,Concluído,08/mai/26 12:00 AM,11/mai/26 11:52 AM,Ricardo Barretto,5bc4ae2d49bd18289a64f694,Sprint 40,,,,,,,,11/mai/26 11:52 AM
Problema,POS-4022,103892,Analise de envio tradicional | flag do btg,73272,POS-221,Sys-Ops | Cards Operacionais,Concluído,06/mai/26 12:00 AM,11/mai/26 1:12 PM,Ricardo Barretto,5bc4ae2d49bd18289a64f694,Sprint 39,Sprint 40,,,,,,,11/mai/26 1:12 PM
Tarefa,POS-3925,101825,Segmentação de Inativos,97007,POS-3696,2.0 BTG ,Concluído,11/mai/26 12:00 AM,11/mai/26 4:08 PM,Juliana Diniz,5bc4b12849bd18289a64f6a1,Sprint 40,,,,,,,,11/mai/26 4:08 PM
Tarefa,POS-3879,101238,Consolidador e normalização de gêneros para o segmentador,101388,POS-3886,2.0 Segmentador,Concluído,23/abr/26 12:00 AM,11/mai/26 4:46 PM,Ricardo Barretto,5bc4ae2d49bd18289a64f694,Sprint 38,Sprint 39,Sprint 40,,,,,,11/mai/26 4:46 PM
Tarefa,POS-3926,101826,Segmentação de Reconquista,97007,POS-3696,2.0 BTG ,Concluído,11/mai/26 12:00 AM,11/mai/26 5:01 PM,Juliana Diniz,5bc4b12849bd18289a64f6a1,Sprint 40,,,,,,,,11/mai/26 5:01 PM
Solicitação de serviço,POS-4043,104202,TUPAN | DISTAC - Liberação para o 'Padrão de UTMs',73272,POS-221,Sys-Ops | Cards Operacionais,Concluído,,12/mai/26 10:27 AM,Juliana Diniz,5bc4b12849bd18289a64f6a1,Sprint 40,,,,,,,,12/mai/26 10:27 AM
Tarefa,POS-4057,104422,"Deploy e validação da BFF Mailsender Panel, troca de chave AWS",,,,Concluído,11/mai/26 12:00 AM,12/mai/26 10:41 AM,Sávio,5bbfb807412ef82f09606a29,Sprint 40,,,,,,,,12/mai/26 10:41 AM
Problema,POS-4064,104500,Envio para Lista Unified não funciona | Quadrante Editora - 15053,73272,POS-221,Sys-Ops | Cards Operacionais,Concluído,,12/mai/26 12:18 PM,Danila Lucena,62a72fb5bf7afc006f3a9075,Sprint 40,,,,,,,,12/mai/26 12:18 PM
Problema,POS-4052,104252,Valemobi - Ajuste de porta no robô de Relatório Diário,73272,POS-221,Sys-Ops | Cards Operacionais,Concluído,08/mai/26 12:00 AM,12/mai/26 2:17 PM,Danila Lucena,62a72fb5bf7afc006f3a9075,Sprint 40,,,,,,,,12/mai/26 2:17 PM
Solicitação de serviço,POS-4053,104253,Liberação do Módulo de SMS | Antonio Bernardo - 13497,73272,POS-221,Sys-Ops | Cards Operacionais,Concluído,,12/mai/26 2:19 PM,Danila Lucena,62a72fb5bf7afc006f3a9075,Sprint 40,,,,,,,,12/mai/26 2:19 PM
Tarefa,POS-4040,104167,Disponibilizar na BFF dados de produtos e categorias para o BTG,97007,POS-3696,2.0 BTG ,Concluído,08/mai/26 12:00 AM,12/mai/26 5:07 PM,Ricardo Barretto,5bc4ae2d49bd18289a64f694,Sprint 40,,,,,,,,12/mai/26 5:07 PM
História,FRONT-426,101832,Ajuste de Texto: Mensagem de Erro de Template (Incompatibilidade),97182,FRONT-127,"SMB - Parceiros (Tray, Bagy, King, Bling, Locaweb)",Concluído,23/abr/26 12:00 AM,,isabela.beatriz,712020:7fecd2d1-ffb2-4d42-b4b1-5af8e5f4ee5f,Sprint 39,Sprint 40,,,,,,,13/mai/26 9:39 AM
Solicitação de serviço,POS-4038,104134,Dealer - dobro,73272,POS-221,Sys-Ops | Cards Operacionais,Concluído,08/mai/26 12:00 AM,13/mai/26 10:43 AM,Amanda,712020:2794e61a-e532-4815-8b39-e43f927a43fd,Sprint 39,Sprint 40,,,,,,,13/mai/26 10:43 AM
Solicitação de serviço,POS-4072,104770,Erro ao salvar filtro ,73272,POS-221,Sys-Ops | Cards Operacionais,Concluído,,13/mai/26 10:44 AM,Amanda,712020:2794e61a-e532-4815-8b39-e43f927a43fd,Sprint 40,,,,,,,,13/mai/26 10:44 AM
Solicitação de serviço,POS-4065,104665,Sumirê - Aumento limite WhatsApp ,73272,POS-221,Sys-Ops | Cards Operacionais,Concluído,12/mai/26 12:00 AM,13/mai/26 1:50 PM,Sávio,5bbfb807412ef82f09606a29,Sprint 40,,,,,,,,13/mai/26 1:50 PM
Problema,FRONT-527,103799,[SMB] 778672 - Casa Bueno| E-mail Marketing - Erro de importação e clientes,97179,FRONT-124,Sys-Ops | SMB CARDS OPERACIONAIS,Concluído,11/mai/26 12:00 AM,13/mai/26 4:03 PM,Anderson Silva,624c8d33ed4d6b007016e305,Sprint 39,Sprint 40,,,,,,,13/mai/26 4:03 PM
Problema,POS-4066,104667,Agrosolo | Abandono de Carrinho Não Recebido,73272,POS-221,Sys-Ops | Cards Operacionais,Concluído,13/mai/26 12:00 AM,13/mai/26 4:17 PM,Ricardo Barretto,5bc4ae2d49bd18289a64f694,Sprint 40,,,,,,,,13/mai/26 4:17 PM
Problema,POS-4068,104701,Exclusão de contatos inválidos/ Inativos da plataforma editoracec 15495,73272,POS-221,Sys-Ops | Cards Operacionais,Concluído,12/mai/26 12:00 AM,13/mai/26 4:18 PM,Danila Lucena,62a72fb5bf7afc006f3a9075,Sprint 40,,,,,,,,13/mai/26 4:18 PM
Subtarefa,FRONT-580,104206,Ajustar fluxo de campanhas para disparar via SES,104062,FRONT-573,Adicionar SES no fluxo de campanhas,Concluído,08/mai/26 12:00 AM,14/mai/26 8:49 AM,Gustavo Bium Donadon,712020:783b53ab-197a-4286-9246-158f752f3aa2,Sprint 40,Sprint 41,,,,,,,14/mai/26 8:49 AM
Subtarefa,FRONT-579,104204,Configurar novo domínio SES na AWS,104062,FRONT-573,Adicionar SES no fluxo de campanhas,Concluído,08/mai/26 12:00 AM,,Gustavo Bium Donadon,712020:783b53ab-197a-4286-9246-158f752f3aa2,Sprint 40,Sprint 41,,,,,,,14/mai/26 8:49 AM
História,FRONT-151,97683,BTG - Discovery para como usar templatize para recomendação de produtos do BTG,103697,FRONT-524,BTG - Templatize (BeeFree),Concluído,24/abr/26 12:00 AM,14/mai/26 10:09 AM,Bárbara Auguste Fernandes Meirelles,712020:8f547731-dc4d-407c-a6b5-bea39b910335,Sprint 37,Sprint 38,Sprint 39,Sprint 40,,,,,14/mai/26 10:09 AM
Problema,FRONT-638,105002,[SMB] 1311421 - Magia da Cor Esmalteria| Integração de WhatsApp | Nome : Pendente de revisão,97179,FRONT-124,Sys-Ops | SMB CARDS OPERACIONAIS,Concluído,13/mai/26 12:00 AM,14/mai/26 10:20 AM,Anderson Silva,624c8d33ed4d6b007016e305,Sprint 40,,,,,,,,14/mai/26 10:20 AM
Tarefa,POS-3983,102826,Adequação do sistema Gênesis para suporte a CNPJ alfanumérico,78885,POS-1629,Demandas Cross,Concluído,27/abr/26 12:00 AM,14/mai/26 10:33 AM,Bárbara Auguste Fernandes Meirelles,712020:8f547731-dc4d-407c-a6b5-bea39b910335,Sprint 39,Sprint 40,,,,,,,14/mai/26 10:33 AM
Dúvida,POS-4073,104840,Dobro | Nome no WhatsApp,73272,POS-221,Sys-Ops | Cards Operacionais,Concluído,14/mai/26 12:00 AM,14/mai/26 10:43 AM,Anderson Silva,624c8d33ed4d6b007016e305,Sprint 40,,,,,,,,14/mai/26 10:43 AM
Subtarefa,FRONT-588,104772,Remoção/Desvincular de whatsapp.,103489,FRONT-508,[SMB] 1435509 - HMulti | remoção numero de telefone da plataforma,Concluído,14/mai/26 12:00 AM,14/mai/26 3:07 PM,Sávio,5bbfb807412ef82f09606a29,Sprint 39,Sprint 40,,,,,,,14/mai/26 1:19 PM
Subtarefa,FRONT-589,104839,Devinculação de whatsapp,103481,FRONT-504,[SMB] Bagy 140651- Canavezes & Lima| Whatsapp Marketing - Mudança de número,Concluído,14/mai/26 12:00 AM,14/mai/26 1:20 PM,Sávio,5bbfb807412ef82f09606a29,Sprint 39,Sprint 40,,,,,,,14/mai/26 1:20 PM
Problema,FRONT-504,103481,[SMB] Bagy 140651- Canavezes & Lima| Whatsapp Marketing - Mudança de número,97179,FRONT-124,Sys-Ops | SMB CARDS OPERACIONAIS,Concluído,13/mai/26 12:00 AM,14/mai/26 3:05 PM,Anderson Silva,624c8d33ed4d6b007016e305,Sprint 39,Sprint 40,,,,,,,14/mai/26 3:05 PM
Problema,FRONT-508,103489,[SMB] 1435509 - HMulti | remoção numero de telefone da plataforma,97179,FRONT-124,Sys-Ops | SMB CARDS OPERACIONAIS,Concluído,12/mai/26 12:00 AM,14/mai/26 3:07 PM,Anderson Silva,624c8d33ed4d6b007016e305,Sprint 39,Sprint 40,,,,,,,14/mai/26 3:07 PM
Subtarefa,FRONT-316,100627,UI/Layout,90888,FRONT-16,FRONT: Novos ações e status de envios pontuais,Concluído,13/mai/26 12:00 AM,14/mai/26 3:23 PM,Thiago Vilasboas,609e78d197f3d40070deda34,Sprint 36,Sprint 37,Sprint 38,Sprint 40,Sprint 41,,,,14/mai/26 3:24 PM
Subtarefa,FRONT-317,100629,Lógica/Estado,90888,FRONT-16,FRONT: Novos ações e status de envios pontuais,Concluído,13/mai/26 12:00 AM,14/mai/26 3:24 PM,Thiago Vilasboas,609e78d197f3d40070deda34,Sprint 36,Sprint 37,Sprint 38,Sprint 40,Sprint 41,,,,14/mai/26 3:24 PM
Subtarefa,FRONT-590,104842,Trazer métricas do disparo de teste em canal slack e grafana,104062,FRONT-573,Adicionar SES no fluxo de campanhas,Concluído,,,,,Sprint 40,Sprint 41,,,,,,,15/mai/26 8:02 AM
Problema,FRONT-575,104064,[SMB] 1215440 - Caíques Shoes| Envio de email da campanha Email Maketing não disparado para toda a base,97179,FRONT-124,Sys-Ops | SMB CARDS OPERACIONAIS,Concluído,14/mai/26 12:00 AM,15/mai/26 2:52 PM,Anderson Silva,624c8d33ed4d6b007016e305,Sprint 39,Sprint 40,,,,,,,15/mai/26 2:52 PM
Problema,FRONT-576,104065,[SMB] 861628 - Banho Maria| E-mail marketing nao esta enviando para a lista total,97179,FRONT-124,Sys-Ops | SMB CARDS OPERACIONAIS,Concluído,14/mai/26 12:00 AM,15/mai/26 2:55 PM,Anderson Silva,624c8d33ed4d6b007016e305,Sprint 39,Sprint 40,,,,,,,15/mai/26 2:55 PM
Problema,FRONT-583,104255,[SMB] 1438831 - Phael | Possibilidade de exclusão de contatos [E-mail Marketing],97179,FRONT-124,Sys-Ops | SMB CARDS OPERACIONAIS,Concluído,14/mai/26 12:00 AM,15/mai/26 3:10 PM,Anderson Silva,624c8d33ed4d6b007016e305,Sprint 40,,,,,,,,15/mai/26 3:10 PM
Subtarefa,FRONT-318,100630,Integração,90888,FRONT-16,FRONT: Novos ações e status de envios pontuais,Concluído,14/mai/26 12:00 AM,15/mai/26 4:12 PM,Thiago Vilasboas,609e78d197f3d40070deda34,Sprint 36,Sprint 37,Sprint 38,Sprint 40,Sprint 41,,,,15/mai/26 4:12 PM
Subtarefa,FRONT-333,100645,UI/Components,91769,FRONT-17,FRONT: Novas ações e status envios automáticos,Concluído,,15/mai/26 4:13 PM,Thiago Vilasboas,609e78d197f3d40070deda34,Sprint 36,Sprint 37,Sprint 38,Sprint 39,Sprint 40,Sprint 41,,,15/mai/26 4:13 PM
Subtarefa,FRONT-334,100646,Lógica de Estado/Hooks,91769,FRONT-17,FRONT: Novas ações e status envios automáticos,Concluído,,15/mai/26 4:13 PM,Thiago Vilasboas,609e78d197f3d40070deda34,Sprint 36,Sprint 37,Sprint 38,Sprint 39,Sprint 40,Sprint 41,,,15/mai/26 4:13 PM
Subtarefa,FRONT-335,100647,Drawer de Detalhes,91769,FRONT-17,FRONT: Novas ações e status envios automáticos,Concluído,,15/mai/26 4:13 PM,Thiago Vilasboas,609e78d197f3d40070deda34,Sprint 36,Sprint 37,Sprint 38,Sprint 39,Sprint 40,Sprint 41,,,15/mai/26 4:13 PM
Subtarefa,FRONT-336,100648,Integração/Relatórios,91769,FRONT-17,FRONT: Novas ações e status envios automáticos,Concluído,,15/mai/26 4:13 PM,Thiago Vilasboas,609e78d197f3d40070deda34,Sprint 36,Sprint 37,Sprint 38,Sprint 39,Sprint 40,Sprint 41,,,15/mai/26 4:13 PM
Bug,POS-4093,105069,CDP - Erro ao estimar segmentação muito grande,101388,POS-3886,2.0 Segmentador,Concluído,14/mai/26 12:00 AM,15/mai/26 4:23 PM,Juliana Diniz,5bc4b12849bd18289a64f6a1,Sprint 40,,,,,,,,15/mai/26 4:23 PM
Solicitação de serviço,POS-4044,104207,"ID 12794 | FASCAR | Inconsistência na Lista Unificada: Campo ""Data de Cadastro",73272,POS-221,Sys-Ops | Cards Operacionais,Concluído,08/mai/26 12:00 AM,15/mai/26 4:43 PM,Danila Lucena,62a72fb5bf7afc006f3a9075,Sprint 40,,,,,,,,15/mai/26 4:43 PM
Problema,POS-4095,105139,Quebra de imagem no disparo | Aleatrory - 12819,73272,POS-221,Sys-Ops | Cards Operacionais,Concluído,15/mai/26 12:00 AM,15/mai/26 5:31 PM,Ricardo Barretto,5bc4ae2d49bd18289a64f694,Sprint 40,,,,,,,,15/mai/26 5:31 PM
Subtarefa,FRONT-584,104355,Ajustar Fluxo do NiFi para excluir os templates após a finalização do disparo,104062,FRONT-573,Adicionar SES no fluxo de campanhas,Concluído,14/mai/26 12:00 AM,17/mai/26 4:25 PM,Gustavo Bium Donadon,712020:783b53ab-197a-4286-9246-158f752f3aa2,Sprint 40,Sprint 41,,,,,,,17/mai/26 4:25 PM
Tarefa,POS-4005,103497,Consolidação dos Dados de Redução de Preços,97007,POS-3696,2.0 BTG ,Concluído,13/mai/26 12:00 AM,18/mai/26 9:32 AM,Ricardo Barretto,5bc4ae2d49bd18289a64f694,Sprint 40,,,,,,,,18/mai/26 9:32 AM
Problema,FRONT-577,104066,[SMB] 1221015 Fitoflora Produtos Naturais| E-mail do e-mail marketing não está apresentando o botão,97179,FRONT-124,Sys-Ops | SMB CARDS OPERACIONAIS,Concluído,14/mai/26 12:00 AM,18/mai/26 11:02 AM,Anderson Silva,624c8d33ed4d6b007016e305,Sprint 39,Sprint 40,,,,,,,18/mai/26 11:02 AM
Problema,FRONT-578,104067,[SMB] 1338261 - HEALTH TIME NUTRITION| WhatsApp Marketing Indisponível,97179,FRONT-124,Sys-Ops | SMB CARDS OPERACIONAIS,Concluído,14/mai/26 12:00 AM,18/mai/26 11:10 AM,Anderson Silva,624c8d33ed4d6b007016e305,Sprint 39,Sprint 40,,,,,,,18/mai/26 11:10 AM
Problema,FRONT-533,103837,[SMB] 1346041 - Nova Via Autopeças| Problemas no envio de e-mail marketing,97179,FRONT-124,Sys-Ops | SMB CARDS OPERACIONAIS,Concluído,13/mai/26 12:00 AM,18/mai/26 11:25 AM,Anderson Silva,624c8d33ed4d6b007016e305,Sprint 39,Sprint 40,,,,,,,18/mai/26 11:25 AM
Solicitação de serviço,FRONT-458,102243,Segmentador - Ajustes pós validação,101381,FRONT-360,2.0 - Segmentador,Concluído,23/abr/26 12:00 AM,,isabela.beatriz,712020:7fecd2d1-ffb2-4d42-b4b1-5af8e5f4ee5f,Sprint 38,Sprint 39,Sprint 40,,,,,,18/mai/26 3:35 PM
História,FRONT-308,100505,Ativação do Componente Countdown no Editor Beefree (Onsite/LP),101385,FRONT-364,2.0 On Site,Concluído,13/abr/26 12:00 AM,,Bruno Cruz Silva,712020:42adaa16-4a23-47db-bae7-528b19b7f35a,Sprint 38,Sprint 39,Sprint 40,,,,,,18/mai/26 4:30 PM
Tarefa,POS-4067,104700,"Visão única de Clientes: filtros multi-seleção, colunas Origem e LTV e total filtrado",102394,POS-3964,2.0 Visão do cliente,Concluído,12/mai/26 12:00 AM,18/mai/26 4:51 PM,Juliana Diniz,5bc4b12849bd18289a64f6a1,Sprint 40,,,,,,,,18/mai/26 4:51 PM
História,FRONT-390,101570,Visão única: Campos custom,101382,FRONT-361,2.0 Visão única do cliente,Concluído,22/abr/26 12:00 AM,,isabela.beatriz,712020:7fecd2d1-ffb2-4d42-b4b1-5af8e5f4ee5f,Sprint 39,Sprint 40,Sprint 41,,,,,,19/mai/26 11:38 AM
História,FRONT-311,100518,Ajuste de Responsividade e Visualização do Editor Beefree,101386,FRONT-365,2.0 Landing Page,Concluído,17/abr/26 12:00 AM,,isabela.beatriz,712020:7fecd2d1-ffb2-4d42-b4b1-5af8e5f4ee5f,Sprint 38,Sprint 39,Sprint 40,Sprint 41,,,,,19/mai/26 12:09 PM
História,FRONT-33,94739,Emoticon em Mensagem de WhatsAPP e Título de e-mail,101383,FRONT-362,2.0 Campanhas,Concluído,,,isabela.beatriz,712020:7fecd2d1-ffb2-4d42-b4b1-5af8e5f4ee5f,Sprint 36,Sprint 37,Sprint 38,Sprint 39,Sprint 40,Sprint 41,,,19/mai/26 12:16 PM
Subtarefa,FRONT-510,103496,Ocultar Seleção de Tipo (Dinâmico/Estático) na Edição de Segmentos,103493,FRONT-509,Segmentador - Modal de Configuração ao Duplicar Segmento,Concluído,,19/mai/26 2:34 PM,Renato Novaes,60a4007747ba02006f2460fd,Sprint 39,Sprint 40,Sprint 41,,,,,,19/mai/26 2:34 PM
História,FRONT-509,103493,Segmentador - Modal de Configuração ao Duplicar Segmento,101381,FRONT-360,2.0 - Segmentador,Concluído,29/abr/26 12:00 AM,,isabela.beatriz,712020:7fecd2d1-ffb2-4d42-b4b1-5af8e5f4ee5f,Sprint 39,Sprint 40,Sprint 41,,,,,,19/mai/26 2:34 PM
História,FRONT-280,100198,Ajustes segmentador,101381,FRONT-360,2.0 - Segmentador,Concluído,10/abr/26 12:00 AM,,Renato Novaes,60a4007747ba02006f2460fd,Sprint 37,Sprint 38,Sprint 39,Sprint 40,Sprint 41,,,,19/mai/26 2:38 PM
História,FRONT-12,94602,[FRONT] Construção de Front do segmentador,101381,FRONT-360,2.0 - Segmentador,Concluído,,,Renato Novaes,60a4007747ba02006f2460fd,Sprint 35,Sprint 36,Sprint 37,Sprint 38,Sprint 39,Sprint 40,Sprint 41,,19/mai/26 2:38 PM
Tarefa,POS-4074,104843,Criar endpoint de campanhas ativas por tipo e canal,97007,POS-3696,2.0 BTG ,Concluído,18/mai/26 12:00 AM,19/mai/26 4:01 PM,Ricardo Barretto,5bc4ae2d49bd18289a64f694,Sprint 40,,,,,,,,19/mai/26 4:01 PM
Tarefa,POS-4042,104169,Endpoint de dados de clientes,102394,POS-3964,2.0 Visão do cliente,CANCELADO,,19/mai/26 5:31 PM,Bruno Cruz Silva,712020:42adaa16-4a23-47db-bae7-528b19b7f35a,Sprint 40,Sprint 41,,,,,,,19/mai/26 5:31 PM
Tarefa,POS-4041,104168,"Discovery: como puxar dados de produtos, preço etc direto do commerce",97007,POS-3696,2.0 BTG ,Concluído,11/mai/26 12:00 AM,19/mai/26 5:37 PM,Ricardo Barretto,5bc4ae2d49bd18289a64f694,Sprint 40,Sprint 41,,,,,,,19/mai/26 5:37 PM
Problema,POS-4111,105521,Opus 50480 - Volume envios WhatsApp,73272,POS-221,Sys-Ops | Cards Operacionais,Concluído,19/mai/26 12:00 AM,20/mai/26 9:23 AM,Ricardo Barretto,5bc4ae2d49bd18289a64f694,Sprint 40,Sprint 41,,,,,,,20/mai/26 9:23 AM
Subtarefa,FRONT-322,100634,UI/Layout,98070,FRONT-216,Visão única do clente: Implementar aba Compras na visão do cliente,Concluído,,20/mai/26 10:14 AM,Thiago Vilasboas,609e78d197f3d40070deda34,Sprint 38,Sprint 39,Sprint 40,Sprint 41,,,,,20/mai/26 10:14 AM
Subtarefa,FRONT-323,100635,Lógica/Estado,98070,FRONT-216,Visão única do clente: Implementar aba Compras na visão do cliente,Concluído,,20/mai/26 10:14 AM,Thiago Vilasboas,609e78d197f3d40070deda34,Sprint 38,Sprint 39,Sprint 40,Sprint 41,,,,,20/mai/26 10:14 AM
Subtarefa,FRONT-324,100636,Componentes de Tabela/Modal,98070,FRONT-216,Visão única do clente: Implementar aba Compras na visão do cliente,Concluído,,20/mai/26 10:14 AM,Thiago Vilasboas,609e78d197f3d40070deda34,Sprint 38,Sprint 39,Sprint 40,Sprint 41,,,,,20/mai/26 10:14 AM
Subtarefa,FRONT-325,100637,Integração,98070,FRONT-216,Visão única do clente: Implementar aba Compras na visão do cliente,Concluído,,20/mai/26 10:14 AM,Thiago Vilasboas,609e78d197f3d40070deda34,Sprint 38,Sprint 39,Sprint 40,Sprint 41,,,,,20/mai/26 10:14 AM
Tarefa,POS-4006,103498,Consolidação dos Dados de Novidades,97007,POS-3696,2.0 BTG ,Concluído,,20/mai/26 10:47 AM,Sávio,5bbfb807412ef82f09606a29,Sprint 40,Sprint 41,,,,,,,20/mai/26 10:47 AM
Solicitação de serviço,FRONT-672,105563,[Smb] Delivery Direto| vinculação manual,97179,FRONT-124,Sys-Ops | SMB CARDS OPERACIONAIS,Concluído,20/mai/26 12:00 AM,20/mai/26 3:03 PM,Anderson Silva,624c8d33ed4d6b007016e305,,,,,,,,,20/mai/26 3:03 PM
Problema,POS-4108,105517,Segmentação não está aparecendo para disparo | Tonin Atacadista - 12185,73272,POS-221,Sys-Ops | Cards Operacionais,Concluído,18/mai/26 12:00 AM,20/mai/26 4:47 PM,Juliana Diniz,5bc4b12849bd18289a64f6a1,Sprint 40,Sprint 41,,,,,,,20/mai/26 4:47 PM
Subtarefa,FRONT-648,105188,UI: Página de Listagem,104877,FRONT-592,Tela de atributos personalizados,Concluído,,21/mai/26 10:10 AM,Thiago Vilasboas,609e78d197f3d40070deda34,Sprint 41,,,,,,,,21/mai/26 10:10 AM
Subtarefa,FRONT-649,105190,UI: Modal de Cadastro,104877,FRONT-592,Tela de atributos personalizados,Concluído,,21/mai/26 10:10 AM,Thiago Vilasboas,609e78d197f3d40070deda34,Sprint 41,,,,,,,,21/mai/26 10:10 AM
Subtarefa,FRONT-652,105196,Navegação: Sidebar e Rota,104877,FRONT-592,Tela de atributos personalizados,Concluído,,21/mai/26 10:11 AM,Thiago Vilasboas,609e78d197f3d40070deda34,Sprint 41,,,,,,,,21/mai/26 10:11 AM
Problema,POS-4117,105550,E-mail enviado após opt-out,73272,POS-221,Sys-Ops | Cards Operacionais,Concluído,20/mai/26 12:00 AM,21/mai/26 1:18 PM,Danila Lucena,62a72fb5bf7afc006f3a9075,Sprint 41,,,,,,,,21/mai/26 1:18 PM
Problema,FRONT-586,104736,[SMB] 1373873 - Alianças CS | [E-mail Marketing] HTML desconfigurado em campanha,97179,FRONT-124,Sys-Ops | SMB CARDS OPERACIONAIS,Concluído,21/mai/26 12:00 AM,21/mai/26 6:22 PM,Anderson Silva,624c8d33ed4d6b007016e305,Sprint 40,Sprint 41,,,,,,,21/mai/26 6:22 PM
Problema,FRONT-582,104254,[SMB] 1219261 - LED RS| [E-mail Marketing] Erro na importação de lista de contato,97179,FRONT-124,Sys-Ops | SMB CARDS OPERACIONAIS,Concluído,,15/mai/26 2:39 PM,Anderson Silva,624c8d33ed4d6b007016e305,Sprint 40,Sprint 41,,,,,,,21/mai/26 6:24 PM
Solicitação de serviço,FRONT-635,104999,[Smb] Delivery Direto| vinculação manual,97179,FRONT-124,Sys-Ops | SMB CARDS OPERACIONAIS,Concluído,20/mai/26 12:00 AM,21/mai/26 6:26 PM,Anderson Silva,624c8d33ed4d6b007016e305,Sprint 41,,,,,,,,21/mai/26 6:26 PM
Tarefa,POS-3832,100400,Criação do Worker de Inserção de Eventos na CDP,97007,POS-3696,2.0 BTG ,Concluído,,22/mai/26 10:33 AM,Sávio,5bbfb807412ef82f09606a29,Sprint 38,Sprint 39,Sprint 40,Sprint 41,,,,,22/mai/26 10:33 AM
Tarefa,POS-3773,98715,Criação da estruturação de eventos,97007,POS-3696,2.0 BTG ,Concluído,,22/mai/26 10:33 AM,Sávio,5bbfb807412ef82f09606a29,Sprint 37,Sprint 38,Sprint 39,Sprint 40,Sprint 41,,,,22/mai/26 10:33 AM
Tarefa,POS-4116,105547,Obter profile por ID,90336,POS-3304,2.0 Dados CDP,Concluído,20/mai/26 12:00 AM,22/mai/26 10:37 AM,Juliana Diniz,5bc4b12849bd18289a64f6a1,Sprint 41,,,,,,,,22/mai/26 10:37 AM
Problema,POS-4120,105570,Capodarte | Erro no segmentador,73272,POS-221,Sys-Ops | Cards Operacionais,Concluído,21/mai/26 12:00 AM,22/mai/26 11:43 AM,Danila Lucena,62a72fb5bf7afc006f3a9075,Sprint 41,,,,,,,,22/mai/26 11:43 AM
Problema,FRONT-664,105353,[SMB] 800670 - Miralis| Plugin de E-mail Marketing com erro de conexão recusada em auth-xp.wake.tech,97179,FRONT-124,Sys-Ops | SMB CARDS OPERACIONAIS,Concluído,21/mai/26 12:00 AM,22/mai/26 6:06 PM,Anderson Silva,624c8d33ed4d6b007016e305,Sprint 40,Sprint 41,,,,,,,22/mai/26 6:06 PM
Problema,FRONT-666,105355,[SMB] Bagy - 184140 - MATE&VIDA| Problema na criação de campanhas de Whatsapp marketing Produto ou serviço não informado,97179,FRONT-124,Sys-Ops | SMB CARDS OPERACIONAIS,Concluído,22/mai/26 12:00 AM,22/mai/26 6:08 PM,Anderson Silva,624c8d33ed4d6b007016e305,Sprint 40,Sprint 41,,,,,,,22/mai/26 6:08 PM
Problema,FRONT-640,105140,[SMB] e4e3cbc013032515aee00a3e5c4c573c -  Pretty Shoes  campanha pontual,97179,FRONT-124,Sys-Ops | SMB CARDS OPERACIONAIS,VALIDATION,22/mai/26 12:00 AM,25/mai/26 11:34 AM,Anderson Silva,624c8d33ed4d6b007016e305,Sprint 41,,,,,,,,25/mai/26 11:34 AM
Problema,FRONT-528,103800,[SMB] 1441001 - Best Size by Carla Manso| Email Marketing - Erro 400 ao subir arquivo para campanha,97179,FRONT-124,Sys-Ops | SMB CARDS OPERACIONAIS,Concluído,11/mai/26 12:00 AM,25/mai/26 11:37 AM,Anderson Silva,624c8d33ed4d6b007016e305,Sprint 39,Sprint 40,Sprint 41,,,,,,25/mai/26 11:37 AM
Problema,FRONT-663,105352,[SMB] 878550 - CLINIFLEX| Campanhas de e-mails pontuais com alcance restrito.,97179,FRONT-124,Sys-Ops | SMB CARDS OPERACIONAIS,Concluído,21/mai/26 12:00 AM,25/mai/26 11:49 AM,Anderson Silva,624c8d33ed4d6b007016e305,Sprint 40,Sprint 41,,,,,,,25/mai/26 11:49 AM
Problema,POS-4140,105603, Erro no Processamento e Cópia de Segmentação,73272,POS-221,Sys-Ops | Cards Operacionais,Concluído,22/mai/26 12:00 AM,25/mai/26 1:44 PM,Juliana Diniz,5bc4b12849bd18289a64f6a1,Sprint 41,,,,,,,,25/mai/26 1:44 PM
Subtarefa,POS-4135,105594,Unificação das Tags,105316,POS-4097,[CDP] Unificação dos SDK: Juntar SDK On site + SDK SMB (captação de eventos site),Concluído,21/mai/26 12:00 AM,25/mai/26 2:29 PM,Ricardo Barretto,5bc4ae2d49bd18289a64f694,Sprint 41,,,,,,,,25/mai/26 2:29 PM
Subtarefa,POS-4115,105546,[CDP] Unificação dos SDKs: Unificar SDK de plug-ins dentro da SDK nova criada,105316,POS-4097,[CDP] Unificação dos SDK: Juntar SDK On site + SDK SMB (captação de eventos site),Concluído,21/mai/26 12:00 AM,25/mai/26 2:29 PM,Ricardo Barretto,5bc4ae2d49bd18289a64f694,Sprint 41,,,,,,,,25/mai/26 2:29 PM
Subtarefa,POS-4136,105595,Testes local,105316,POS-4097,[CDP] Unificação dos SDK: Juntar SDK On site + SDK SMB (captação de eventos site),Concluído,21/mai/26 12:00 AM,25/mai/26 2:29 PM,Ricardo Barretto,5bc4ae2d49bd18289a64f694,Sprint 41,,,,,,,,25/mai/26 2:29 PM
Solicitação de serviço,POS-4128,105581,Erro na criação de filtro- allied_trocafy,73272,POS-221,Sys-Ops | Cards Operacionais,Concluído,21/mai/26 12:00 AM,26/mai/26 10:34 AM,Juliana Diniz,5bc4b12849bd18289a64f6a1,Sprint 41,,,,,,,,26/mai/26 10:34 AM
Solicitação de serviço,POS-4118,105559,Dealer,73272,POS-221,Sys-Ops | Cards Operacionais,Concluído,22/mai/26 12:00 AM,26/mai/26 10:35 AM,Sávio,5bbfb807412ef82f09606a29,Sprint 41,,,,,,,,26/mai/26 10:35 AM
Solicitação de serviço,POS-4148,105613,Sumirê - Problema no disparo - Agendamento,73272,POS-221,Sys-Ops | Cards Operacionais,Concluído,25/mai/26 12:00 AM,26/mai/26 10:37 AM,Sávio,5bbfb807412ef82f09606a29,Sprint 41,,,,,,,,26/mai/26 10:37 AM
Tarefa,POS-4193,105679,Script NPS não está funcionando,73272,POS-221,Sys-Ops | Cards Operacionais,Concluído,26/mai/26 12:00 AM,26/mai/26 2:16 PM,Pedro Dib,5bc4ae2aa1a6a72f4761a152,Sprint 41,,,,,,,,26/mai/26 2:16 PM
Problema,POS-4192,105678,Re: Disparo de Abandono sem recomendação | Quadrante Editora - 15053,73272,POS-221,Sys-Ops | Cards Operacionais,Concluído,25/mai/26 12:00 AM,26/mai/26 2:20 PM,Danila Lucena,62a72fb5bf7afc006f3a9075,Sprint 41,,,,,,,,26/mai/26 2:20 PM
Problema,FRONT-669,105525,[SMB ] Xpetaculab KingHost Dificuldade para configurar remetente no E-mail Marketing ,97179,FRONT-124,Sys-Ops | SMB CARDS OPERACIONAIS,Concluído,25/mai/26 12:00 AM,26/mai/26 5:28 PM,Anderson Silva,624c8d33ed4d6b007016e305,Sprint 41,,,,,,,,26/mai/26 5:28 PM
Problema,FRONT-532,103836,[SMB] 1281779 - Pro Olhar| Erro ao criar campanha automática - sem link,97179,FRONT-124,Sys-Ops | SMB CARDS OPERACIONAIS,Concluído,12/mai/26 12:00 AM,26/mai/26 5:33 PM,Anderson Silva,624c8d33ed4d6b007016e305,Sprint 39,Sprint 40,Sprint 41,,,,,,26/mai/26 5:33 PM
Problema,FRONT-587,104737,[SMB] 1338940 - tons&madeira| Teste não dispara na campanha WhatsApp,97179,FRONT-124,Sys-Ops | SMB CARDS OPERACIONAIS,Concluído,21/mai/26 12:00 AM,26/mai/26 5:36 PM,Anderson Silva,624c8d33ed4d6b007016e305,Sprint 40,Sprint 41,,,,,,,26/mai/26 5:36 PM
Problema,FRONT-665,105354,[SMB] 754222 - Yangfit Problema com mensagens de carrinho abandonado no WhatsApp,97179,FRONT-124,Sys-Ops | SMB CARDS OPERACIONAIS,Concluído,,26/mai/26 5:43 PM,Anderson Silva,624c8d33ed4d6b007016e305,Sprint 40,Sprint 41,,,,,,,26/mai/26 5:43 PM
Problema,FRONT-682,105579,[SMB] 1180967 - Atacado Vencedor| Alterar plano e-mail mkt - Atacado vencedor,97179,FRONT-124,Sys-Ops | SMB CARDS OPERACIONAIS,Concluído,26/mai/26 12:00 AM,26/mai/26 5:58 PM,Anderson Silva,624c8d33ed4d6b007016e305,Sprint 41,,,,,,,,26/mai/26 5:58 PM
Problema,POS-4112,105522,ID: 50827 | Magalu ADS | Falha no disparo e divergência de contas (Login Final 25/27) – Cliente Magalu,73272,POS-221,Sys-Ops | Cards Operacionais,Concluído,26/mai/26 12:00 AM,26/mai/26 6:03 PM,Danila Lucena,62a72fb5bf7afc006f3a9075,Sprint 40,Sprint 41,,,,,,,26/mai/26 6:03 PM
Problema,POS-4133,105589,[BUG / Interface] Campo obrigatório ao selecionar nome da lista segmentação em campanha de E-mail| Vila Romana 8451,73272,POS-221,Sys-Ops | Cards Operacionais,Concluído,21/mai/26 12:00 AM,26/mai/26 6:06 PM,Danila Lucena,62a72fb5bf7afc006f3a9075,Sprint 41,,,,,,,,26/mai/26 6:06 PM
Problema,POS-4191,105677,Erro ao enviar dados para a lista de Domidona,73272,POS-221,Sys-Ops | Cards Operacionais,Concluído,26/mai/26 12:00 AM,26/mai/26 6:07 PM,Juliana Diniz,5bc4b12849bd18289a64f6a1,Sprint 41,,,,,,,,26/mai/26 6:07 PM
Bug,FRONT-486,102609,[SMB/COMMERCE] Campanhas automáticas travadas em SENDING,97179,FRONT-124,Sys-Ops | SMB CARDS OPERACIONAIS,Concluído,20/mai/26 12:00 AM,,Gustavo Bium Donadon,712020:783b53ab-197a-4286-9246-158f752f3aa2,Sprint 39,Sprint 40,Sprint 41,,,,,,27/mai/26 10:10 AM
Bug,POS-4141,105604,Apoio com problema em disparos de whatsapp,73272,POS-221,Sys-Ops | Cards Operacionais,Concluído,22/mai/26 12:00 AM,27/mai/26 10:36 AM,Sávio,5bbfb807412ef82f09606a29,Sprint 41,,,,,,,,27/mai/26 10:36 AM
Problema,POS-4113,105526,Erro visualização filtro | Balaroti 50755,73272,POS-221,Sys-Ops | Cards Operacionais,Concluído,,27/mai/26 11:40 AM,Herbert Santos,630a7bcaf87d21c16228fed1,Sprint 40,Sprint 41,,,,,,,27/mai/26 11:40 AM
Subtarefa,POS-4144,105609,Abandono de carrinho: Clientes que abandonaram produtos no carrinho e não comprou,105515,POS-4106,[CDP] Liberar audiências pré definidas (SMB) para todo/qualquer cliente,Tarefas pendentes,,,Juliana Diniz,5bc4b12849bd18289a64f6a1,Sprint 41,,,,,,,,27/mai/26 3:04 PM
Subtarefa,POS-4143,105608,Pessoas engajadas: Pessoas com alto nível de engajamento nos últimos 7 dias,105515,POS-4106,[CDP] Liberar audiências pré definidas (SMB) para todo/qualquer cliente,Em andamento,25/mai/26 12:00 AM,,Juliana Diniz,5bc4b12849bd18289a64f6a1,Sprint 41,,,,,,,,27/mai/26 3:04 PM
Subtarefa,POS-3228,88241,[FRONT] Incluir atributo hasBackdrop na SDK,88239,POS-3227,FRONT: Evolução On site: cor do background,Concluído,,07/jan/26 5:00 PM,diego.vaz,60d23963624d70006984500b,Sprint 32,,,,,,,,
Subtarefa,POS-3229,88243,[FRONT] Incluir checkbox para habilitar backdrop,88239,POS-3227,FRONT: Evolução On site: cor do background,Concluído,,07/jan/26 6:31 PM,diego.vaz,60d23963624d70006984500b,Sprint 32,,,,,,,,
Solicitação de serviço,POS-3231,88246,50525 | Khelf | html campanha tradicional,73272,POS-221,Sys-Ops | Cards Operacionais,Concluído,,08/jan/26 12:11 PM,Carlos Jeronimo,61782a51a6ecfc0071631438,Sprint 32,,,,,,,,
Solicitação de serviço,POS-3232,88280,Democrata  ID 50611 | Matriz RFV,73272,POS-221,Sys-Ops | Cards Operacionais,Concluído,,08/jan/26 1:40 PM,Juliana Diniz,5bc4b12849bd18289a64f6a1,Sprint 32,,,,,,,,
Tarefa,POS-3227,88239,FRONT: Evolução On site: cor do background,80925,POS-2168,Migração do On Site para plataforma,Concluído,,09/jan/26 9:25 AM,diego.vaz,60d23963624d70006984500b,Sprint 32,,,,,,,,
Tarefa,POS-3236,88355,FRONT: SDK do On Site deve enviar evento de view,80925,POS-2168,Migração do On Site para plataforma,Concluído,,12/jan/26 10:03 AM,Thiago Rocha,625491fe56e5a8006dd8c24e,Sprint 32,,,,,,,,
Solicitação de serviço,POS-3243,88452,Moovplay 50430 |  Validar Relatorio push App (colunas vazias) ,73272,POS-221,Sys-Ops | Cards Operacionais,Concluído,,12/jan/26 4:46 PM,Juliana Diniz,5bc4b12849bd18289a64f6a1,Sprint 32,,,,,,,,
Subtarefa,POS-3230,88245,Alteração do application.properties,86839,POS-3129,BACK: Trazer On site pra dentro do SMB Commerce,Concluído,,12/jan/26 9:02 PM,Ricardo Barretto,5bc4ae2d49bd18289a64f694,Sprint 31,Sprint 32,,,,,,,
Subtarefa,POS-3237,88440,Criar rota na mailsender-api para retornar os worflows cadastrados,88283,POS-3233,BACK: Ajustes no back para viabilizar workflow ser ativado por um on site (1.0 e 2.0),Concluído,,13/jan/26 9:45 AM,Juliana Diniz,5bc4b12849bd18289a64f6a1,Sprint 32,Sprint 33,,,,,,,
Tarefa,POS-3235,88321,BACK: Rota da BFF para gráfico da tela de integrações,102395,POS-3965,2.0 SDK e Integrações,Concluído,,13/jan/26 9:59 AM,Pedro Dib,5bc4ae2aa1a6a72f4761a152,Sprint 32,,,,,,,,
Solicitação de serviço,POS-3244,88588,Erro ao editar envios duplicados no editor de template,73272,POS-221,Sys-Ops | Cards Operacionais,Concluído,,13/jan/26 10:00 AM,Carlos Jeronimo,61782a51a6ecfc0071631438,Sprint 32,,,,,,,,
Tarefa,POS-3246,88591,Verificar erros 400 e 500 na API Transacional V2,73272,POS-221,Sys-Ops | Cards Operacionais,Concluído,,13/jan/26 2:51 PM,Sávio,5bbfb807412ef82f09606a29,Sprint 32,,,,,,,,
Solicitação de serviço,POS-3247,88763,Uhuu | Aumento limite diário WAKE WhatsApp,73272,POS-221,Sys-Ops | Cards Operacionais,Concluído,,13/jan/26 4:11 PM,Pedro Dib,5bc4ae2aa1a6a72f4761a152,Sprint 32,,,,,,,,
Subtarefa,POS-3238,88442,Criar rota na bff-mailsender para retornar os workflows cadastrados,88283,POS-3233,BACK: Ajustes no back para viabilizar workflow ser ativado por um on site (1.0 e 2.0),Concluído,,14/jan/26 9:43 AM,Juliana Diniz,5bc4b12849bd18289a64f6a1,Sprint 32,Sprint 33,,,,,,,
Solicitação de serviço,POS-3248,88847,LP 50808 | Retirar Numero Whatsapp ,73272,POS-221,Sys-Ops | Cards Operacionais,Concluído,,14/jan/26 2:45 PM,Pedro Dib,5bc4ae2aa1a6a72f4761a152,Sprint 32,,,,,,,,
Problema,POS-3250,88990,Distac | Webpush campanhas agendadas que não saíram ,73272,POS-221,Sys-Ops | Cards Operacionais,Concluído,,15/jan/26 9:38 AM,Pedro Dib,5bc4ae2aa1a6a72f4761a152,Sprint 32,,,,,,,,
Problema,POS-3251,88991,Tupan | Webpush não está sendo ativado,73272,POS-221,Sys-Ops | Cards Operacionais,Concluído,,15/jan/26 2:46 PM,Pedro Dib,5bc4ae2aa1a6a72f4761a152,Sprint 32,,,,,,,,
Subtarefa,POS-3239,88444,Incluir os informações sobre o workflow no atributo external das campanhas onsite,88283,POS-3233,BACK: Ajustes no back para viabilizar workflow ser ativado por um on site (1.0 e 2.0),Concluído,,15/jan/26 5:00 PM,Juliana Diniz,5bc4b12849bd18289a64f6a1,Sprint 32,Sprint 33,,,,,,,
Subtarefa,POS-3240,88446,Alterar api do onsite para retornar os novos campos adicionados em external,88283,POS-3233,BACK: Ajustes no back para viabilizar workflow ser ativado por um on site (1.0 e 2.0),Concluído,,16/jan/26 12:43 PM,Juliana Diniz,5bc4b12849bd18289a64f6a1,Sprint 32,Sprint 33,,,,,,,
Problema,POS-3249,88988,LP Beauty | Exclusão dos templates do WhatsApp pendente,73272,POS-221,Sys-Ops | Cards Operacionais,Concluído,,19/jan/26 9:58 AM,Pedro Dib,5bc4ae2aa1a6a72f4761a152,Sprint 32,,,,,,,,
Problema,POS-3258,89162,TROCAFY | Regras do Workflow não disparando,73272,POS-221,Sys-Ops | Cards Operacionais,Concluído,,19/jan/26 9:58 AM,Sávio,5bbfb807412ef82f09606a29,Sprint 32,,,,,,,,
Tarefa,POS-3233,88283,BACK: Ajustes no back para viabilizar workflow ser ativado por um on site (1.0 e 2.0),80925,POS-2168,Migração do On Site para plataforma,Concluído,,19/jan/26 2:49 PM,Juliana Diniz,5bc4b12849bd18289a64f6a1,Sprint 32,Sprint 33,,,,,,,
Tarefa,POS-3252,89090,BACK: Rota Custom para Tela Inicial da Plataforma,102396,POS-3966,2.0 Setup inicial,Concluído,,20/jan/26 9:29 AM,Carlos Jeronimo,61782a51a6ecfc0071631438,Sprint 32,Sprint 33,,,,,,,
Problema,POS-3266,89305,Solicitação de alteração de dados,73272,POS-221,Sys-Ops | Cards Operacionais,Concluído,,20/jan/26 9:56 AM,Pedro Dib,5bc4ae2aa1a6a72f4761a152,Sprint 32,Sprint 33,,,,,,,
Problema,POS-3257,89129,Cadence | Workflow sem disparos desde 23/12,73272,POS-221,Sys-Ops | Cards Operacionais,Concluído,,21/jan/26 9:56 AM,Sávio,5bbfb807412ef82f09606a29,Sprint 32,Sprint 33,,,,,,,
História,POS-3273,89389,SMB [Delivery direto] Cai de Boca Hamburgueria- vinculação manual,73272,POS-221,Sys-Ops | Cards Operacionais,Concluído,19/jan/26 12:00 AM,21/jan/26 9:59 AM,Bruno Cruz Silva,712020:42adaa16-4a23-47db-bae7-528b19b7f35a,Sprint 33,,,,,,,,
Solicitação de serviço,POS-3279,89698,Solicitação - Inclusão de Miess (5692) para contrução da Matriz RFV,73272,POS-221,Sys-Ops | Cards Operacionais,Concluído,,21/jan/26 3:12 PM,Juliana Diniz,5bc4b12849bd18289a64f6a1,Sprint 33,,,,,,,,
Problema,POS-3280,89699,Segmentação Matriz RFV - Valor de Compra com decimal,73272,POS-221,Sys-Ops | Cards Operacionais,Concluído,,21/jan/26 6:01 PM,Juliana Diniz,5bc4b12849bd18289a64f6a1,Sprint 33,,,,,,,,
Tarefa,POS-3284,89834,[NICE] FRONT - Scroll para o topo da página,102396,POS-3966,2.0 Setup inicial,Concluído,,21/jan/26 6:35 PM,isabela.beatriz,712020:7fecd2d1-ffb2-4d42-b4b1-5af8e5f4ee5f,Sprint 33,,,,,,,,
Tarefa,POS-3267,89338,[MUST] Ajustar responsividade na seleção de audiência,102396,POS-3966,2.0 Setup inicial,Concluído,,21/jan/26 6:37 PM,isabela.beatriz,712020:7fecd2d1-ffb2-4d42-b4b1-5af8e5f4ee5f,Sprint 32,Sprint 33,,,,,,,
Solicitação de serviço,POS-3278,89663,LP Beauty 50808 - Aumento limite diário ,73272,POS-221,Sys-Ops | Cards Operacionais,Concluído,,21/jan/26 6:56 PM,Pedro Dib,5bc4ae2aa1a6a72f4761a152,Sprint 33,,,,,,,,
Subtarefa,POS-3285,89871,Permitir edição do nome da lista para status permitidos,86845,POS-3135,"BACK: Melhorias na Gestão de Listas: Ações por Status, Arquivamento e Fluxos de Exclusão",Concluído,,22/jan/26 11:58 AM,Gustavo Bium Donadon,712020:783b53ab-197a-4286-9246-158f752f3aa2,Sprint 33,Sprint 34,Sprint 35,,,,,,
Subtarefa,POS-3287,89875,Adicionar e gerenciar status 'Arquivada' para listas,86845,POS-3135,"BACK: Melhorias na Gestão de Listas: Ações por Status, Arquivamento e Fluxos de Exclusão",Concluído,,22/jan/26 11:58 AM,Gustavo Bium Donadon,712020:783b53ab-197a-4286-9246-158f752f3aa2,Sprint 33,Sprint 34,Sprint 35,,,,,,
Subtarefa,POS-3288,89877,Criar fluxo de exclusão de lista com opções avançadas e confirmações,86845,POS-3135,"BACK: Melhorias na Gestão de Listas: Ações por Status, Arquivamento e Fluxos de Exclusão",Concluído,,22/jan/26 2:56 PM,Gustavo Bium Donadon,712020:783b53ab-197a-4286-9246-158f752f3aa2,Sprint 33,Sprint 34,Sprint 35,,,,,,
Subtarefa,POS-3286,89873,Implementar ações contextuais por status para listas,86845,POS-3135,"BACK: Melhorias na Gestão de Listas: Ações por Status, Arquivamento e Fluxos de Exclusão",Concluído,,22/jan/26 3:08 PM,Gustavo Bium Donadon,712020:783b53ab-197a-4286-9246-158f752f3aa2,Sprint 33,Sprint 34,Sprint 35,,,,,,
Subtarefa,POS-3289,89879,Atualizar filtro de status para incluir 'Arquivada' e comportamentos especiais,86845,POS-3135,"BACK: Melhorias na Gestão de Listas: Ações por Status, Arquivamento e Fluxos de Exclusão",Concluído,,22/jan/26 4:34 PM,Gustavo Bium Donadon,712020:783b53ab-197a-4286-9246-158f752f3aa2,Sprint 33,Sprint 34,Sprint 35,,,,,,
Subtarefa,POS-3291,90019,Implementar exclusão de cliente da base com confirmação crítica,86845,POS-3135,"BACK: Melhorias na Gestão de Listas: Ações por Status, Arquivamento e Fluxos de Exclusão",Concluído,,23/jan/26 9:14 AM,Gustavo Bium Donadon,712020:783b53ab-197a-4286-9246-158f752f3aa2,Sprint 33,Sprint 34,Sprint 35,,,,,,
História,POS-3274,89388,SMB - [Delivery direto]O LENHADOR BBQ - vinculação manual,73272,POS-221,Sys-Ops | Cards Operacionais,Concluído,19/jan/26 12:00 AM,23/jan/26 9:50 AM,Bruno Cruz Silva,712020:42adaa16-4a23-47db-bae7-528b19b7f35a,Sprint 33,,,,,,,,
Problema,POS-3281,89765,Objetivo Line - Recuperação de senha WAKE,73272,POS-221,Sys-Ops | Cards Operacionais,Concluído,,23/jan/26 9:54 AM,Pedro Dib,5bc4ae2aa1a6a72f4761a152,Sprint 33,,,,,,,,
Problema,POS-3271,89342,Auto Glass - 6930 /  Não recebo e-mail de alteração de senha das APIs,73272,POS-221,Sys-Ops | Cards Operacionais,Concluído,,23/jan/26 9:56 AM,Pedro Dib,5bc4ae2aa1a6a72f4761a152,Sprint 33,,,,,,,,
Problema,POS-3282,89800,Segmentador Omni - Dúvida na Regra de Volume de compra,73272,POS-221,Sys-Ops | Cards Operacionais,Concluído,,23/jan/26 10:03 AM,Juliana Diniz,5bc4b12849bd18289a64f6a1,Sprint 33,,,,,,,,
Problema,POS-3283,89801,Telhanorte ID 50805 | Priorização BTG,73272,POS-221,Sys-Ops | Cards Operacionais,Concluído,,23/jan/26 10:03 AM,Ricardo Barretto,5bc4ae2d49bd18289a64f694,Sprint 33,,,,,,,,
Subtarefa,POS-3292,90021,Desenvolver página de detalhes da lista com gerenciamento de contatos,86845,POS-3135,"BACK: Melhorias na Gestão de Listas: Ações por Status, Arquivamento e Fluxos de Exclusão",Concluído,,26/jan/26 9:09 AM,Gustavo Bium Donadon,712020:783b53ab-197a-4286-9246-158f752f3aa2,Sprint 33,Sprint 34,Sprint 35,,,,,,
Solicitação de serviço,POS-3290,89984,ID: 15323 | MUNDO BIC | Desativar conta,73272,POS-221,Sys-Ops | Cards Operacionais,Concluído,,26/jan/26 10:03 AM,Pedro Dib,5bc4ae2aa1a6a72f4761a152,Sprint 33,,,,,,,,
Solicitação de serviço,POS-3293,90022,Excluir contas | XSPORTS 50819 e 50820 (KALUNGA),73272,POS-221,Sys-Ops | Cards Operacionais,Concluído,,26/jan/26 10:03 AM,Pedro Dib,5bc4ae2aa1a6a72f4761a152,Sprint 33,,,,,,,,
Solicitação de serviço,POS-3294,90023,ACESSO - VIZZELA - Redefinição de senha,73272,POS-221,Sys-Ops | Cards Operacionais,Concluído,,26/jan/26 10:04 AM,Pedro Dib,5bc4ae2aa1a6a72f4761a152,Sprint 33,,,,,,,,
Dúvida,POS-3316,90351,FASCAR| Validação de Worker,73272,POS-221,Sys-Ops | Cards Operacionais,Concluído,,27/jan/26 10:05 AM,Anderson Silva,624c8d33ed4d6b007016e305,Sprint 33,,,,,,,,
Tarefa,POS-3256,89128,BACK: Mudar de status on site e web push quando a campanha vencer,80925,POS-2168,Migração do On Site para plataforma,Concluído,,27/jan/26 10:26 AM,Carlos Jeronimo,61782a51a6ecfc0071631438,Sprint 33,,,,,,,,
Subtarefa,POS-3320,90455,Criar estrutura no nifi para habilitar a validação de regra de repique para pontuais,89126,POS-3255,6.BACK: Possibilitar Repique de e-mail e WhatsAPP,Concluído,,27/jan/26 2:35 PM,Gustavo Bium Donadon,712020:783b53ab-197a-4286-9246-158f752f3aa2,Sprint 33,Sprint 34,,,,,,,
Subtarefa,POS-3321,90457,Modelar e persistir configuração de repique na campanha,89126,POS-3255,6.BACK: Possibilitar Repique de e-mail e WhatsAPP,Concluído,,27/jan/26 2:35 PM,Gustavo Bium Donadon,712020:783b53ab-197a-4286-9246-158f752f3aa2,Sprint 33,Sprint 34,,,,,,,
Solicitação de serviço,POS-3295,90056,Ajuste na Matriz RFV -Inclusão de lista referênciaa ,73272,POS-221,Sys-Ops | Cards Operacionais,Concluído,,27/jan/26 2:39 PM,Juliana Diniz,5bc4b12849bd18289a64f6a1,Sprint 33,,,,,,,,
História,POS-3297,90229,SMB [Delivery direto] AMERICAN MILLKSHAKE - vinculação manual,73272,POS-221,Sys-Ops | Cards Operacionais,Concluído,26/jan/26 12:00 AM,27/jan/26 2:41 PM,Bruno Cruz Silva,712020:42adaa16-4a23-47db-bae7-528b19b7f35a,Sprint 33,,,,,,,,
História,POS-3298,90228,SMB [Delivery direto] DITOS LANCHES - vinculação manual,73272,POS-221,Sys-Ops | Cards Operacionais,Concluído,26/jan/26 12:00 AM,27/jan/26 2:42 PM,Bruno Cruz Silva,712020:42adaa16-4a23-47db-bae7-528b19b7f35a,Sprint 33,,,,,,,,
Subtarefa,POS-3309,90343,[FRONT] Ajuste na página de Criar Campanha,90122,POS-3296,[King] Desativar opção de agendamento de campanha para um plano X da King no SMB,Concluído,,27/jan/26 3:01 PM,Thiago Vilasboas,609e78d197f3d40070deda34,Sprint 33,Sprint 34,Sprint 35,,,,,,
Subtarefa,POS-3331,90573,Processamento do Webhook de Onboarding MM,89125,POS-3254,8.BACK: Nova API do Meta,Concluído,,27/jan/26 6:54 PM,Sávio,5bbfb807412ef82f09606a29,Sprint 33,Sprint 34,Sprint 35,,,,,,
Subtarefa,POS-3332,90575,Persistência do Status de Onboarding (Worker de Setup),89125,POS-3254,8.BACK: Nova API do Meta,Concluído,,27/jan/26 6:55 PM,Sávio,5bbfb807412ef82f09606a29,Sprint 33,Sprint 34,Sprint 35,,,,,,
Subtarefa,POS-3334,90579,Roteamento Inteligente de Envio - API,89125,POS-3254,8.BACK: Nova API do Meta,Concluído,,27/jan/26 6:57 PM,Sávio,5bbfb807412ef82f09606a29,Sprint 33,Sprint 34,Sprint 35,,,,,,
Solicitação de serviço,POS-3276,89597,Matriz RFV - Mundo Verde (ID 50684),73272,POS-221,Sys-Ops | Cards Operacionais,Concluído,,28/jan/26 9:32 AM,Renato Novaes,60a4007747ba02006f2460fd,Sprint 33,,,,,,,,
Solicitação de serviço,POS-3277,89630,Democrata ID 50611 | Matriz RFV,73272,POS-221,Sys-Ops | Cards Operacionais,Concluído,,28/jan/26 9:33 AM,Renato Novaes,60a4007747ba02006f2460fd,Sprint 33,,,,,,,,
Subtarefa,POS-3318,90387,rota de listagem de csvs deve retornar todos se nenhum parâmetro for passado,86845,POS-3135,"BACK: Melhorias na Gestão de Listas: Ações por Status, Arquivamento e Fluxos de Exclusão",CANCELADO,,28/jan/26 10:05 AM,,,Sprint 33,Sprint 34,Sprint 35,,,,,,
Subtarefa,POS-3308,90341,[FRONT] Ajuste na integração com API,90122,POS-3296,[King] Desativar opção de agendamento de campanha para um plano X da King no SMB,Concluído,,28/jan/26 10:08 AM,Thiago Vilasboas,609e78d197f3d40070deda34,Sprint 33,Sprint 34,Sprint 35,,,,,,
Subtarefa,POS-3317,90385,Remover profile DA LISTA,86845,POS-3135,"BACK: Melhorias na Gestão de Listas: Ações por Status, Arquivamento e Fluxos de Exclusão",Concluído,,28/jan/26 2:19 PM,Gustavo Bium Donadon,712020:783b53ab-197a-4286-9246-158f752f3aa2,Sprint 33,Sprint 34,Sprint 35,,,,,,
Tarefa,POS-3242,88449,BACK: Nao permitir a criação de templates com nome duplicado,101408,POS-3894,2.0 Studio,Concluído,,28/jan/26 3:34 PM,Ricardo Barretto,5bc4ae2d49bd18289a64f694,Sprint 33,,,,,,,,
Subtarefa,POS-3341,90687,Criar tabelas de configuração e armazenamento das integrações,90267,POS-3300,[BACK] Integração GA4 com XP,Concluído,,28/jan/26 3:50 PM,Juliana Diniz,5bc4b12849bd18289a64f6a1,Sprint 33,,,,,,,,
Tarefa,POS-3241,88448,BACK: Validação de Nome Duplicado em Campanhas,101390,POS-3888,2.0 Campanhas,Concluído,,28/jan/26 4:01 PM,Pedro Dib,5bc4ae2aa1a6a72f4761a152,Sprint 33,,,,,,,,
Subtarefa,POS-3326,90467,Implementar criaçãode repique para campanhas automáticas email/whatsapp,89126,POS-3255,6.BACK: Possibilitar Repique de e-mail e WhatsAPP,Concluído,,28/jan/26 4:20 PM,Gustavo Bium Donadon,712020:783b53ab-197a-4286-9246-158f752f3aa2,Sprint 33,Sprint 34,,,,,,,
Subtarefa,POS-3325,90465,Implementar criação de repique para campanhas pontuais email/whatsapp,89126,POS-3255,6.BACK: Possibilitar Repique de e-mail e WhatsAPP,Concluído,,28/jan/26 4:20 PM,Gustavo Bium Donadon,712020:783b53ab-197a-4286-9246-158f752f3aa2,Sprint 33,Sprint 34,,,,,,,
Dúvida,POS-3262,89166,ELETRO | Instalação do Worker (Angeloni),73272,POS-221,Sys-Ops | Cards Operacionais,Concluído,,28/jan/26 6:16 PM,Anderson Silva,624c8d33ed4d6b007016e305,Sprint 32,Sprint 33,,,,,,,
Subtarefa,POS-3335,90581,Roteamento Inteligente de Envio  - Synapse Campanhas,89125,POS-3254,8.BACK: Nova API do Meta,Concluído,,28/jan/26 6:26 PM,Sávio,5bbfb807412ef82f09606a29,Sprint 33,Sprint 34,Sprint 35,,,,,,
Bug,POS-3346,90726,Envio de teste de e-mail Pontual e automático não está funcionando,101390,POS-3888,2.0 Campanhas,Concluído,,29/jan/26 10:06 AM,Pedro Dib,5bc4ae2aa1a6a72f4761a152,Sprint 33,,,,,,,,
Subtarefa,POS-3342,90689,Criar rotas na api,90267,POS-3300,[BACK] Integração GA4 com XP,Concluído,,29/jan/26 2:51 PM,Juliana Diniz,5bc4b12849bd18289a64f6a1,Sprint 33,,,,,,,,
Tarefa,POS-3300,90267,[BACK] Integração GA4 com XP,101391,POS-3889,2.0 Dados e Relatórios,Concluído,,29/jan/26 2:51 PM,Juliana Diniz,5bc4b12849bd18289a64f6a1,Sprint 33,,,,,,,,
Solicitação de serviço,POS-3348,90764,Liberação de acesso ao Web Push | Gran Coffee - 15325,73272,POS-221,Sys-Ops | Cards Operacionais,Concluído,,29/jan/26 3:51 PM,Pedro Dib,5bc4ae2aa1a6a72f4761a152,Sprint 33,,,,,,,,
Subtarefa,POS-3328,90471,"Adicionar na edição de campanha caso desativar repique, também desativar repiques agendados",89126,POS-3255,6.BACK: Possibilitar Repique de e-mail e WhatsAPP,Concluído,,29/jan/26 5:21 PM,Gustavo Bium Donadon,712020:783b53ab-197a-4286-9246-158f752f3aa2,Sprint 33,Sprint 34,,,,,,,
Subtarefa,POS-3324,90463,Implementar filtragem de audiência para repique baseada em interação,89126,POS-3255,6.BACK: Possibilitar Repique de e-mail e WhatsAPP,Concluído,,29/jan/26 5:22 PM,Gustavo Bium Donadon,712020:783b53ab-197a-4286-9246-158f752f3aa2,Sprint 33,Sprint 34,,,,,,,
Subtarefa,POS-3322,90459,Cancelar jobs de repique ao cancelar/pausar campanhas,89126,POS-3255,6.BACK: Possibilitar Repique de e-mail e WhatsAPP,Concluído,,29/jan/26 5:22 PM,Gustavo Bium Donadon,712020:783b53ab-197a-4286-9246-158f752f3aa2,Sprint 33,Sprint 34,,,,,,,
Problema,POS-3310,90344,Bonneterie 14728 | Assunto e-mail com quebra,73272,POS-221,Sys-Ops | Cards Operacionais,Concluído,,30/jan/26 9:41 AM,Juliana Diniz,5bc4b12849bd18289a64f6a1,Sprint 33,,,,,,,,
Problema,POS-3349,90870,Duplicação de Campanha WebPush,73272,POS-221,Sys-Ops | Cards Operacionais,Concluído,,30/jan/26 9:42 AM,Pedro Dib,5bc4ae2aa1a6a72f4761a152,Sprint 33,,,,,,,,
Bug,POS-3347,90727,"Erro na ativação de carrinho abandonado, porém aparece na listagem",101390,POS-3888,2.0 Campanhas,Concluído,,30/jan/26 9:42 AM,Pedro Dib,5bc4ae2aa1a6a72f4761a152,Sprint 33,,,,,,,,
Problema,POS-3319,90421,Pós Compra - BTG,73272,POS-221,Sys-Ops | Cards Operacionais,Concluído,,30/jan/26 10:06 AM,Ricardo Barretto,5bc4ae2d49bd18289a64f694,Sprint 33,,,,,,,,
Problema,POS-3343,90691,Relatorio App Push - Moovpay,73272,POS-221,Sys-Ops | Cards Operacionais,Concluído,,30/jan/26 10:06 AM,Juliana Diniz,5bc4b12849bd18289a64f6a1,Sprint 33,,,,,,,,
Subtarefa,POS-3350,90873,Criar coluna status e retirar obrigatoriedade dos campos supracitados,87703,POS-3202,12.BACK: Possibilidade de salvar campanhas em rascunho,Concluído,,30/jan/26 11:20 AM,Carlos Jeronimo,61782a51a6ecfc0071631438,Sprint 33,Sprint 34,Sprint 35,,,,,,
Subtarefa,POS-3327,90469,Criar estrutura no nifi para habilitar a validação de regra de repique para automáticas,89126,POS-3255,6.BACK: Possibilitar Repique de e-mail e WhatsAPP,Concluído,,30/jan/26 1:30 PM,Gustavo Bium Donadon,712020:783b53ab-197a-4286-9246-158f752f3aa2,Sprint 33,Sprint 34,,,,,,,
Subtarefa,POS-3323,90461,Separar e exibir métricas de repique e consolidadas,89126,POS-3255,6.BACK: Possibilitar Repique de e-mail e WhatsAPP,Concluído,,30/jan/26 4:36 PM,Gustavo Bium Donadon,712020:783b53ab-197a-4286-9246-158f752f3aa2,Sprint 33,Sprint 34,,,,,,,
Subtarefa,POS-3356,90959,Criar views para teste no banco,90268,POS-3301,10.[BACK] Integração GA4 - Uso de dados para relatórios,Concluído,,30/jan/26 5:10 PM,Juliana Diniz,5bc4b12849bd18289a64f6a1,Sprint 33,Sprint 34,,,,,,,
Tarefa,POS-3361,91097,Migrar versionamento do Apache NiFi para o github corporativo,,,,Concluído,,02/fev/26 10:48 AM,Gustavo Bium Donadon,712020:783b53ab-197a-4286-9246-158f752f3aa2,Sprint 33,,,,,,,,
Subtarefa,POS-3363,91100,Atualizar modelo de dados para incluir campo de tier nas regras de campanhas,91098,POS-3362,Implementação de tier para regra de campanhas,Concluído,,02/fev/26 10:56 AM,Gustavo Bium Donadon,712020:783b53ab-197a-4286-9246-158f752f3aa2,Sprint 33,,,,,,,,
Subtarefa,POS-3364,91102,Ajustar seleção de domínio considerando tier de campanha e de profile,91098,POS-3362,Implementação de tier para regra de campanhas,Concluído,,02/fev/26 2:08 PM,Gustavo Bium Donadon,712020:783b53ab-197a-4286-9246-158f752f3aa2,Sprint 33,,,,,,,,
Subtarefa,POS-3365,91104,Testar integração do tier de campanha na seleção de domínio,91098,POS-3362,Implementação de tier para regra de campanhas,Concluído,,02/fev/26 2:08 PM,Gustavo Bium Donadon,712020:783b53ab-197a-4286-9246-158f752f3aa2,Sprint 33,,,,,,,,
Tarefa,POS-3362,91098,Implementação de tier para regra de campanhas,,,,Concluído,,02/fev/26 2:09 PM,Gustavo Bium Donadon,712020:783b53ab-197a-4286-9246-158f752f3aa2,Sprint 33,,,,,,,,
Subtarefa,POS-3357,90961,Criar rotas na api para cada relatório,90268,POS-3301,10.[BACK] Integração GA4 - Uso de dados para relatórios,Concluído,,02/fev/26 2:18 PM,Juliana Diniz,5bc4b12849bd18289a64f6a1,Sprint 33,Sprint 34,,,,,,,
Tarefa,POS-3366,91105,SMB Liberação de swagger-ui no ambiente de QA,,,,Concluído,,02/fev/26 2:19 PM,Gustavo Bium Donadon,712020:783b53ab-197a-4286-9246-158f752f3aa2,Sprint 33,,,,,,,,
Tarefa,POS-3315,90350,[BACK] Ativar whatsapp em todas as regras automáticas,101390,POS-3888,2.0 Campanhas,Concluído,,02/fev/26 2:43 PM,Gustavo Bium Donadon,712020:783b53ab-197a-4286-9246-158f752f3aa2,Sprint 33,,,,,,,,
Subtarefa,POS-3336,90583,Roteamento Inteligente de Envio - BTG,89125,POS-3254,8.BACK: Nova API do Meta,Concluído,,02/fev/26 2:45 PM,Sávio,5bbfb807412ef82f09606a29,Sprint 33,Sprint 34,Sprint 35,,,,,,
Problema,POS-3360,91064,Telhanorte ID: 50805 | Erro ao editar campanha Pausada,,,,Concluído,,02/fev/26 4:04 PM,Juliana Diniz,5bc4b12849bd18289a64f6a1,Sprint 33,,,,,,,,
Subtarefa,POS-3351,90875,Ajustar processo de criação de campanha,87703,POS-3202,12.BACK: Possibilidade de salvar campanhas em rascunho,Concluído,,02/fev/26 4:35 PM,Carlos Jeronimo,61782a51a6ecfc0071631438,Sprint 33,Sprint 34,Sprint 35,,,,,,
Subtarefa,POS-3352,90877,"Alterar processo no nifi para sincronizar novos status, SCHEDULED,FAILED,SENDING,SEND para tabela de campanhas",87703,POS-3202,12.BACK: Possibilidade de salvar campanhas em rascunho,Concluído,,03/fev/26 2:09 PM,Gustavo Bium Donadon,712020:783b53ab-197a-4286-9246-158f752f3aa2,Sprint 33,Sprint 34,Sprint 35,,,,,,
Subtarefa,POS-3375,91446,Implementar menu de ações contextual por status nas listas,90347,POS-3313,"3.FRONT: Melhorias na Gestão de Listas: Ações por Status, Arquivamento e Fluxos de Exclusão",Concluído,,03/fev/26 2:43 PM,Gustavo Bium Donadon,712020:783b53ab-197a-4286-9246-158f752f3aa2,Sprint 33,Sprint 34,,,,,,,
Subtarefa,POS-3382,91460,[FIX] Adicionar ID no retorno da rota de listagem de listas e ajuste de filtros,86845,POS-3135,"BACK: Melhorias na Gestão de Listas: Ações por Status, Arquivamento e Fluxos de Exclusão",Concluído,,03/fev/26 4:19 PM,Gustavo Bium Donadon,712020:783b53ab-197a-4286-9246-158f752f3aa2,Sprint 33,Sprint 34,Sprint 35,,,,,,
Subtarefa,POS-3370,91308,Migração Nabuco,91306,POS-3369,[BTG] Migração RabbitMQ de produção Nabuco/CKS,Concluído,,03/fev/26 5:24 PM,Ricardo Barretto,5bc4ae2d49bd18289a64f694,Sprint 33,,,,,,,,
Solicitação de serviço,POS-3368,91205,Dealer -,,,,Concluído,,03/fev/26 6:24 PM,Carlos Jeronimo,61782a51a6ecfc0071631438,Sprint 33,,,,,,,,
Problema,POS-3359,90997,Erro teste WPP - Amvox,73272,POS-221,Sys-Ops | Cards Operacionais,Concluído,,04/fev/26 10:08 AM,Sávio,5bbfb807412ef82f09606a29,Sprint 33,,,,,,,,
Tarefa,POS-3353,90880,50549 Cliente não consegue definir tempo de disparo no BTG,73272,POS-221,Sys-Ops | Cards Operacionais,Concluído,,04/fev/26 10:10 AM,Wesley Ferreira,614091b449f7bd00689bcda2,Sprint 33,,,,,,,,
Problema,POS-3372,91311,BTG (Shopclub) | Jan/26,73272,POS-221,Sys-Ops | Cards Operacionais,Concluído,,04/fev/26 10:10 AM,Ricardo Barretto,5bc4ae2d49bd18289a64f694,Sprint 33,,,,,,,,
Tarefa,POS-3268,89339,[MUST] Erro ao importar lista usando modelo padrão da plataforma,102397,POS-3967,2.0 Listas,Concluído,,04/fev/26 10:13 AM,Wesley Ferreira,614091b449f7bd00689bcda2,Sprint 32,Sprint 33,,,,,,,
Tarefa,POS-3269,89340,BUG: Erro ao criar Landing Page | Inclusão de templates,101389,POS-3887,2.0 Landing Page,Concluído,,04/fev/26 10:14 AM,Renato Novaes,60a4007747ba02006f2460fd,Sprint 32,Sprint 33,,,,,,,
Subtarefa,POS-3381,91458,Permitir edição do nome da lista para status permitidos,90347,POS-3313,"3.FRONT: Melhorias na Gestão de Listas: Ações por Status, Arquivamento e Fluxos de Exclusão",Concluído,,04/fev/26 11:18 AM,Gustavo Bium Donadon,712020:783b53ab-197a-4286-9246-158f752f3aa2,Sprint 33,Sprint 34,,,,,,,
Subtarefa,POS-3388,91732,Ajustar API do SMB para retornar os novos campos necessários,91377,POS-3373,Lista  nao está refletindo na visão do cliente,Concluído,,04/fev/26 1:59 PM,Gustavo Bium Donadon,712020:783b53ab-197a-4286-9246-158f752f3aa2,Sprint 33,Sprint 34,Sprint 35,,,,,,
Subtarefa,POS-3389,91734,Ajustar BFF para retornar novos campos,91377,POS-3373,Lista  nao está refletindo na visão do cliente,CANCELADO,,04/fev/26 4:01 PM,Gustavo Bium Donadon,712020:783b53ab-197a-4286-9246-158f752f3aa2,Sprint 33,Sprint 34,Sprint 35,,,,,,
Subtarefa,POS-3376,91448,Adicionar funcionalidade de arquivamento e desarquivamento de listas,90347,POS-3313,"3.FRONT: Melhorias na Gestão de Listas: Ações por Status, Arquivamento e Fluxos de Exclusão",Concluído,,04/fev/26 4:19 PM,Gustavo Bium Donadon,712020:783b53ab-197a-4286-9246-158f752f3aa2,Sprint 33,Sprint 34,,,,,,,
Subtarefa,POS-3371,91310,Migração CKS,91306,POS-3369,[BTG] Migração RabbitMQ de produção Nabuco/CKS,Concluído,,05/fev/26 9:14 AM,Ricardo Barretto,5bc4ae2d49bd18289a64f694,Sprint 33,,,,,,,,
Tarefa,POS-3369,91306,[BTG] Migração RabbitMQ de produção Nabuco/CKS,,,,Concluído,,05/fev/26 9:14 AM,Ricardo Barretto,5bc4ae2d49bd18289a64f694,Sprint 33,,,,,,,,
Subtarefa,POS-3379,91454,Criar página de detalhes da lista com gerenciamento de contatos,90347,POS-3313,"3.FRONT: Melhorias na Gestão de Listas: Ações por Status, Arquivamento e Fluxos de Exclusão",Concluído,,05/fev/26 9:48 AM,Gustavo Bium Donadon,712020:783b53ab-197a-4286-9246-158f752f3aa2,Sprint 33,Sprint 34,,,,,,,
Subtarefa,POS-3378,91452,Implementar remoção de contatos da lista na página de detalhes,90347,POS-3313,"3.FRONT: Melhorias na Gestão de Listas: Ações por Status, Arquivamento e Fluxos de Exclusão",Concluído,,05/fev/26 10:24 AM,Gustavo Bium Donadon,712020:783b53ab-197a-4286-9246-158f752f3aa2,Sprint 33,Sprint 34,,,,,,,
Subtarefa,POS-3390,91736,Ajustar frontend para ler o valor a partir de um array de objetos,91377,POS-3373,Lista  nao está refletindo na visão do cliente,Concluído,,05/fev/26 11:16 AM,Wesley Ferreira,614091b449f7bd00689bcda2,Sprint 33,Sprint 34,Sprint 35,,,,,,
Subtarefa,POS-3377,91450,Implementar fluxo de exclusão de lista com opções avançadas,90347,POS-3313,"3.FRONT: Melhorias na Gestão de Listas: Ações por Status, Arquivamento e Fluxos de Exclusão",Concluído,,05/fev/26 2:56 PM,Gustavo Bium Donadon,712020:783b53ab-197a-4286-9246-158f752f3aa2,Sprint 33,Sprint 34,,,,,,,
Subtarefa,POS-3384,91663,Mapear rotas no BFF,90347,POS-3313,"3.FRONT: Melhorias na Gestão de Listas: Ações por Status, Arquivamento e Fluxos de Exclusão",Concluído,,05/fev/26 4:25 PM,Gustavo Bium Donadon,712020:783b53ab-197a-4286-9246-158f752f3aa2,Sprint 33,Sprint 34,,,,,,,
Subtarefa,POS-3380,91456,Implementar exclusão de cliente da base com confirmação crítica,90347,POS-3313,"3.FRONT: Melhorias na Gestão de Listas: Ações por Status, Arquivamento e Fluxos de Exclusão",Concluído,,05/fev/26 4:25 PM,Gustavo Bium Donadon,712020:783b53ab-197a-4286-9246-158f752f3aa2,Sprint 33,Sprint 34,,,,,,,
Bug,POS-3399,92073,KING - Setup de clientes com acentuação está apresentando erro,,,,CANCELADO,,05/fev/26 4:39 PM,Gustavo Bium Donadon,712020:783b53ab-197a-4286-9246-158f752f3aa2,,,,,,,,,
Dúvida,POS-3358,90962,Integração Service Worker | Quadrante Editora,73272,POS-221,Sys-Ops | Cards Operacionais,Concluído,,06/fev/26 10:04 AM,Anderson Silva,624c8d33ed4d6b007016e305,Sprint 33,,,,,,,,
Tarefa,POS-3270,89341,[MUST] Criação do SDK para captação de eventos com commerce,102395,POS-3965,2.0 SDK e Integrações,Concluído,,06/fev/26 10:05 AM,Anderson Silva,624c8d33ed4d6b007016e305,Sprint 33,,,,,,,,
Solicitação de serviço,POS-3393,91835,Disponibilização de coleta de informações sem disparo | Rei do Armarinho,73272,POS-221,Sys-Ops | Cards Operacionais,Concluído,,06/fev/26 10:06 AM,Ricardo Barretto,5bc4ae2d49bd18289a64f694,Sprint 33,,,,,,,,
Problema,POS-3367,91138,Erro nas campanhas de WebPush,73272,POS-221,Sys-Ops | Cards Operacionais,Concluído,,06/fev/26 11:18 AM,Juliana Diniz,5bc4b12849bd18289a64f6a1,Sprint 33,,,,,,,,
Subtarefa,POS-3338,90587,Atualizar a versão da API da Meta para v24,89125,POS-3254,8.BACK: Nova API do Meta,Concluído,,06/fev/26 11:39 AM,Sávio,5bbfb807412ef82f09606a29,Sprint 33,Sprint 34,Sprint 35,,,,,,
Dúvida,POS-3383,91493,ID 13732 | DPASCHOAL | Relatório transacional de e-mail (ex-cliente),73272,POS-221,Sys-Ops | Cards Operacionais,Concluído,,06/fev/26 1:06 PM,Juliana Diniz,5bc4b12849bd18289a64f6a1,Sprint 33,,,,,,,,
História,POS-3374,91410,SMB [Delivery direto] Rofam - vinculação manual,73272,POS-221,Sys-Ops | Cards Operacionais,Concluído,03/fev/26 12:00 AM,06/fev/26 3:46 PM,Bruno Cruz Silva,712020:42adaa16-4a23-47db-bae7-528b19b7f35a,Sprint 33,,,,,,,,
Tarefa,POS-3404,92208,SMB - Sua Loja Clean - Falha ao Acessar Carrinho Abandonado Através da Página de Missões - Tray,73272,POS-221,Sys-Ops | Cards Operacionais,Concluído,,09/fev/26 9:38 AM,Bruno Cruz Silva,712020:42adaa16-4a23-47db-bae7-528b19b7f35a,Sprint 33,,,,,,,,
Subtarefa,POS-3333,90577, Script de Migração para Clientes Existentes,89125,POS-3254,8.BACK: Nova API do Meta,Concluído,,09/fev/26 2:13 PM,Sávio,5bbfb807412ef82f09606a29,Sprint 33,Sprint 34,Sprint 35,,,,,,
Solicitação de serviço,POS-3424,92563,ALTA | AMVOX | ID: 50648 Aumento limite diário WhatsApp,73272,POS-221,Sys-Ops | Cards Operacionais,Concluído,,09/fev/26 2:59 PM,Juliana Diniz,5bc4b12849bd18289a64f6a1,Sprint 33,,,,,,,,
Tarefa,POS-3402,92206,SMB - Casa Santiago - Identificação de contatos cadastrados via plugin de E-mail Marketing - Tray,73272,POS-221,Sys-Ops | Cards Operacionais,Concluído,,09/fev/26 3:00 PM,,,Sprint 33,,,,,,,,
Problema,POS-3392,91802,ID 15555 | Workflow baseado em lista (Automatizador) com erro no Automatizador,73272,POS-221,Sys-Ops | Cards Operacionais,Concluído,,09/fev/26 3:09 PM,Sávio,5bbfb807412ef82f09606a29,Sprint 33,,,,,,,,
Problema,POS-3395,91872,Disparo BTG | Definição de Tempo de disparo,73272,POS-221,Sys-Ops | Cards Operacionais,Concluído,,09/fev/26 3:14 PM,Ricardo Barretto,5bc4ae2d49bd18289a64f694,Sprint 33,,,,,,,,
Tarefa,POS-3403,92207,SMB - Pretty Ballerinas Brasil - Erro Gerar Email MKT- Tray,73272,POS-221,Sys-Ops | Cards Operacionais,Concluído,,09/fev/26 3:14 PM,Gustavo Bium Donadon,712020:783b53ab-197a-4286-9246-158f752f3aa2,Sprint 33,,,,,,,,
Tarefa,POS-3427,92639,FRONT: Nova API do Meta,,,,CANCELADO,,09/fev/26 4:52 PM,,,,,,,,,,,
Tarefa,POS-3406,92210,SMB - Outlet Center BR - Não consegue contratar plano especial de envios - Tray,93126,POS-3461,Sys-Ops SMB | Cards Operacionais,Concluído,,10/fev/26 10:03 AM,Gustavo Bium Donadon,712020:783b53ab-197a-4286-9246-158f752f3aa2,Sprint 33,Sprint 34,,,,,,,
Dúvida,POS-3421,92357,Balaroti | Solicitação de agenda,73272,POS-221,Sys-Ops | Cards Operacionais,Concluído,,10/fev/26 10:03 AM,,,Sprint 33,Sprint 34,,,,,,,
Subtarefa,POS-3449,92790,Alterar projeto synapse-message-event-worker para atualizar customerConfiguredApi nos envios ,89125,POS-3254,8.BACK: Nova API do Meta,Concluído,,10/fev/26 12:25 PM,Sávio,5bbfb807412ef82f09606a29,Sprint 33,Sprint 34,Sprint 35,,,,,,
História,POS-3329,90472,SMB [Delivery direto] Pizzaria Sabores de São Paulo - vinculação manual,93126,POS-3461,Sys-Ops SMB | Cards Operacionais,Concluído,27/jan/26 12:00 AM,10/fev/26 2:02 PM,Bruno Cruz Silva,712020:42adaa16-4a23-47db-bae7-528b19b7f35a,Sprint 33,Sprint 34,,,,,,,
Problema,POS-3450,92823,Webpush Comportamental,73272,POS-221,Sys-Ops | Cards Operacionais,Concluído,,11/fev/26 10:06 AM,Ricardo Barretto,5bc4ae2d49bd18289a64f694,Sprint 34,,,,,,,,
Problema,POS-3446,92690,Re: Relatorio App Push - Moovpay,73272,POS-221,Sys-Ops | Cards Operacionais,Concluído,,11/fev/26 10:20 AM,Juliana Diniz,5bc4b12849bd18289a64f6a1,Sprint 34,,,,,,,,
Tarefa,POS-3414,92218,ABTD - Erro ao subir lista - Acontece frequente,73272,POS-221,Sys-Ops | Cards Operacionais,Concluído,,11/fev/26 2:48 PM,Juliana Diniz,5bc4b12849bd18289a64f6a1,Sprint 33,Sprint 34,,,,,,,
Tarefa,POS-3259,89163,11.BACK: Envio de teste de WhatsApp,101390,POS-3888,2.0 Campanhas,Concluído,,11/fev/26 4:29 PM,Ricardo Barretto,5bc4ae2d49bd18289a64f694,Sprint 33,Sprint 34,,,,,,,
Subtarefa,POS-3466,93291,Alterar a chamada para `auth.php` para ocorrer após confirmação de contratação e autorização,93225,POS-3464,2.[SMB] Ajuste no fluxo de contratação Tray,Concluído,,11/fev/26 4:44 PM,Gustavo Bium Donadon,712020:783b53ab-197a-4286-9246-158f752f3aa2,Sprint 34,Sprint 35,,,,,,,
Subtarefa,POS-3467,93292,Testar o novo fluxo de contratação e instalação do aplicativo Tray,93225,POS-3464,2.[SMB] Ajuste no fluxo de contratação Tray,Concluído,,11/fev/26 4:45 PM,Gustavo Bium Donadon,712020:783b53ab-197a-4286-9246-158f752f3aa2,Sprint 34,Sprint 35,,,,,,,
Subtarefa,POS-3473,93493,Criar rotas auxiliares para contemplar o novo fluxo,93225,POS-3464,2.[SMB] Ajuste no fluxo de contratação Tray,Concluído,,11/fev/26 4:45 PM,Gustavo Bium Donadon,712020:783b53ab-197a-4286-9246-158f752f3aa2,Sprint 34,Sprint 35,,,,,,,
Solicitação de serviço,POS-3458,93058,Entrada em segmentação - Dados do BTG,73272,POS-221,Sys-Ops | Cards Operacionais,Concluído,,11/fev/26 5:36 PM,Juliana Diniz,5bc4b12849bd18289a64f6a1,Sprint 34,,,,,,,,
Subtarefa,POS-3469,93360,Atualizar rotas com os nomes das view,90268,POS-3301,10.[BACK] Integração GA4 - Uso de dados para relatórios,Concluído,,12/fev/26 10:30 AM,Juliana Diniz,5bc4b12849bd18289a64f6a1,Sprint 33,Sprint 34,,,,,,,
Tarefa,POS-3301,90268,10.[BACK] Integração GA4 - Uso de dados para relatórios,101391,POS-3889,2.0 Dados e Relatórios,Concluído,,12/fev/26 10:31 AM,Juliana Diniz,5bc4b12849bd18289a64f6a1,Sprint 33,Sprint 34,,,,,,,
Subtarefa,POS-3479,93833,criar tabelas,92139,POS-3401,[SMB] Injetar créditos remanescentes e ligar fluxo de créditos,Concluído,,12/fev/26 2:59 PM,Gustavo Bium Donadon,712020:783b53ab-197a-4286-9246-158f752f3aa2,Sprint 33,Sprint 34,Sprint 35,,,,,,
Problema,POS-3354,90887,Horizon Play | Regra de Fidelidade disparando em excesso,73272,POS-221,Sys-Ops | Cards Operacionais,Concluído,,12/fev/26 4:20 PM,Ricardo Barretto,5bc4ae2d49bd18289a64f694,Sprint 33,,,,,,,,
Tarefa,POS-3452,92857,[SMB - Delivery direto] Delicitá Sorveteria Cafeteria,93126,POS-3461,Sys-Ops SMB | Cards Operacionais,Concluído,,13/fev/26 9:36 AM,Bruno Cruz Silva,712020:42adaa16-4a23-47db-bae7-528b19b7f35a,Sprint 34,,,,,,,,
Tarefa,POS-3451,92856,[SMB - Delivery direto] Walmê Confeitaria,93126,POS-3461,Sys-Ops SMB | Cards Operacionais,Concluído,,13/fev/26 9:37 AM,Bruno Cruz Silva,712020:42adaa16-4a23-47db-bae7-528b19b7f35a,Sprint 34,,,,,,,,
Problema,POS-3396,91905,Tupan | WebPush Comportamental,73272,POS-221,Sys-Ops | Cards Operacionais,Concluído,,13/fev/26 10:05 AM,Ricardo Barretto,5bc4ae2d49bd18289a64f694,Sprint 33,Sprint 34,,,,,,,
Subtarefa,FRONT-41,93841,Ícones muito colados (gestão de listas),93829,FRONT-28,3. Ajustes pós validação,Concluído,,13/fev/26 2:22 PM,Bruno Cruz Silva,712020:42adaa16-4a23-47db-bae7-528b19b7f35a,Sprint 34,Sprint 35,Sprint 36,,,,,,
Subtarefa,FRONT-42,93843,Ajustar front de acordo com o protótipo (gestão de listas > ver detalhes),93829,FRONT-28,3. Ajustes pós validação,Concluído,,13/fev/26 3:08 PM,Bruno Cruz Silva,712020:42adaa16-4a23-47db-bae7-528b19b7f35a,Sprint 34,Sprint 35,Sprint 36,,,,,,
Subtarefa,FRONT-50,93859,Padronização do card “Performance por Canal”,93829,FRONT-28,3. Ajustes pós validação,Concluído,,13/fev/26 3:14 PM,Bruno Cruz Silva,712020:42adaa16-4a23-47db-bae7-528b19b7f35a,Sprint 34,Sprint 35,Sprint 36,,,,,,
Subtarefa,FRONT-61,94045,Bug: na criação do template,93829,FRONT-28,3. Ajustes pós validação,Concluído,,13/fev/26 3:54 PM,Bruno Cruz Silva,712020:42adaa16-4a23-47db-bae7-528b19b7f35a,Sprint 34,Sprint 35,Sprint 36,,,,,,
Problema,POS-3448,92756,duvidas de webpush  - emoji e origem ,73272,POS-221,Sys-Ops | Cards Operacionais,Concluído,,18/fev/26 2:05 PM,Juliana Diniz,5bc4b12849bd18289a64f6a1,Sprint 34,,,,,,,,
Subtarefa,FRONT-43,93845,Ajustar front de acordo com o protótipo (Remover contatos da Lista),93829,FRONT-28,3. Ajustes pós validação,Concluído,,18/fev/26 2:23 PM,Bruno Cruz Silva,712020:42adaa16-4a23-47db-bae7-528b19b7f35a,Sprint 34,Sprint 35,Sprint 36,,,,,,
Subtarefa,FRONT-63,94050,Tamanho da tipografia desproporcional na criação de template WhatsApp,93829,FRONT-28,3. Ajustes pós validação,Concluído,,18/fev/26 2:28 PM,Bruno Cruz Silva,712020:42adaa16-4a23-47db-bae7-528b19b7f35a,Sprint 34,Sprint 35,Sprint 36,,,,,,
Subtarefa,FRONT-56,93872,Nome do template não exibido na aba “Detalhes da Campanha” - BACK + FRONT,93829,FRONT-28,3. Ajustes pós validação,Concluído,,18/fev/26 2:37 PM,Bruno Cruz Silva,712020:42adaa16-4a23-47db-bae7-528b19b7f35a,Sprint 34,Sprint 35,Sprint 36,,,,,,
Subtarefa,FRONT-54,93868,Bug: Botão “Editar” redirecionando para tela incorreta,93829,FRONT-28,3. Ajustes pós validação,Concluído,,18/fev/26 2:40 PM,Bruno Cruz Silva,712020:42adaa16-4a23-47db-bae7-528b19b7f35a,Sprint 34,Sprint 35,Sprint 36,,,,,,
Tarefa,POS-3422,92456,SMB - LilyBliss - Mercado Natural - Problema no disparo de e-mails da campanha - Tray,93126,POS-3461,Sys-Ops SMB | Cards Operacionais,Concluído,,18/fev/26 2:55 PM,Gustavo Bium Donadon,712020:783b53ab-197a-4286-9246-158f752f3aa2,Sprint 33,Sprint 34,,,,,,,
Tarefa,POS-3398,92072,SMB - Mundoware - Teste não está sendo disparado - Tray,93126,POS-3461,Sys-Ops SMB | Cards Operacionais,Concluído,,18/fev/26 2:55 PM,Gustavo Bium Donadon,712020:783b53ab-197a-4286-9246-158f752f3aa2,Sprint 33,Sprint 34,,,,,,,
Tarefa,POS-3407,92211,SMB - Cosmed Bronze Distribuidora - Campanhas E-mail marketing não disparadas - Tray,93126,POS-3461,Sys-Ops SMB | Cards Operacionais,Concluído,,18/fev/26 2:56 PM,Gustavo Bium Donadon,712020:783b53ab-197a-4286-9246-158f752f3aa2,Sprint 33,Sprint 34,,,,,,,
Tarefa,POS-3408,92212,SMB - Sportfan - E-mails de testes do e-mail marketing não sendo enviado - Tray,93126,POS-3461,Sys-Ops SMB | Cards Operacionais,Concluído,,18/fev/26 2:56 PM,Gustavo Bium Donadon,712020:783b53ab-197a-4286-9246-158f752f3aa2,Sprint 33,Sprint 34,,,,,,,
Tarefa,POS-3409,92213,SMB - Hálito Saudável - Base de e-mails de clientes caiu bruscamente - Tray,93126,POS-3461,Sys-Ops SMB | Cards Operacionais,Concluído,,18/fev/26 2:57 PM,Gustavo Bium Donadon,712020:783b53ab-197a-4286-9246-158f752f3aa2,Sprint 33,Sprint 34,,,,,,,
Tarefa,POS-3411,92215,SMB - Arte & Tear - Problema no envio de e-mails Marketing - Tray,93126,POS-3461,Sys-Ops SMB | Cards Operacionais,Concluído,,18/fev/26 2:58 PM,Gustavo Bium Donadon,712020:783b53ab-197a-4286-9246-158f752f3aa2,Sprint 33,Sprint 34,,,,,,,
Tarefa,POS-3412,92216,SMB - HMulti - E-mail teste não sendo disparado - Tray,93126,POS-3461,Sys-Ops SMB | Cards Operacionais,Concluído,,18/fev/26 3:00 PM,Gustavo Bium Donadon,712020:783b53ab-197a-4286-9246-158f752f3aa2,Sprint 33,Sprint 34,,,,,,,
Tarefa,POS-3413,92217,SMB - Cosmed Bronze Distribuidora - Problema em campanhas de e-mail - Tray,93126,POS-3461,Sys-Ops SMB | Cards Operacionais,Concluído,,18/fev/26 3:00 PM,Gustavo Bium Donadon,712020:783b53ab-197a-4286-9246-158f752f3aa2,Sprint 33,Sprint 34,,,,,,,
Subtarefa,FRONT-52,93863,Exibição incorreta do template na tela de confirmação de campanha,93829,FRONT-28,3. Ajustes pós validação,Concluído,,18/fev/26 3:00 PM,Bruno Cruz Silva,712020:42adaa16-4a23-47db-bae7-528b19b7f35a,Sprint 34,Sprint 35,Sprint 36,,,,,,
Subtarefa,POS-3481,93837,injetar valores,92139,POS-3401,[SMB] Injetar créditos remanescentes e ligar fluxo de créditos,Concluído,,18/fev/26 3:28 PM,Gustavo Bium Donadon,712020:783b53ab-197a-4286-9246-158f752f3aa2,Sprint 33,Sprint 34,Sprint 35,,,,,,
Subtarefa,POS-3480,93835,criar sql functions,92139,POS-3401,[SMB] Injetar créditos remanescentes e ligar fluxo de créditos,Concluído,,18/fev/26 3:28 PM,Gustavo Bium Donadon,712020:783b53ab-197a-4286-9246-158f752f3aa2,Sprint 33,Sprint 34,Sprint 35,,,,,,
Subtarefa,FRONT-64,94150,Erro inesperado ao criar template de whatsapp,93829,FRONT-28,3. Ajustes pós validação,Concluído,,18/fev/26 3:34 PM,Ricardo Barretto,5bc4ae2d49bd18289a64f694,Sprint 34,Sprint 35,Sprint 36,,,,,,
Subtarefa,FRONT-45,93849,Ajustar Outline dos botões de exclusão na visão do cliente,93829,FRONT-28,3. Ajustes pós validação,Concluído,,18/fev/26 3:35 PM,Bruno Cruz Silva,712020:42adaa16-4a23-47db-bae7-528b19b7f35a,Sprint 34,Sprint 35,Sprint 36,,,,,,
Subtarefa,FRONT-51,93861,Alterar fundo de todos os campos de input para branco,93829,FRONT-28,3. Ajustes pós validação,Concluído,,18/fev/26 5:04 PM,Bruno Cruz Silva,712020:42adaa16-4a23-47db-bae7-528b19b7f35a,Sprint 34,Sprint 35,Sprint 36,,,,,,
Tarefa,POS-3423,92523,13.[FRONT] Atualização do sidebar,102396,POS-3966,2.0 Setup inicial,Concluído,,18/fev/26 5:32 PM,Renato Novaes,60a4007747ba02006f2460fd,Sprint 33,Sprint 34,,,,,,,
Tarefa,POS-3311,90345,6. FRONT: Possibilitar Repique de e-mail e WhatsAPP,101390,POS-3888,2.0 Campanhas,Concluído,,18/fev/26 5:33 PM,Wesley Ferreira,614091b449f7bd00689bcda2,Sprint 34,,,,,,,,
Bug,POS-3344,90692,9.FRONT: Ajuste de status/ações na tela de Studio,101408,POS-3894,2.0 Studio,Concluído,,18/fev/26 5:35 PM,Renato Novaes,60a4007747ba02006f2460fd,Sprint 33,Sprint 34,,,,,,,
Problema,POS-3472,93459,Optout não está funcionando,73272,POS-221,Sys-Ops | Cards Operacionais,Concluído,,18/fev/26 5:41 PM,Juliana Diniz,5bc4b12849bd18289a64f6a1,Sprint 34,,,,,,,,
Tarefa,POS-3313,90347,"3.FRONT: Melhorias na Gestão de Listas: Ações por Status, Arquivamento e Fluxos de Exclusão",102397,POS-3967,2.0 Listas,Concluído,,18/fev/26 5:50 PM,Gustavo Bium Donadon,712020:783b53ab-197a-4286-9246-158f752f3aa2,Sprint 33,Sprint 34,,,,,,,
Problema,POS-3496,93866,ID 9848 | KALUNGA | Erro ou impedimento de salvar a campanha ao editar (Inclusive em Agendadas),73272,POS-221,Sys-Ops | Cards Operacionais,Concluído,,19/fev/26 10:11 AM,Juliana Diniz,5bc4b12849bd18289a64f6a1,Sprint 34,,,,,,,,
Solicitação de serviço,POS-3509,94152,Ajuste Tag Cart | Adição de evento Commerce  / LP Beauty,73272,POS-221,Sys-Ops | Cards Operacionais,Concluído,,19/fev/26 11:26 AM,Anderson Silva,624c8d33ed4d6b007016e305,Sprint 34,,,,,,,,
Tarefa,POS-3255,89126,6.BACK: Possibilitar Repique de e-mail e WhatsAPP,101390,POS-3888,2.0 Campanhas,Concluído,,19/fev/26 3:29 PM,Gustavo Bium Donadon,712020:783b53ab-197a-4286-9246-158f752f3aa2,Sprint 33,Sprint 34,,,,,,,
Tarefa,POS-3303,90303,23.FRONT: Nao permitir a criação de templates com nome duplicado,101408,POS-3894,2.0 Studio,Concluído,,19/fev/26 3:29 PM,Thiago Vilasboas,609e78d197f3d40070deda34,Sprint 34,,,,,,,,
Tarefa,POS-3275,89595,1.BACK/FRONT: Seleção de Conta após Login,102396,POS-3966,2.0 Setup inicial,Concluído,,19/fev/26 3:42 PM,Bruno Cruz Silva,712020:42adaa16-4a23-47db-bae7-528b19b7f35a,Sprint 33,Sprint 34,,,,,,,
Tarefa,POS-3265,89235,12.BACK: Discovery para viabilizar o Segmentador,101388,POS-3886,2.0 Segmentador,Concluído,,19/fev/26 4:26 PM,Bárbara Auguste Fernandes Meirelles,712020:8f547731-dc4d-407c-a6b5-bea39b910335,Sprint 33,Sprint 34,,,,,,,
Subtarefa,FRONT-57,93874,Bug: Inconsistência de status e dados ao visualizar campanha agendada - BACK + FRONT,93829,FRONT-28,3. Ajustes pós validação,Concluído,,19/fev/26 5:27 PM,Sávio,5bbfb807412ef82f09606a29,Sprint 34,Sprint 35,Sprint 36,,,,,,
Subtarefa,POS-3523,94347,Integrar protótipo da landing page informativa ao frontend,92324,POS-3420,4. BACK/FRONT: landing Page de integração com o Commerce,Concluído,,19/fev/26 5:37 PM,Thiago Vilasboas,609e78d197f3d40070deda34,Sprint 34,Sprint 35,,,,,,,
Tarefa,POS-3475,93559,[SMB - Bagy] 65727 Distribuidora Eroticpoint - envio automático de e-mail,93126,POS-3461,Sys-Ops SMB | Cards Operacionais,Concluído,,19/fev/26 6:46 PM,Gustavo Bium Donadon,712020:783b53ab-197a-4286-9246-158f752f3aa2,Sprint 34,,,,,,,,
Subtarefa,POS-3520,94341,Exibir página informativa para usuários sem acesso ao Experience,92324,POS-3420,4. BACK/FRONT: landing Page de integração com o Commerce,Concluído,,20/fev/26 10:14 AM,Thiago Vilasboas,609e78d197f3d40070deda34,Sprint 34,Sprint 35,,,,,,,
Solicitação de serviço,POS-3503,93911,BUG edição de multiplos emails,73272,POS-221,Sys-Ops | Cards Operacionais,Concluído,,20/fev/26 10:22 AM,Juliana Diniz,5bc4b12849bd18289a64f6a1,Sprint 34,,,,,,,,
Solicitação de serviço,POS-3510,94153,Problema ao subir lista para SMS | Sonda Supermercados - 6209,73272,POS-221,Sys-Ops | Cards Operacionais,Concluído,,20/fev/26 10:23 AM,Juliana Diniz,5bc4b12849bd18289a64f6a1,Sprint 34,,,,,,,,
Problema,POS-3463,93192,Uhuu |  Lista uhuu_geral_por_evento,73272,POS-221,Sys-Ops | Cards Operacionais,Concluído,,20/fev/26 10:23 AM,Juliana Diniz,5bc4b12849bd18289a64f6a1,Sprint 34,,,,,,,,
Solicitação de serviço,POS-3476,93592,ID 50639 | COLEMAN | Usuário sem acesso a plataforma - mesmo com o reset de senha | ,73272,POS-221,Sys-Ops | Cards Operacionais,Concluído,,20/fev/26 10:33 AM,Juliana Diniz,5bc4b12849bd18289a64f6a1,Sprint 34,,,,,,,,
Problema,POS-3540,94605,Mundo Verde ID 50684 | Matriz RFV,73272,POS-221,Sys-Ops | Cards Operacionais,Concluído,,20/fev/26 12:29 PM,Juliana Diniz,5bc4b12849bd18289a64f6a1,Sprint 34,,,,,,,,
Subtarefa,FRONT-62,94047,Ajuste no visual de criação de template de Email,93829,FRONT-28,3. Ajustes pós validação,Concluído,,20/fev/26 3:15 PM,Bruno Cruz Silva,712020:42adaa16-4a23-47db-bae7-528b19b7f35a,Sprint 34,Sprint 35,Sprint 36,,,,,,
Subtarefa,FRONT-48,93855,Bug: Lista com status “Parcialmente Processada” indevidamente,93829,FRONT-28,3. Ajustes pós validação,Concluído,,20/fev/26 3:16 PM,Gustavo Bium Donadon,712020:783b53ab-197a-4286-9246-158f752f3aa2,Sprint 34,Sprint 35,Sprint 36,,,,,,
Subtarefa,POS-3548,94808,Ativar B2Seller e TOKEN,94599,POS-3535,3. Esporte Legal | Wake U | Processamento de dados,Concluído,,20/fev/26 4:02 PM,Ricardo Barretto,5bc4ae2d49bd18289a64f694,Sprint 34,Sprint 35,,,,,,,
Solicitação de serviço,POS-3394,91837,Re: Liberação de acesso ao Web Push e BTG | Gran Coffee - 43969,73272,POS-221,Sys-Ops | Cards Operacionais,Concluído,,20/fev/26 4:44 PM,Ricardo Barretto,5bc4ae2d49bd18289a64f694,Sprint 33,Sprint 34,,,,,,,
Problema,POS-3462,93159,Integração Club Opus ,73272,POS-221,Sys-Ops | Cards Operacionais,Concluído,,23/fev/26 10:04 AM,Sávio,5bbfb807412ef82f09606a29,Sprint 34,,,,,,,,
Tarefa,POS-3511,94259,[SMB] 1448511 - GTCell.Net Exclusão de listas,93126,POS-3461,Sys-Ops SMB | Cards Operacionais,Concluído,,23/fev/26 10:18 AM,Gustavo Bium Donadon,712020:783b53ab-197a-4286-9246-158f752f3aa2,Sprint 34,,,,,,,,
Tarefa,POS-3512,94292,[Delivery Direto] Spazio Gurmer vinculação manual,93126,POS-3461,Sys-Ops SMB | Cards Operacionais,Concluído,,23/fev/26 10:22 AM,Bruno Cruz Silva,712020:42adaa16-4a23-47db-bae7-528b19b7f35a,Sprint 34,,,,,,,,
Tarefa,POS-3530,94454,[Delivery direto] Emporio Tinks - vinculação manual,93126,POS-3461,Sys-Ops SMB | Cards Operacionais,Concluído,,23/fev/26 10:23 AM,Bruno Cruz Silva,712020:42adaa16-4a23-47db-bae7-528b19b7f35a,Sprint 34,,,,,,,,
Problema,POS-3554,94854,Disponibilização de subida de lista para SMS | Gran Coffee B2B - 43969,73272,POS-221,Sys-Ops | Cards Operacionais,Concluído,,23/fev/26 11:13 AM,Juliana Diniz,5bc4b12849bd18289a64f6a1,Sprint 34,,,,,,,,
Problema,POS-3542,94639,[King] Conflito com o limite da lista de contatos e o plano.,93126,POS-3461,Sys-Ops SMB | Cards Operacionais,Concluído,,23/fev/26 1:56 PM,Gustavo Bium Donadon,712020:783b53ab-197a-4286-9246-158f752f3aa2,Sprint 34,,,,,,,,
Problema,POS-3555,94892,"[ SMB] Kinghost | Lista de Contatos Correta Sendo Aceita, Porém os E-mails Não Chegam Corretamente",93126,POS-3461,Sys-Ops SMB | Cards Operacionais,Concluído,,23/fev/26 2:04 PM,Gustavo Bium Donadon,712020:783b53ab-197a-4286-9246-158f752f3aa2,Sprint 34,,,,,,,,
Subtarefa,FRONT-71,94339,Front: Ajustes de UI - Visualizar campanhas automáticas,93829,FRONT-28,3. Ajustes pós validação,Concluído,,23/fev/26 3:20 PM,Bruno Cruz Silva,712020:42adaa16-4a23-47db-bae7-528b19b7f35a,Sprint 34,Sprint 35,Sprint 36,,,,,,
Subtarefa,FRONT-69,94334,Ajustar Outline dos botões de exclusão (Gestão de Lista),93829,FRONT-28,3. Ajustes pós validação,Concluído,,23/fev/26 3:25 PM,Bruno Cruz Silva,712020:42adaa16-4a23-47db-bae7-528b19b7f35a,Sprint 34,Sprint 35,Sprint 36,,,,,,
Subtarefa,FRONT-68,94332,Front: campanhas automáticas - erro no nome do template,93829,FRONT-28,3. Ajustes pós validação,Concluído,,23/fev/26 3:29 PM,Bruno Cruz Silva,712020:42adaa16-4a23-47db-bae7-528b19b7f35a,Sprint 34,Sprint 35,Sprint 36,,,,,,
Subtarefa,FRONT-67,94330,Front: campnha automática: ajustar visualização do link com utm,93829,FRONT-28,3. Ajustes pós validação,Concluído,,23/fev/26 3:33 PM,Bruno Cruz Silva,712020:42adaa16-4a23-47db-bae7-528b19b7f35a,Sprint 34,Sprint 35,Sprint 36,,,,,,
Subtarefa,FRONT-66,94328,Front: Campanha automática - Nome da UTM,93829,FRONT-28,3. Ajustes pós validação,Concluído,,23/fev/26 3:39 PM,Bruno Cruz Silva,712020:42adaa16-4a23-47db-bae7-528b19b7f35a,Sprint 34,Sprint 35,Sprint 36,,,,,,
Problema,POS-3526,94352,Distac ID 50425 | Conteúdo Bloqueado - Web Push,73272,POS-221,Sys-Ops | Cards Operacionais,Concluído,,23/fev/26 3:40 PM,Juliana Diniz,5bc4b12849bd18289a64f6a1,Sprint 34,,,,,,,,
Subtarefa,FRONT-65,94326,Front: campanha automática - cor do input,93829,FRONT-28,3. Ajustes pós validação,Concluído,,23/fev/26 3:43 PM,Bruno Cruz Silva,712020:42adaa16-4a23-47db-bae7-528b19b7f35a,Sprint 34,Sprint 35,Sprint 36,,,,,,
Subtarefa,FRONT-53,93865,Geração incorreta de UTMs (espaço),93829,FRONT-28,3. Ajustes pós validação,Concluído,,23/fev/26 4:00 PM,Bruno Cruz Silva,712020:42adaa16-4a23-47db-bae7-528b19b7f35a,Sprint 34,Sprint 35,Sprint 36,,,,,,
Tarefa,POS-3465,93258,[SMB - Bagy] 41943 Colorir - Whatsapp Marketing,93126,POS-3461,Sys-Ops SMB | Cards Operacionais,Concluído,,23/fev/26 5:21 PM,Gustavo Bium Donadon,712020:783b53ab-197a-4286-9246-158f752f3aa2,Sprint 34,,,,,,,,
Subtarefa,FRONT-89,94554,[BACK] Remover obrigatoriedade de Customer ID,88047,FRONT-7,9.[Nice] FRONT - APENAS TELAS: On Site na nova plataforma,Concluído,,23/fev/26 5:32 PM,Pedro Dib,5bc4ae2aa1a6a72f4761a152,Sprint 32,Sprint 33,Sprint 34,Sprint 35,Sprint 36,Sprint 37,Sprint 38,,
Subtarefa,FRONT-90,94556,[BACK] Ajuste no payload da criação de campanhas,88047,FRONT-7,9.[Nice] FRONT - APENAS TELAS: On Site na nova plataforma,Concluído,,23/fev/26 5:32 PM,Pedro Dib,5bc4ae2aa1a6a72f4761a152,Sprint 32,Sprint 33,Sprint 34,Sprint 35,Sprint 36,Sprint 37,Sprint 38,,
Subtarefa,POS-3415,92252,Implementar métrica de envios de teste realizados,92072,POS-3398,SMB - Mundoware - Teste não está sendo disparado - Tray,Concluído,,23/fev/26 5:42 PM,,,Sprint 33,Sprint 34,,,,,,,
Subtarefa,POS-3416,92254,Avaliar alteração dos disparos de testes para uso de novos VMTBs,92072,POS-3398,SMB - Mundoware - Teste não está sendo disparado - Tray,Concluído,,23/fev/26 5:42 PM,,,Sprint 33,Sprint 34,,,,,,,
Subtarefa,POS-3417,92256,Adicionar mensagem descritiva no front-end sobre possíveis falhas no disparo de testes,92072,POS-3398,SMB - Mundoware - Teste não está sendo disparado - Tray,Concluído,,23/fev/26 5:42 PM,,,Sprint 33,Sprint 34,,,,,,,
Bug,POS-3373,91377,Lista  nao está refletindo na visão do cliente,102397,POS-3967,2.0 Listas,Concluído,,23/fev/26 5:47 PM,Gustavo Bium Donadon,712020:783b53ab-197a-4286-9246-158f752f3aa2,Sprint 33,Sprint 34,Sprint 35,,,,,,
Tarefa,POS-3397,92039,Discovery para trazer BTG para nova estrutura,97007,POS-3696,2.0 BTG ,Concluído,,23/fev/26 5:49 PM,Ricardo Barretto,5bc4ae2d49bd18289a64f694,Sprint 34,Sprint 35,,,,,,,
Tarefa,POS-3543,94672,[Smb] 1083165 - Fabrispuma Nome pendente de revisão - WhatsApp API,93126,POS-3461,Sys-Ops SMB | Cards Operacionais,Concluído,,23/fev/26 6:05 PM,Gustavo Bium Donadon,712020:783b53ab-197a-4286-9246-158f752f3aa2,Sprint 34,Sprint 35,,,,,,,
Problema,POS-3474,93526,Uhuu Relacionamento 50705 - Agendamento ,73272,POS-221,Sys-Ops | Cards Operacionais,Concluído,,23/fev/26 6:07 PM,Renato Novaes,60a4007747ba02006f2460fd,Sprint 34,Sprint 35,,,,,,,
Subtarefa,FRONT-36,95102,CLONE - [BACK] Remover obrigatoriedade de Customer ID,95101,FRONT-5,8.[Nice] FRONT - INTEGRAÇÃO: On Site na nova plataforma,Concluído,,23/fev/26 6:32 PM,Pedro Dib,5bc4ae2aa1a6a72f4761a152,Sprint 32,Sprint 33,Sprint 34,Sprint 35,Sprint 36,Sprint 37,Sprint 38,,
Subtarefa,FRONT-44,93847,Bug: Remoção de contato não atualiza dados da lista corretamente,93829,FRONT-28,3. Ajustes pós validação,Concluído,,24/fev/26 9:45 AM,Gustavo Bium Donadon,712020:783b53ab-197a-4286-9246-158f752f3aa2,Sprint 34,Sprint 35,Sprint 36,,,,,,
Subtarefa,FRONT-46,93851,Bug: Lista arquivada não fica acessível no status “Arquivada”,93829,FRONT-28,3. Ajustes pós validação,Concluído,,24/fev/26 9:49 AM,Bruno Cruz Silva,712020:42adaa16-4a23-47db-bae7-528b19b7f35a,Sprint 34,Sprint 35,Sprint 36,,,,,,
Problema,POS-3529,94388,Volumetria BTG,73272,POS-221,Sys-Ops | Cards Operacionais,Concluído,,24/fev/26 10:04 AM,Ricardo Barretto,5bc4ae2d49bd18289a64f694,Sprint 34,Sprint 35,,,,,,,
Problema,POS-3534,94598,BTG - LP Beauty,73272,POS-221,Sys-Ops | Cards Operacionais,Concluído,,24/fev/26 10:05 AM,Ricardo Barretto,5bc4ae2d49bd18289a64f694,Sprint 34,Sprint 35,,,,,,,
Tarefa,POS-3527,94354,[SMB] 1076196 - Grupo Orgânica - Dúvidas de cadastros e configurações gerais,93126,POS-3461,Sys-Ops SMB | Cards Operacionais,Concluído,,24/fev/26 10:21 AM,Gustavo Bium Donadon,712020:783b53ab-197a-4286-9246-158f752f3aa2,Sprint 34,Sprint 35,,,,,,,
Subtarefa,FRONT-55,93870,Alteração padrão da UTM Source,93829,FRONT-28,3. Ajustes pós validação,Concluído,,24/fev/26 11:08 AM,Bruno Cruz Silva,712020:42adaa16-4a23-47db-bae7-528b19b7f35a,Sprint 34,Sprint 35,Sprint 36,,,,,,
Subtarefa,FRONT-70,94336,Campanhas automaticas pausadas,93829,FRONT-28,3. Ajustes pós validação,Concluído,,24/fev/26 11:17 AM,Bruno Cruz Silva,712020:42adaa16-4a23-47db-bae7-528b19b7f35a,Sprint 34,Sprint 35,Sprint 36,,,,,,
Tarefa,POS-3405,92209,SMB - Yangfit - Troca de numero whatsapp - Tray,93126,POS-3461,Sys-Ops SMB | Cards Operacionais,Concluído,,24/fev/26 3:35 PM,Gustavo Bium Donadon,712020:783b53ab-197a-4286-9246-158f752f3aa2,Sprint 33,Sprint 34,Sprint 35,,,,,,
Tarefa,POS-3471,93426,[SMB WhatsApp] 754222 - Yangfit Erro Integração numero WhatsApp - Campanha inteligente,93126,POS-3461,Sys-Ops SMB | Cards Operacionais,Concluído,,24/fev/26 3:45 PM,Gustavo Bium Donadon,712020:783b53ab-197a-4286-9246-158f752f3aa2,Sprint 34,Sprint 35,,,,,,,
Subtarefa,POS-3549,94810,Ativar Omni e TOKEN,94599,POS-3535,3. Esporte Legal | Wake U | Processamento de dados,Concluído,,24/fev/26 4:31 PM,Anderson Silva,624c8d33ed4d6b007016e305,Sprint 34,Sprint 35,,,,,,,
Subtarefa,FRONT-38,95172,[BACK] Criar rota de duplicação de Campanha Onsite,95101,FRONT-5,8.[Nice] FRONT - INTEGRAÇÃO: On Site na nova plataforma,Concluído,,24/fev/26 6:19 PM,Pedro Dib,5bc4ae2aa1a6a72f4761a152,Sprint 32,Sprint 33,Sprint 34,Sprint 35,Sprint 36,Sprint 37,Sprint 38,,
Tarefa,POS-3528,94355,[SMB] 1233580 - Turma da Mel WhatsApp Marketing - Att da API do WhatsApp,93126,POS-3461,Sys-Ops SMB | Cards Operacionais,Concluído,,25/fev/26 10:04 AM,Gustavo Bium Donadon,712020:783b53ab-197a-4286-9246-158f752f3aa2,Sprint 34,Sprint 35,,,,,,,
Solicitação de serviço,POS-3574,95346,LP Beauty  50808 - Habilitar SMS e Web push Workflow ,73272,POS-221,Sys-Ops | Cards Operacionais,Concluído,,25/fev/26 10:05 AM,Pedro Dib,5bc4ae2aa1a6a72f4761a152,Sprint 35,,,,,,,,
Tarefa,POS-3410,92214,SMB - DRUØN - Funcionamento anormal campanha email marketing - Tray,93126,POS-3461,Sys-Ops SMB | Cards Operacionais,Concluído,,25/fev/26 10:13 AM,Gustavo Bium Donadon,712020:783b53ab-197a-4286-9246-158f752f3aa2,Sprint 33,Sprint 34,Sprint 35,,,,,,
Tarefa,POS-3454,92956,[SMB] 1151722 - Arvidas campanhas não disparadas para toda a base,93126,POS-3461,Sys-Ops SMB | Cards Operacionais,Concluído,,25/fev/26 10:14 AM,Gustavo Bium Donadon,712020:783b53ab-197a-4286-9246-158f752f3aa2,Sprint 34,Sprint 35,,,,,,,
Tarefa,POS-3455,92989,[SMB - 1401870 Pijamee Pijamee] Problemas no envio de testes que o cliente não está recebendo.,93126,POS-3461,Sys-Ops SMB | Cards Operacionais,Concluído,,25/fev/26 10:14 AM,Gustavo Bium Donadon,712020:783b53ab-197a-4286-9246-158f752f3aa2,Sprint 34,Sprint 35,,,,,,,
Tarefa,POS-3546,94773,[SMB] 1264532 - Kingz Brasil E-mail teste de campanha não enviado ao destinatário,93126,POS-3461,Sys-Ops SMB | Cards Operacionais,Concluído,,25/fev/26 10:15 AM,Gustavo Bium Donadon,712020:783b53ab-197a-4286-9246-158f752f3aa2,Sprint 34,Sprint 35,,,,,,,
Subtarefa,FRONT-37,95103,CLONE - [BACK] Ajuste no payload da criação de campanhas,95101,FRONT-5,8.[Nice] FRONT - INTEGRAÇÃO: On Site na nova plataforma,Concluído,,25/fev/26 11:18 AM,Pedro Dib,5bc4ae2aa1a6a72f4761a152,Sprint 32,Sprint 33,Sprint 34,Sprint 35,Sprint 36,Sprint 37,Sprint 38,,
Problema,POS-3561,95066,Democrata ID 50611 | Listas WebPush Zeradas,73272,POS-221,Sys-Ops | Cards Operacionais,Concluído,,25/fev/26 11:58 AM,Sávio,5bbfb807412ef82f09606a29,Sprint 34,Sprint 35,,,,,,,
Solicitação de serviço,POS-3559,94998,Opus 50480 -  Remoção e-mails de sócios hard bounce ,73272,POS-221,Sys-Ops | Cards Operacionais,Concluído,,25/fev/26 6:47 PM,Pedro Dib,5bc4ae2aa1a6a72f4761a152,Sprint 34,Sprint 35,,,,,,,
Solicitação de serviço,POS-3572,95311,Re: Problema ao subir lista para SMS | Sonda Supermercados - 6209,73272,POS-221,Sys-Ops | Cards Operacionais,Concluído,,26/fev/26 9:59 AM,Pedro Dib,5bc4ae2aa1a6a72f4761a152,Sprint 35,,,,,,,,
Dúvida,POS-3314,90348, Integração do Service Worker | Gran Coffee,73272,POS-221,Sys-Ops | Cards Operacionais,Concluído,,26/fev/26 10:03 AM,Anderson Silva,624c8d33ed4d6b007016e305,Sprint 33,,,,,,,,
Tarefa,POS-3401,92139,[SMB] Injetar créditos remanescentes e ligar fluxo de créditos,92723,POS-3447,SMB - Parceiros,Concluído,,26/fev/26 10:06 AM,Gustavo Bium Donadon,712020:783b53ab-197a-4286-9246-158f752f3aa2,Sprint 33,Sprint 34,Sprint 35,,,,,,
Subtarefa,POS-3482,93839,acompanhar,92139,POS-3401,[SMB] Injetar créditos remanescentes e ligar fluxo de créditos,Concluído,,26/fev/26 10:06 AM,Gustavo Bium Donadon,712020:783b53ab-197a-4286-9246-158f752f3aa2,Sprint 33,Sprint 34,Sprint 35,,,,,,
Solicitação de serviço,POS-3597,95743,LP 50808 - Aumento limite WhatsApp ,73272,POS-221,Sys-Ops | Cards Operacionais,Concluído,,26/fev/26 11:11 AM,Pedro Dib,5bc4ae2aa1a6a72f4761a152,Sprint 35,,,,,,,,
Tarefa,POS-3541,94606,[Delivery direto] Delivery - vinculação manual,93126,POS-3461,Sys-Ops SMB | Cards Operacionais,Concluído,,26/fev/26 2:12 PM,Bruno Cruz Silva,712020:42adaa16-4a23-47db-bae7-528b19b7f35a,Sprint 34,Sprint 35,,,,,,,
Subtarefa,POS-3573,95345,Definição de estrutura e tarefas,94932,POS-3558,3.[BACK] Estruturação/criação de motor do XML,Concluído,,26/fev/26 3:47 PM,Ricardo Barretto,5bc4ae2d49bd18289a64f694,Sprint 35,Sprint 36,,,,,,,
Tarefa,POS-3603,95822,Tornar a criação de Customer idempotente para suportar múltiplos logins,102396,POS-3966,2.0 Setup inicial,Concluído,,26/fev/26 4:43 PM,Pedro Dib,5bc4ae2aa1a6a72f4761a152,Sprint 35,,,,,,,,
Subtarefa,POS-3521,94343,Redirecionar usuários com acesso para a página principal do Experience,92324,POS-3420,4. BACK/FRONT: landing Page de integração com o Commerce,Concluído,,26/fev/26 4:45 PM,Thiago Vilasboas,609e78d197f3d40070deda34,Sprint 34,Sprint 35,,,,,,,
Subtarefa,POS-3522,94345,Implementar verificação do usuário na landing page,92324,POS-3420,4. BACK/FRONT: landing Page de integração com o Commerce,Concluído,,26/fev/26 4:45 PM,Thiago Vilasboas,609e78d197f3d40070deda34,Sprint 34,Sprint 35,,,,,,,
Subtarefa,FRONT-73,94601,Erro ao digitar nome da audiência em campanhas pontuais,93829,FRONT-28,3. Ajustes pós validação,Concluído,,26/fev/26 5:46 PM,,,Sprint 34,Sprint 35,Sprint 36,,,,,,
Tarefa,POS-3531,94487,[Bagy] Contact -Mudança de número,93126,POS-3461,Sys-Ops SMB | Cards Operacionais,Concluído,,26/fev/26 6:46 PM,Gustavo Bium Donadon,712020:783b53ab-197a-4286-9246-158f752f3aa2,Sprint 34,Sprint 35,,,,,,,
Subtarefa,POS-3550,94812,Cadastrar cliente no WakeU,94599,POS-3535,3. Esporte Legal | Wake U | Processamento de dados,Concluído,,27/fev/26 9:13 AM,Gustavo Bium Donadon,712020:783b53ab-197a-4286-9246-158f752f3aa2,Sprint 34,Sprint 35,,,,,,,
Subtarefa,POS-3551,94814,Criar Lojas,94599,POS-3535,3. Esporte Legal | Wake U | Processamento de dados,Concluído,,27/fev/26 9:13 AM,Gustavo Bium Donadon,712020:783b53ab-197a-4286-9246-158f752f3aa2,Sprint 34,Sprint 35,,,,,,,
Subtarefa,POS-3552,94816,Criar Vendedores,94599,POS-3535,3. Esporte Legal | Wake U | Processamento de dados,Concluído,,27/fev/26 9:13 AM,Gustavo Bium Donadon,712020:783b53ab-197a-4286-9246-158f752f3aa2,Sprint 34,Sprint 35,,,,,,,
Solicitação de serviço,POS-3596,95710,LP BEAUTY 50808 -  Lista WEBPUSH e Envios Webpush,73272,POS-221,Sys-Ops | Cards Operacionais,Concluído,,27/fev/26 10:02 AM,Ricardo Barretto,5bc4ae2d49bd18289a64f694,Sprint 35,,,,,,,,
Bug,POS-3594,95643,Listas de WebPush não estao refletindo no BTG,73272,POS-221,Sys-Ops | Cards Operacionais,Concluído,,27/fev/26 10:04 AM,Ricardo Barretto,5bc4ae2d49bd18289a64f694,Sprint 35,,,,,,,,
Tarefa,POS-3604,95824,[BACK] Criação de rota para consulta do token da SDK,102395,POS-3965,2.0 SDK e Integrações,Concluído,,27/fev/26 10:23 AM,Ricardo Barretto,5bc4ae2d49bd18289a64f694,Sprint 35,,,,,,,,
Tarefa,POS-3456,92990,[SMB - 1116077 Agrobombas] Link do carrinho abandonado de whatsApp está com problema,93126,POS-3461,Sys-Ops SMB | Cards Operacionais,Concluído,,27/fev/26 10:44 AM,Bruno Cruz Silva,712020:42adaa16-4a23-47db-bae7-528b19b7f35a,Sprint 34,Sprint 35,,,,,,,
Subtarefa,POS-3553,94818,Importar Carteiras,94599,POS-3535,3. Esporte Legal | Wake U | Processamento de dados,CANCELADO,,27/fev/26 12:13 PM,Gustavo Bium Donadon,712020:783b53ab-197a-4286-9246-158f752f3aa2,Sprint 34,Sprint 35,,,,,,,
Solicitação de serviço,POS-3535,94599,3. Esporte Legal | Wake U | Processamento de dados,95105,POS-3566,WAKE U,Concluído,,27/fev/26 12:13 PM,Gustavo Bium Donadon,712020:783b53ab-197a-4286-9246-158f752f3aa2,Sprint 34,Sprint 35,,,,,,,
Subtarefa,FRONT-40,93831,[Melhoria] Nao damos feedback de quando a lista já foi processada,93829,FRONT-28,3. Ajustes pós validação,Concluído,,27/fev/26 2:12 PM,Gustavo Bium Donadon,712020:783b53ab-197a-4286-9246-158f752f3aa2,Sprint 34,Sprint 35,Sprint 36,,,,,,
Bug,POS-3418,92257,1.FRONT: WhatsApp - Validação de nome de campanha | possibilidade de enviar múltiplos testes,,,,Concluído,,27/fev/26 2:18 PM,isabela.beatriz,712020:7fecd2d1-ffb2-4d42-b4b1-5af8e5f4ee5f,Sprint 34,Sprint 35,,,,,,,
Solicitação de serviço,POS-3606,95891,Omar Calçados 50655 - Lightbox com formulário,73272,POS-221,Sys-Ops | Cards Operacionais,Concluído,,27/fev/26 4:00 PM,Pedro Dib,5bc4ae2aa1a6a72f4761a152,Sprint 35,,,,,,,,
Subtarefa,POS-3575,95414,Modelagem e Estrutura do Banco,94932,POS-3558,3.[BACK] Estruturação/criação de motor do XML,Concluído,,02/mar/26 9:24 AM,Ricardo Barretto,5bc4ae2d49bd18289a64f694,Sprint 35,Sprint 36,,,,,,,
Subtarefa,POS-3599,95815,Migrar Rota de Profile do CDP/Unomi para smb-api-java,95506,POS-3590,[BACK] Criação de Rota para Consultas de Listas do Email na BFF do SDK,Concluído,,02/mar/26 9:59 AM,Pedro Dib,5bc4ae2aa1a6a72f4761a152,Sprint 35,,,,,,,,
Tarefa,POS-3464,93225,2.[SMB] Ajuste no fluxo de contratação Tray,92723,POS-3447,SMB - Parceiros,Concluído,,02/mar/26 10:14 AM,Gustavo Bium Donadon,712020:783b53ab-197a-4286-9246-158f752f3aa2,Sprint 34,Sprint 35,,,,,,,
História,POS-3272,88450,SMB - [MUST] Versão Tray/Bagy,92723,POS-3447,SMB - Parceiros,Concluído,12/jan/26 12:00 AM,02/mar/26 10:14 AM,Gustavo Bium Donadon,712020:783b53ab-197a-4286-9246-158f752f3aa2,Sprint 33,Sprint 34,Sprint 35,,,,,,
Tarefa,POS-3560,95065,[SMB] 719500 - Via Pé Calçados - Whatsapp Marketing - Criação de campanha indisponível,93126,POS-3461,Sys-Ops SMB | Cards Operacionais,Concluído,,02/mar/26 12:05 PM,Bruno Cruz Silva,712020:42adaa16-4a23-47db-bae7-528b19b7f35a,Sprint 34,Sprint 35,,,,,,,
Tarefa,POS-3571,95241,[SMB] 792135 - Artes da Dianinha - Integração do WhatsApp API,93126,POS-3461,Sys-Ops SMB | Cards Operacionais,Concluído,,02/mar/26 12:08 PM,Gustavo Bium Donadon,712020:783b53ab-197a-4286-9246-158f752f3aa2,Sprint 35,,,,,,,,
Tarefa,POS-3618,96005,[SMB] 483355 - Lider Outlet Virtual | Campanha de e-mail não recebida,93126,POS-3461,Sys-Ops SMB | Cards Operacionais,Concluído,,02/mar/26 12:16 PM,Bruno Cruz Silva,712020:42adaa16-4a23-47db-bae7-528b19b7f35a,Sprint 35,,,,,,,,
Solicitação de serviço,POS-3613,95997,King Star ID 50778 | Liberação WhatsApp,73272,POS-221,Sys-Ops | Cards Operacionais,Concluído,,02/mar/26 2:57 PM,Pedro Dib,5bc4ae2aa1a6a72f4761a152,Sprint 35,,,,,,,,
Subtarefa,FRONT-49,93857,Ajuste: Ordenação na listagem de campanhas,93829,FRONT-28,3. Ajustes pós validação,Concluído,,02/mar/26 4:20 PM,Bruno Cruz Silva,712020:42adaa16-4a23-47db-bae7-528b19b7f35a,Sprint 34,Sprint 35,Sprint 36,,,,,,
Subtarefa,FRONT-75,95642,[PRODUÇÃO] Nao está sendo possivel criar template,93829,FRONT-28,3. Ajustes pós validação,Concluído,,02/mar/26 4:32 PM,Bruno Cruz Silva,712020:42adaa16-4a23-47db-bae7-528b19b7f35a,Sprint 34,Sprint 35,Sprint 36,,,,,,
Subtarefa,POS-3581,95489,Modelagem e criação das tabelas do banco de dados para segmentação,94603,POS-3538,2.[BACK] Construção do back do segmentador,Concluído,,02/mar/26 5:03 PM,Juliana Diniz,5bc4b12849bd18289a64f6a1,Sprint 35,Sprint 36,Sprint 37,,,,,,
Problema,POS-3621,96176,Report WF Cia Marítima,73272,POS-221,Sys-Ops | Cards Operacionais,Concluído,,02/mar/26 5:35 PM,Juliana Diniz,5bc4b12849bd18289a64f6a1,Sprint 35,,,,,,,,
Subtarefa,POS-3524,94349,Testar fluxo de acesso e bloqueio na landing page,92324,POS-3420,4. BACK/FRONT: landing Page de integração com o Commerce,Concluído,,02/mar/26 5:48 PM,Thiago Vilasboas,609e78d197f3d40070deda34,Sprint 34,Sprint 35,,,,,,,
Subtarefa,FRONT-47,93853,Bug: Métricas incorretas na tela de Evolução de Contatos (BACK+FRONT),93829,FRONT-28,3. Ajustes pós validação,Concluído,,02/mar/26 5:58 PM,Bruno Cruz Silva,712020:42adaa16-4a23-47db-bae7-528b19b7f35a,Sprint 34,Sprint 35,Sprint 36,,,,,,
Subtarefa,FRONT-59,93878,Ajuste: Padronização e melhoria das mensagens de erro na importação de planilha,93829,FRONT-28,3. Ajustes pós validação,Concluído,,02/mar/26 6:00 PM,Bruno Cruz Silva,712020:42adaa16-4a23-47db-bae7-528b19b7f35a,Sprint 34,Sprint 35,Sprint 36,,,,,,
Subtarefa,FRONT-72,94351,Informações - Visualizar campanhas automáticas,93829,FRONT-28,3. Ajustes pós validação,Concluído,,02/mar/26 6:02 PM,Bruno Cruz Silva,712020:42adaa16-4a23-47db-bae7-528b19b7f35a,Sprint 34,Sprint 35,Sprint 36,,,,,,
Subtarefa,FRONT-80,96261,[PRODUÇÃO] Detalhes da campanha em branco (envio pontual),93829,FRONT-28,3. Ajustes pós validação,Concluído,,02/mar/26 7:36 PM,Bruno Cruz Silva,712020:42adaa16-4a23-47db-bae7-528b19b7f35a,Sprint 34,Sprint 35,Sprint 36,,,,,,
Subtarefa,FRONT-81,96264,[PRODUÇÃO] Tela de seleção de régua não exibe opções (envio automático),93829,FRONT-28,3. Ajustes pós validação,Concluído,,02/mar/26 7:37 PM,Bruno Cruz Silva,712020:42adaa16-4a23-47db-bae7-528b19b7f35a,Sprint 34,Sprint 35,Sprint 36,,,,,,
Tarefa,POS-3570,95208,[SMB] 1189842 - Farma Gerty Drogaria e Manipulação/ Problema com os links em campanha [E-mail Marketing],93126,POS-3461,Sys-Ops SMB | Cards Operacionais,Concluído,,03/mar/26 9:23 AM,Danila Lucena,62a72fb5bf7afc006f3a9075,Sprint 35,,,,,,,,
Tarefa,POS-3580,95455,[SMB] 836588 - JA JOIAS Verificar usuário que assinou plano de e-mail marketing,93126,POS-3461,Sys-Ops SMB | Cards Operacionais,Concluído,,03/mar/26 9:55 AM,Bruno Cruz Silva,712020:42adaa16-4a23-47db-bae7-528b19b7f35a,Sprint 35,,,,,,,,
Solicitação de serviço,POS-3622,96177,Dealer -valisere1,73272,POS-221,Sys-Ops | Cards Operacionais,Concluído,,03/mar/26 9:56 AM,Pedro Dib,5bc4ae2aa1a6a72f4761a152,Sprint 35,,,,,,,,
Solicitação de serviço,POS-3623,96211,Dealer -bodyforsure,73272,POS-221,Sys-Ops | Cards Operacionais,Concluído,,03/mar/26 9:56 AM,Pedro Dib,5bc4ae2aa1a6a72f4761a152,Sprint 35,,,,,,,,
Solicitação de serviço,POS-3624,96212,Dealer - ciamaritima1,73272,POS-221,Sys-Ops | Cards Operacionais,Concluído,,03/mar/26 9:56 AM,Pedro Dib,5bc4ae2aa1a6a72f4761a152,Sprint 35,,,,,,,,
Problema,POS-3607,95892,Disparo de SMS - Workflow,73272,POS-221,Sys-Ops | Cards Operacionais,Concluído,,03/mar/26 10:03 AM,Sávio,5bbfb807412ef82f09606a29,Sprint 35,,,,,,,,
Solicitação de serviço,POS-3620,96110,Comunicacao ValeMobi 50420 - Lista em backlog,73272,POS-221,Sys-Ops | Cards Operacionais,Concluído,,03/mar/26 10:09 AM,Pedro Dib,5bc4ae2aa1a6a72f4761a152,Sprint 35,,,,,,,,
História,POS-3296,90122,[King] Desativar opção de agendamento de campanha para um plano X da King no SMB,92723,POS-3447,SMB - Parceiros,Concluído,,03/mar/26 10:16 AM,Thiago Vilasboas,609e78d197f3d40070deda34,Sprint 33,Sprint 34,Sprint 35,,,,,,
Tarefa,POS-3254,89125,8.BACK: Nova API do Meta,101390,POS-3888,2.0 Campanhas,Concluído,,03/mar/26 10:18 AM,Sávio,5bbfb807412ef82f09606a29,Sprint 33,Sprint 34,Sprint 35,,,,,,
Tarefa,POS-3438,92649,8. FRONT:Nova API Meta,101390,POS-3888,2.0 Campanhas,Concluído,,03/mar/26 10:18 AM,Wesley Ferreira,614091b449f7bd00689bcda2,Sprint 34,Sprint 35,,,,,,,
Tarefa,POS-3557,94931,[SMB] 1440363 - Nutricionais Disparos E-mail Marketing,93126,POS-3461,Sys-Ops SMB | Cards Operacionais,Concluído,,03/mar/26 10:49 AM,Danila Lucena,62a72fb5bf7afc006f3a9075,Sprint 34,Sprint 35,,,,,,,
Tarefa,POS-3611,95928,[SMB] Bagy| 1186 - Erro Bagy campanhas - problema no direcionamento do link,93126,POS-3461,Sys-Ops SMB | Cards Operacionais,Concluído,,03/mar/26 10:50 AM,Danila Lucena,62a72fb5bf7afc006f3a9075,Sprint 35,,,,,,,,
Tarefa,POS-3615,95999,[SMB] 1435580 - WoofBox | Erro ao importar contatos [E-mail marketing],93126,POS-3461,Sys-Ops SMB | Cards Operacionais,Concluído,,03/mar/26 10:53 AM,Bruno Cruz Silva,712020:42adaa16-4a23-47db-bae7-528b19b7f35a,Sprint 35,,,,,,,,
Tarefa,POS-3616,96000,[SMB] 745119 - ABRAMAX | Email marketing - e-mail teste não está disparando,93126,POS-3461,Sys-Ops SMB | Cards Operacionais,Concluído,,03/mar/26 11:01 AM,Danila Lucena,62a72fb5bf7afc006f3a9075,Sprint 35,,,,,,,,
Tarefa,POS-3619,96007,[SMB] 745119 - ABRAMAX | WhatsApp API não permite criar campanhas,93126,POS-3461,Sys-Ops SMB | Cards Operacionais,Concluído,,03/mar/26 11:10 AM,Gustavo Bium Donadon,712020:783b53ab-197a-4286-9246-158f752f3aa2,Sprint 35,,,,,,,,
Tarefa,POS-3631,96266,[SMB] Onnah Sushi - Delivery direto,93126,POS-3461,Sys-Ops SMB | Cards Operacionais,Concluído,,03/mar/26 11:12 AM,Bruno Cruz Silva,712020:42adaa16-4a23-47db-bae7-528b19b7f35a,Sprint 35,,,,,,,,
Subtarefa,FRONT-77,95858,[PRODUÇÃO] Plataforma deslogando ao tentar realizar ações,93829,FRONT-28,3. Ajustes pós validação,Concluído,,03/mar/26 11:31 AM,Bruno Cruz Silva,712020:42adaa16-4a23-47db-bae7-528b19b7f35a,Sprint 34,Sprint 35,Sprint 36,,,,,,
Subtarefa,FRONT-74,95174,Comportamento não esperado (subir lista),93829,FRONT-28,3. Ajustes pós validação,Concluído,,03/mar/26 11:32 AM,Gustavo Bium Donadon,712020:783b53ab-197a-4286-9246-158f752f3aa2,Sprint 34,Sprint 35,Sprint 36,,,,,,
Subtarefa,POS-3337,90585,Roteamento Inteligente de Envio - Synapse Worker de envio,89125,POS-3254,8.BACK: Nova API do Meta,Concluído,,03/mar/26 12:21 PM,Sávio,5bbfb807412ef82f09606a29,Sprint 33,Sprint 34,Sprint 35,,,,,,
Subtarefa,POS-3453,92923,Alterar projeto synapse-message-event-worker para atualizar fallbackUsed nos envios ,89125,POS-3254,8.BACK: Nova API do Meta,Concluído,,03/mar/26 12:21 PM,Sávio,5bbfb807412ef82f09606a29,Sprint 33,Sprint 34,Sprint 35,,,,,,
Subtarefa,FRONT-91,96436,[QA] Menu está diferente do protótipo,88047,FRONT-7,9.[Nice] FRONT - APENAS TELAS: On Site na nova plataforma,Concluído,,03/mar/26 1:51 PM,Renato Novaes,60a4007747ba02006f2460fd,Sprint 32,Sprint 33,Sprint 34,Sprint 35,Sprint 36,Sprint 37,Sprint 38,,
Subtarefa,FRONT-92,96438,[QA] Espaçamento do título até o filtro está maior do que o protótipo,88047,FRONT-7,9.[Nice] FRONT - APENAS TELAS: On Site na nova plataforma,Concluído,,03/mar/26 1:53 PM,Renato Novaes,60a4007747ba02006f2460fd,Sprint 32,Sprint 33,Sprint 34,Sprint 35,Sprint 36,Sprint 37,Sprint 38,,
Subtarefa,FRONT-93,96440,[QA] Título diferente do protótipo,88047,FRONT-7,9.[Nice] FRONT - APENAS TELAS: On Site na nova plataforma,Concluído,,03/mar/26 1:54 PM,Renato Novaes,60a4007747ba02006f2460fd,Sprint 32,Sprint 33,Sprint 34,Sprint 35,Sprint 36,Sprint 37,Sprint 38,,
Tarefa,POS-3420,92324,4. BACK/FRONT: landing Page de integração com o Commerce,102396,POS-3966,2.0 Setup inicial,Concluído,,03/mar/26 2:02 PM,Thiago Vilasboas,609e78d197f3d40070deda34,Sprint 34,Sprint 35,,,,,,,
Subtarefa,FRONT-95,96444,[MELHORIA] Espaçamento entre os filtros aplicados e a tabela está maior do que as outras telas,88047,FRONT-7,9.[Nice] FRONT - APENAS TELAS: On Site na nova plataforma,Concluído,,03/mar/26 2:11 PM,Renato Novaes,60a4007747ba02006f2460fd,Sprint 32,Sprint 33,Sprint 34,Sprint 35,Sprint 36,Sprint 37,Sprint 38,,
Subtarefa,FRONT-96,96446,[QA] Inputs cinza com diferença do protótipo,88047,FRONT-7,9.[Nice] FRONT - APENAS TELAS: On Site na nova plataforma,Concluído,,03/mar/26 2:19 PM,Renato Novaes,60a4007747ba02006f2460fd,Sprint 32,Sprint 33,Sprint 34,Sprint 35,Sprint 36,Sprint 37,Sprint 38,,
Subtarefa,FRONT-97,96448,[QA] Nome das abas de templates estão diferentes do protótipo,88047,FRONT-7,9.[Nice] FRONT - APENAS TELAS: On Site na nova plataforma,Concluído,,03/mar/26 2:22 PM,Renato Novaes,60a4007747ba02006f2460fd,Sprint 32,Sprint 33,Sprint 34,Sprint 35,Sprint 36,Sprint 37,Sprint 38,,
Subtarefa,FRONT-98,96450,[MELHORIA] Modal de salvar template,88047,FRONT-7,9.[Nice] FRONT - APENAS TELAS: On Site na nova plataforma,Concluído,,03/mar/26 2:25 PM,Renato Novaes,60a4007747ba02006f2460fd,Sprint 32,Sprint 33,Sprint 34,Sprint 35,Sprint 36,Sprint 37,Sprint 38,,
Subtarefa,FRONT-99,96452,[MELHORIA] Não temos título na terceira aba do protótipo,88047,FRONT-7,9.[Nice] FRONT - APENAS TELAS: On Site na nova plataforma,Concluído,,03/mar/26 2:26 PM,Renato Novaes,60a4007747ba02006f2460fd,Sprint 32,Sprint 33,Sprint 34,Sprint 35,Sprint 36,Sprint 37,Sprint 38,,
Subtarefa,FRONT-100,96454,[QA] Espaçamento entre o input e o próximo campo,88047,FRONT-7,9.[Nice] FRONT - APENAS TELAS: On Site na nova plataforma,Concluído,,03/mar/26 2:27 PM,Renato Novaes,60a4007747ba02006f2460fd,Sprint 32,Sprint 33,Sprint 34,Sprint 35,Sprint 36,Sprint 37,Sprint 38,,
Subtarefa,FRONT-101,96456,[MELHORIA] Card de UTMs ficou um pouco apagado,88047,FRONT-7,9.[Nice] FRONT - APENAS TELAS: On Site na nova plataforma,Concluído,,03/mar/26 2:27 PM,Renato Novaes,60a4007747ba02006f2460fd,Sprint 32,Sprint 33,Sprint 34,Sprint 35,Sprint 36,Sprint 37,Sprint 38,,
Subtarefa,POS-3600,95817,Alterar Rota do onsite-bff-sdk para alternar buscas por listas baseado no source do customer,95506,POS-3590,[BACK] Criação de Rota para Consultas de Listas do Email na BFF do SDK,Concluído,,03/mar/26 3:20 PM,Pedro Dib,5bc4ae2aa1a6a72f4761a152,Sprint 35,,,,,,,,
Subtarefa,POS-3584,95495,Implementação de lógica de status e transições de segmentos,94603,POS-3538,2.[BACK] Construção do back do segmentador,Concluído,,03/mar/26 4:17 PM,Juliana Diniz,5bc4b12849bd18289a64f6a1,Sprint 35,Sprint 36,Sprint 37,,,,,,
Tarefa,POS-3562,95068,[SMB] 1080756 - Floricultura Batista Reis Flores Online/ email marketing,93126,POS-3461,Sys-Ops SMB | Cards Operacionais,Concluído,,04/mar/26 9:44 AM,Danila Lucena,62a72fb5bf7afc006f3a9075,Sprint 34,Sprint 35,,,,,,,
Subtarefa,POS-3583,95493,Implementação do endpoint para listagem de campos disponíveis para segmentação,94603,POS-3538,2.[BACK] Construção do back do segmentador,Concluído,,04/mar/26 10:15 AM,Juliana Diniz,5bc4b12849bd18289a64f6a1,Sprint 35,Sprint 36,Sprint 37,,,,,,
Subtarefa,FRONT-102,96458,[QA] Espaçamento entre os campos do card de Regras está diferente,88047,FRONT-7,9.[Nice] FRONT - APENAS TELAS: On Site na nova plataforma,Concluído,,04/mar/26 11:15 AM,Renato Novaes,60a4007747ba02006f2460fd,Sprint 32,Sprint 33,Sprint 34,Sprint 35,Sprint 36,Sprint 37,Sprint 38,,
Subtarefa,FRONT-103,96460,[QA] Botão de adicionar regra ficou desalinhado com o input,88047,FRONT-7,9.[Nice] FRONT - APENAS TELAS: On Site na nova plataforma,Concluído,,04/mar/26 11:16 AM,Renato Novaes,60a4007747ba02006f2460fd,Sprint 32,Sprint 33,Sprint 34,Sprint 35,Sprint 36,Sprint 37,Sprint 38,,
Subtarefa,FRONT-105,96464,[QA] Título da regra de visitas está diferente do protótipo,88047,FRONT-7,9.[Nice] FRONT - APENAS TELAS: On Site na nova plataforma,Concluído,,04/mar/26 11:16 AM,Renato Novaes,60a4007747ba02006f2460fd,Sprint 32,Sprint 33,Sprint 34,Sprint 35,Sprint 36,Sprint 37,Sprint 38,,
Subtarefa,FRONT-106,96466,[QA] Espaçamento entre os campos do card de Comportamento está diferente,88047,FRONT-7,9.[Nice] FRONT - APENAS TELAS: On Site na nova plataforma,Concluído,,04/mar/26 11:17 AM,Renato Novaes,60a4007747ba02006f2460fd,Sprint 32,Sprint 33,Sprint 34,Sprint 35,Sprint 36,Sprint 37,Sprint 38,,
Subtarefa,POS-3586,95499,Implementação das rotas de listas,94603,POS-3538,2.[BACK] Construção do back do segmentador,Concluído,,04/mar/26 3:05 PM,Juliana Diniz,5bc4b12849bd18289a64f6a1,Sprint 35,Sprint 36,Sprint 37,,,,,,
Subtarefa,POS-3587,95501,Implementação das rota de regras de automação,94603,POS-3538,2.[BACK] Construção do back do segmentador,Concluído,,04/mar/26 4:10 PM,Juliana Diniz,5bc4b12849bd18289a64f6a1,Sprint 35,Sprint 36,Sprint 37,,,,,,
Tarefa,POS-3468,93327,9.Ajuste de UTMs,101390,POS-3888,2.0 Campanhas,Concluído,,04/mar/26 4:34 PM,Pedro Dib,5bc4ae2aa1a6a72f4761a152,Sprint 35,,,,,,,,
Subtarefa,POS-3601,95819,Testar Rotas de CDP,95506,POS-3590,[BACK] Criação de Rota para Consultas de Listas do Email na BFF do SDK,Concluído,,04/mar/26 4:34 PM,Pedro Dib,5bc4ae2aa1a6a72f4761a152,Sprint 35,,,,,,,,
Subtarefa,POS-3602,95821,Testar rota da BFF,95506,POS-3590,[BACK] Criação de Rota para Consultas de Listas do Email na BFF do SDK,Concluído,,04/mar/26 4:35 PM,Pedro Dib,5bc4ae2aa1a6a72f4761a152,Sprint 35,,,,,,,,
Tarefa,POS-3590,95506,[BACK] Criação de Rota para Consultas de Listas do Email na BFF do SDK,102397,POS-3967,2.0 Listas,Concluído,,04/mar/26 4:35 PM,Pedro Dib,5bc4ae2aa1a6a72f4761a152,Sprint 35,,,,,,,,
Problema,POS-3629,96262,[disponivel] Falha no download de relatórios,73272,POS-221,Sys-Ops | Cards Operacionais,Concluído,,04/mar/26 4:48 PM,Juliana Diniz,5bc4b12849bd18289a64f6a1,Sprint 35,,,,,,,,
Subtarefa,POS-3576,95416,Implementação do worker de importação,94932,POS-3558,3.[BACK] Estruturação/criação de motor do XML,Concluído,,04/mar/26 6:13 PM,Ricardo Barretto,5bc4ae2d49bd18289a64f694,Sprint 35,Sprint 36,,,,,,,
Subtarefa,FRONT-109,96472,[QA] Preenchi tag mas no resumo não apareceu ,88047,FRONT-7,9.[Nice] FRONT - APENAS TELAS: On Site na nova plataforma,Concluído,,05/mar/26 10:57 AM,Renato Novaes,60a4007747ba02006f2460fd,Sprint 32,Sprint 33,Sprint 34,Sprint 35,Sprint 36,Sprint 37,Sprint 38,,
Subtarefa,FRONT-108,96470,[QA] Front deixou avançar com a data de encerramento menor que a data de início ,88047,FRONT-7,9.[Nice] FRONT - APENAS TELAS: On Site na nova plataforma,Concluído,,05/mar/26 11:44 AM,Renato Novaes,60a4007747ba02006f2460fd,Sprint 32,Sprint 33,Sprint 34,Sprint 35,Sprint 36,Sprint 37,Sprint 38,,
Subtarefa,FRONT-110,96474,[QA] Valor negativo nos campos de dias,88047,FRONT-7,9.[Nice] FRONT - APENAS TELAS: On Site na nova plataforma,Concluído,,05/mar/26 11:51 AM,Renato Novaes,60a4007747ba02006f2460fd,Sprint 32,Sprint 33,Sprint 34,Sprint 35,Sprint 36,Sprint 37,Sprint 38,,
Subtarefa,POS-3589,95505,Definir contrato de entrada (create) da segmentação,94603,POS-3538,2.[BACK] Construção do back do segmentador,Concluído,,05/mar/26 11:57 AM,Juliana Diniz,5bc4b12849bd18289a64f6a1,Sprint 35,Sprint 36,Sprint 37,,,,,,
Subtarefa,POS-3612,95962,Criar rota para retornar as regras do segmentador,94603,POS-3538,2.[BACK] Construção do back do segmentador,Concluído,,05/mar/26 11:57 AM,Juliana Diniz,5bc4b12849bd18289a64f6a1,Sprint 35,Sprint 36,Sprint 37,,,,,,
Subtarefa,POS-3588,95503,Implementação da tradução para Unomi,94603,POS-3538,2.[BACK] Construção do back do segmentador,Concluído,,05/mar/26 11:57 AM,Juliana Diniz,5bc4b12849bd18289a64f6a1,Sprint 35,Sprint 36,Sprint 37,,,,,,
Subtarefa,POS-3585,95497,Implementação do count das segmentações,94603,POS-3538,2.[BACK] Construção do back do segmentador,Concluído,,05/mar/26 11:57 AM,Juliana Diniz,5bc4b12849bd18289a64f6a1,Sprint 35,Sprint 36,Sprint 37,,,,,,
Subtarefa,POS-3582,95491,Implementação dos endpoints CRUD para segmentos,94603,POS-3538,2.[BACK] Construção do back do segmentador,Concluído,,05/mar/26 12:07 PM,Juliana Diniz,5bc4b12849bd18289a64f6a1,Sprint 35,Sprint 36,Sprint 37,,,,,,
Subtarefa,FRONT-111,96476,[QA] Segmento no resumo trouxe o ID e não o nome da audiência ,88047,FRONT-7,9.[Nice] FRONT - APENAS TELAS: On Site na nova plataforma,Concluído,,05/mar/26 1:03 PM,Renato Novaes,60a4007747ba02006f2460fd,Sprint 32,Sprint 33,Sprint 34,Sprint 35,Sprint 36,Sprint 37,Sprint 38,,
Subtarefa,FRONT-76,95780,Envios de WhatsApp não estão sendo enviados ,93829,FRONT-28,3. Ajustes pós validação,Concluído,,05/mar/26 2:53 PM,Gustavo Bium Donadon,712020:783b53ab-197a-4286-9246-158f752f3aa2,Sprint 34,Sprint 35,Sprint 36,,,,,,
Tarefa,POS-3591,95539,[SMB] 826782 - Casa do Japones - Alteração de número na integração WhatsApp,93126,POS-3461,Sys-Ops SMB | Cards Operacionais,Concluído,,05/mar/26 4:54 PM,Danila Lucena,62a72fb5bf7afc006f3a9075,Sprint 35,,,,,,,,
Tarefa,POS-3617,96004,[SMB] 815911 - ANNA CAROL| Oscilação na entrega de e-mails,93126,POS-3461,Sys-Ops SMB | Cards Operacionais,Concluído,,05/mar/26 5:14 PM,Danila Lucena,62a72fb5bf7afc006f3a9075,Sprint 35,,,,,,,,
Tarefa,POS-3633,96365,[SMB ]1448511 - GTCell.Net | Campanha não disparado pelo e-mail marketing,93126,POS-3461,Sys-Ops SMB | Cards Operacionais,Concluído,,05/mar/26 5:25 PM,Danila Lucena,62a72fb5bf7afc006f3a9075,Sprint 35,,,,,,,,
Solicitação de serviço,POS-3681,96822,Domidona 50629 - Opt-out ,73272,POS-221,Sys-Ops | Cards Operacionais,Concluído,,06/mar/26 9:23 AM,Pedro Dib,5bc4ae2aa1a6a72f4761a152,Sprint 35,,,,,,,,
Solicitação de serviço,POS-3697,97008,Shiseido 50687 - Habilitar WhatsApp ,73272,POS-221,Sys-Ops | Cards Operacionais,Concluído,,06/mar/26 9:23 AM,Pedro Dib,5bc4ae2aa1a6a72f4761a152,Sprint 35,,,,,,,,
Subtarefa,POS-3577,95418,Orquestração e Execução,94932,POS-3558,3.[BACK] Estruturação/criação de motor do XML,Concluído,,06/mar/26 9:38 AM,Ricardo Barretto,5bc4ae2d49bd18289a64f694,Sprint 35,Sprint 36,,,,,,,
Subtarefa,POS-3578,95420,API,94932,POS-3558,3.[BACK] Estruturação/criação de motor do XML,Concluído,,06/mar/26 9:38 AM,Ricardo Barretto,5bc4ae2d49bd18289a64f694,Sprint 35,Sprint 36,,,,,,,
Solicitação de serviço,POS-3595,95644,Campo Decimal - Falta de opção na ferramenta,73272,POS-221,Sys-Ops | Cards Operacionais,Concluído,,06/mar/26 10:04 AM,Sávio,5bbfb807412ef82f09606a29,Sprint 35,,,,,,,,
Solicitação de serviço,POS-3690,96965,LP BEAUTY 50808 -  Lista WEBPUSH e Envios Webpush,73272,POS-221,Sys-Ops | Cards Operacionais,Concluído,,06/mar/26 11:25 AM,Pedro Dib,5bc4ae2aa1a6a72f4761a152,Sprint 35,,,,,,,,
Solicitação de serviço,POS-3699,97108,LP BEAUTY 50808 - Segmentação omnichannel,73272,POS-221,Sys-Ops | Cards Operacionais,Concluído,,06/mar/26 1:22 PM,Juliana Diniz,5bc4b12849bd18289a64f6a1,Sprint 35,,,,,,,,
Problema,POS-3626,96257,ID 14956 | SEM PARAR | Consulta de recebimento de campanha | Resultados diferentes se caixa alta,73272,POS-221,Sys-Ops | Cards Operacionais,Concluído,,06/mar/26 3:21 PM,Pedro Dib,5bc4ae2aa1a6a72f4761a152,Sprint 35,,,,,,,,
Subtarefa,POS-3688,96930,Inclusão da segmenter-api na bff do smb-commerce,94603,POS-3538,2.[BACK] Construção do back do segmentador,Concluído,,06/mar/26 4:32 PM,Juliana Diniz,5bc4b12849bd18289a64f6a1,Sprint 35,Sprint 36,Sprint 37,,,,,,
Problema,POS-3683,96856,Distac ID 50425 | Web Push ,73272,POS-221,Sys-Ops | Cards Operacionais,Concluído,,06/mar/26 4:52 PM,Pedro Dib,5bc4ae2aa1a6a72f4761a152,Sprint 35,,,,,,,,
Subtarefa,POS-3579,95422,Teste e Validação,94932,POS-3558,3.[BACK] Estruturação/criação de motor do XML,Concluído,,06/mar/26 6:09 PM,Ricardo Barretto,5bc4ae2d49bd18289a64f694,Sprint 35,Sprint 36,,,,,,,
Solicitação de serviço,POS-3703,97183,LP BEAUTY 50808  - Emoticon repique quebrado,73272,POS-221,Sys-Ops | Cards Operacionais,Concluído,,09/mar/26 3:37 PM,Juliana Diniz,5bc4b12849bd18289a64f6a1,Sprint 35,,,,,,,,
Problema,POS-3702,97145,Gregory - Workflow boas vindas ,73272,POS-221,Sys-Ops | Cards Operacionais,Concluído,,09/mar/26 4:20 PM,Sávio,5bbfb807412ef82f09606a29,Sprint 35,,,,,,,,
História,FRONT-35,95926,[SMB] Kinghost | Erro ao Importar Lista no E-mail Marketing,97179,FRONT-124,Sys-Ops | SMB CARDS OPERACIONAIS,Concluído,,09/mar/26 5:09 PM,Bruno Cruz Silva,712020:42adaa16-4a23-47db-bae7-528b19b7f35a,Sprint 35,,,,,,,,
História,FRONT-19,95893,[SMB] 1083165 - Fabrispuma Problemas nas campanhas de WhatsApp - não esta disparando,97179,FRONT-124,Sys-Ops | SMB CARDS OPERACIONAIS,Concluído,,10/mar/26 9:44 AM,Danila Lucena,62a72fb5bf7afc006f3a9075,Sprint 35,,,,,,,,
Solicitação de serviço,POS-3705,97321,NARS 50697 - Aba SMS em meus envios ,73272,POS-221,Sys-Ops | Cards Operacionais,Concluído,,10/mar/26 11:19 AM,Pedro Dib,5bc4ae2aa1a6a72f4761a152,Sprint 35,,,,,,,,
Solicitação de serviço,POS-3706,97322,Drunk 50703 - Habilitar SMS,73272,POS-221,Sys-Ops | Cards Operacionais,Concluído,,10/mar/26 11:19 AM,Pedro Dib,5bc4ae2aa1a6a72f4761a152,Sprint 35,,,,,,,,
História,POS-3704,97220,BACK: Disponibilizar templates pré prontos  Studio (e-mail e whatsapp),101408,POS-3894,2.0 Studio,Concluído,,10/mar/26 11:56 AM,Pedro Dib,5bc4ae2aa1a6a72f4761a152,Sprint 35,,,,,,,,
Subtarefa,POS-3689,96932,Testes gerais,94603,POS-3538,2.[BACK] Construção do back do segmentador,Concluído,,10/mar/26 3:46 PM,Juliana Diniz,5bc4b12849bd18289a64f6a1,Sprint 35,Sprint 36,Sprint 37,,,,,,
Subtarefa,POS-3673,96740,Criação de Pipe,94932,POS-3558,3.[BACK] Estruturação/criação de motor do XML,Concluído,,11/mar/26 9:32 AM,Ricardo Barretto,5bc4ae2d49bd18289a64f694,Sprint 35,Sprint 36,,,,,,,
Tarefa,POS-3558,94932,3.[BACK] Estruturação/criação de motor do XML,97007,POS-3696,2.0 BTG ,Concluído,,11/mar/26 9:32 AM,Ricardo Barretto,5bc4ae2d49bd18289a64f694,Sprint 35,Sprint 36,,,,,,,
Subtarefa,POS-3687,96928,Criação do ambiente da api do segmentador,94603,POS-3538,2.[BACK] Construção do back do segmentador,Concluído,,11/mar/26 10:27 AM,Juliana Diniz,5bc4b12849bd18289a64f6a1,Sprint 35,Sprint 36,Sprint 37,,,,,,
Solicitação de serviço,POS-3712,97464,Redefinição de Senha de Usuário | Café Santa Monica,73272,POS-221,Sys-Ops | Cards Operacionais,Concluído,,11/mar/26 10:34 AM,Pedro Dib,5bc4ae2aa1a6a72f4761a152,Sprint 36,,,,,,,,
História,FRONT-22,96498,[SMB] 1435509 - HMulti| [E-mail marketing] - Carrinho abandonado,97179,FRONT-124,Sys-Ops | SMB CARDS OPERACIONAIS,Concluído,,11/mar/26 3:14 PM,Danila Lucena,62a72fb5bf7afc006f3a9075,Sprint 35,Sprint 36,,,,,,,
História,FRONT-23,96532,[SMB] 1346041 - Nova Via Autopeças| Problemas no envio de e-mail marketing,97179,FRONT-124,Sys-Ops | SMB CARDS OPERACIONAIS,Concluído,,11/mar/26 3:19 PM,Gustavo Bium Donadon,712020:783b53ab-197a-4286-9246-158f752f3aa2,Sprint 35,Sprint 36,,,,,,,
História,FRONT-24,96533,[SMB] 1314316 - 4FOODPRINT| Campanhas não são disparadas para toda a base do e-mail marketing,97179,FRONT-124,Sys-Ops | SMB CARDS OPERACIONAIS,Concluído,,11/mar/26 3:24 PM,Gustavo Bium Donadon,712020:783b53ab-197a-4286-9246-158f752f3aa2,Sprint 35,Sprint 36,,,,,,,
História,FRONT-25,96487,[SMB] 1021584 - Misnella Design [E-mail Marketing] Campanha pontual muito abaixo do esperado,97179,FRONT-124,Sys-Ops | SMB CARDS OPERACIONAIS,Concluído,,11/mar/26 3:27 PM,Gustavo Bium Donadon,712020:783b53ab-197a-4286-9246-158f752f3aa2,Sprint 35,Sprint 36,,,,,,,
História,FRONT-26,96673,[SMB] 1233580 - Turma da Mel| Integração com WhatsApp não envia mensagem teste,97179,FRONT-124,Sys-Ops | SMB CARDS OPERACIONAIS,Concluído,,11/mar/26 3:33 PM,Danila Lucena,62a72fb5bf7afc006f3a9075,Sprint 35,Sprint 36,,,,,,,
História,FRONT-27,96706,[SMB] 1145278 - MEGGY| Erro no disparo {E-mail Marketing},97179,FRONT-124,Sys-Ops | SMB CARDS OPERACIONAIS,Concluído,,11/mar/26 3:40 PM,Danila Lucena,62a72fb5bf7afc006f3a9075,Sprint 35,Sprint 36,,,,,,,
Solicitação de serviço,POS-3707,97389,ID 14956 | SEM PARAR | Consulta de e-mail em campanha disparada de 2024,73272,POS-221,Sys-Ops | Cards Operacionais,Concluído,,12/mar/26 9:51 AM,Pedro Dib,5bc4ae2aa1a6a72f4761a152,Sprint 35,Sprint 36,,,,,,,
Problema,POS-3701,97112,Web Push - LP Beauty,73272,POS-221,Sys-Ops | Cards Operacionais,Concluído,,12/mar/26 9:51 AM,Pedro Dib,5bc4ae2aa1a6a72f4761a152,Sprint 35,Sprint 36,,,,,,,
Subtarefa,FRONT-58,93876,Bug Crítico: Envios de e-mail não estão sendo realizados,93829,FRONT-28,3. Ajustes pós validação,Concluído,,12/mar/26 2:48 PM,Gustavo Bium Donadon,712020:783b53ab-197a-4286-9246-158f752f3aa2,Sprint 34,Sprint 35,Sprint 36,,,,,,
Subtarefa,FRONT-84,96492,[HOMOLOG] Agendamento de campanha de WhatsApp nao está funcionando,93829,FRONT-28,3. Ajustes pós validação,Concluído,,12/mar/26 2:51 PM,Gustavo Bium Donadon,712020:783b53ab-197a-4286-9246-158f752f3aa2,Sprint 34,Sprint 35,Sprint 36,,,,,,
Subtarefa,POS-3716,97505,Criar eventos no Unomi para regras de engajamento,94604,POS-3539,6.[BACK] Estruturação de motor do segmentador - PARTE 1,Concluído,,12/mar/26 4:43 PM,Juliana Diniz,5bc4b12849bd18289a64f6a1,Sprint 35,Sprint 36,Sprint 37,,,,,,
Solicitação de serviço,POS-3722,97681,ID 9848 | KALUNGA | Refresh login master - contas associadas não aparecem para o cliente,73272,POS-221,Sys-Ops | Cards Operacionais,Concluído,,12/mar/26 6:35 PM,Pedro Dib,5bc4ae2aa1a6a72f4761a152,Sprint 36,,,,,,,,
Solicitação de serviço,POS-3726,97788,Dealer - sarruf,73272,POS-221,Sys-Ops | Cards Operacionais,Concluído,,12/mar/26 6:59 PM,Pedro Dib,5bc4ae2aa1a6a72f4761a152,Sprint 36,,,,,,,,
Solicitação de serviço,POS-3725,97720,Dealer,73272,POS-221,Sys-Ops | Cards Operacionais,Concluído,,13/mar/26 9:46 AM,Sávio,5bbfb807412ef82f09606a29,Sprint 36,,,,,,,,
História,FRONT-21,96488,[SM] 1435274- Victoria Ferrarini Joias| Problema de disparo em campanha automática,97179,FRONT-124,Sys-Ops | SMB CARDS OPERACIONAIS,Concluído,,13/mar/26 10:09 AM,Danila Lucena,62a72fb5bf7afc006f3a9075,Sprint 35,Sprint 36,,,,,,,
Solicitação de serviço,FRONT-134,97355,[SMB] Delivery direto - Pizzaria Fratelli,97179,FRONT-124,Sys-Ops | SMB CARDS OPERACIONAIS,Concluído,,13/mar/26 10:11 AM,Bruno Cruz Silva,712020:42adaa16-4a23-47db-bae7-528b19b7f35a,Sprint 35,Sprint 36,,,,,,,
Problema,POS-3714,97498,Relatório BTG,73272,POS-221,Sys-Ops | Cards Operacionais,Concluído,,13/mar/26 10:33 AM,Ricardo Barretto,5bc4ae2d49bd18289a64f694,Sprint 36,,,,,,,,
Solicitação de serviço,POS-3721,97648,Re: LP BEAUTY 50808 - Segmentação omnichannel,73272,POS-221,Sys-Ops | Cards Operacionais,Concluído,,13/mar/26 5:17 PM,Juliana Diniz,5bc4b12849bd18289a64f6a1,Sprint 36,,,,,,,,
História,FRONT-28,93829,3. Ajustes pós validação,97180,FRONT-125,2.0 Geral,Concluído,,13/mar/26 5:21 PM,Bruno Cruz Silva,712020:42adaa16-4a23-47db-bae7-528b19b7f35a,Sprint 34,Sprint 35,Sprint 36,,,,,,
Subtarefa,FRONT-170,97844,Remover vmtb b-indicapravc.com.br da lista de disparos,92602,FRONT-9,Problemas de entregabilidade,Concluído,,16/mar/26 9:30 AM,Gustavo Bium Donadon,712020:783b53ab-197a-4286-9246-158f752f3aa2,Sprint 34,Sprint 35,Sprint 36,Sprint 37,Sprint 38,Sprint 39,,,
Solicitação de serviço,POS-3734,97931,Gregory 50644 - Segmentador ,73272,POS-221,Sys-Ops | Cards Operacionais,Concluído,13/mar/26 12:00 AM,16/mar/26 10:30 AM,Juliana Diniz,5bc4b12849bd18289a64f6a1,Sprint 36,,,,,,,,
Solicitação de serviço,POS-3732,97893,Gregory 	50644 - Aumento Limite WhatsApp,73272,POS-221,Sys-Ops | Cards Operacionais,Concluído,13/mar/26 12:00 AM,16/mar/26 10:32 AM,Pedro Dib,5bc4ae2aa1a6a72f4761a152,Sprint 36,,,,,,,,
Problema,FRONT-139,97502,[SMB] 745119 - ABRAMAX - Email marketing - e-mail teste não está disparando,97179,FRONT-124,Sys-Ops | SMB CARDS OPERACIONAIS,Concluído,11/mar/26 12:00 AM,16/mar/26 3:37 PM,Bruno Cruz Silva,712020:42adaa16-4a23-47db-bae7-528b19b7f35a,Sprint 36,,,,,,,,
Subtarefa,POS-3718,97509,Setar o id da segmentação nos profiles para Segmentação Estática,94604,POS-3539,6.[BACK] Estruturação de motor do segmentador - PARTE 1,Concluído,,16/mar/26 5:23 PM,Juliana Diniz,5bc4b12849bd18289a64f6a1,Sprint 35,Sprint 36,Sprint 37,,,,,,
Solicitação de serviço,POS-3728,97853,LP BEAUTY 50808 - Envio Whatsapp carrinho,73272,POS-221,Sys-Ops | Cards Operacionais,Concluído,13/mar/26 12:00 AM,17/mar/26 10:11 AM,Pedro Dib,5bc4ae2aa1a6a72f4761a152,Sprint 36,,,,,,,,
Solicitação de serviço,POS-3737,98072,Template BTG - Inclusão de variável 'Attribute1' no layout,73272,POS-221,Sys-Ops | Cards Operacionais,Concluído,16/mar/26 12:00 AM,17/mar/26 10:32 AM,Ricardo Barretto,5bc4ae2d49bd18289a64f694,Sprint 36,,,,,,,,
Problema,POS-3747,98156,Atualização na SDK BTG,73272,POS-221,Sys-Ops | Cards Operacionais,Concluído,,17/mar/26 5:52 PM,Ricardo Barretto,5bc4ae2d49bd18289a64f694,Sprint 36,,,,,,,,
Solicitação de serviço,FRONT-135,97388,[SMB] BAGY -  Erro ao cancelar o E-mail Marketing,97179,FRONT-124,Sys-Ops | SMB CARDS OPERACIONAIS,Concluído,,17/mar/26 6:03 PM,Gustavo Bium Donadon,712020:783b53ab-197a-4286-9246-158f752f3aa2,Sprint 35,Sprint 36,,,,,,,
Solicitação de serviço,POS-3727,97845,Erro de Upload de Arquivo - Usuário Específico,73272,POS-221,Sys-Ops | Cards Operacionais,Concluído,13/mar/26 12:00 AM,18/mar/26 10:20 AM,Sávio,5bbfb807412ef82f09606a29,Sprint 36,,,,,,,,
Solicitação de serviço,POS-3751,98290,LP BEAUTY 50808 - Abandono de carrinho ,73272,POS-221,Sys-Ops | Cards Operacionais,Concluído,,18/mar/26 10:21 AM,Ricardo Barretto,5bc4ae2d49bd18289a64f694,Sprint 36,,,,,,,,
Solicitação de serviço,POS-3755,98329,LP Beauty 50808 - Erro segmentador ,73272,POS-221,Sys-Ops | Cards Operacionais,Concluído,17/mar/26 12:00 AM,18/mar/26 10:33 AM,Juliana Diniz,5bc4b12849bd18289a64f6a1,Sprint 36,,,,,,,,
Bug,POS-3730,97859,2.0 - Update do Template do Whatsapp em Studio não está sincronizando com o Synapse,101408,POS-3894,2.0 Studio,Concluído,,18/mar/26 10:36 AM,Ricardo Barretto,5bc4ae2d49bd18289a64f694,Sprint 36,,,,,,,,
Tarefa,POS-3691,97002,[BTG] Conector do Unomi no Nabucodonosor,97007,POS-3696,2.0 BTG ,Concluído,,18/mar/26 10:38 AM,Sávio,5bbfb807412ef82f09606a29,Sprint 36,Sprint 37,,,,,,,
Subtarefa,FRONT-206,97951,Verificar expiração do plano de whatsapp SMB,97965,FRONT-213,Ajustes pós pente fino: PRIORITÁRIOS,Concluído,,18/mar/26 2:19 PM,Gustavo Bium Donadon,712020:783b53ab-197a-4286-9246-158f752f3aa2,Sprint 36,Sprint 37,Sprint 38,,,,,,
Problema,FRONT-177,97892,[SMB] 1146048 - Odontomar| Problema na ativação de disparos por WhatsApp,97179,FRONT-124,Sys-Ops | SMB CARDS OPERACIONAIS,Concluído,13/mar/26 12:00 AM,18/mar/26 3:10 PM,Danila Lucena,62a72fb5bf7afc006f3a9075,Sprint 36,,,,,,,,
Problema,FRONT-136,97390,[SMB] BAGY - Integração com Whatsapp Marketing sem disparo,97179,FRONT-124,Sys-Ops | SMB CARDS OPERACIONAIS,Concluído,10/mar/26 12:00 AM,18/mar/26 3:57 PM,Danila Lucena,62a72fb5bf7afc006f3a9075,Sprint 35,Sprint 36,,,,,,,
Problema,FRONT-138,97497,[SMB] 1350388 - Marca FCF | Peças Automotivas Importadas Compatíveis| Erro ao criar campanhas [E-mail marketing],97179,FRONT-124,Sys-Ops | SMB CARDS OPERACIONAIS,Concluído,11/mar/26 12:00 AM,18/mar/26 4:00 PM,Danila Lucena,62a72fb5bf7afc006f3a9075,Sprint 36,,,,,,,,
Problema,FRONT-155,97719,[SMB] 1435509 - HMulti| Problema no envio de campanhas Email,97179,FRONT-124,Sys-Ops | SMB CARDS OPERACIONAIS,Concluído,12/mar/26 12:00 AM,18/mar/26 4:05 PM,Danila Lucena,62a72fb5bf7afc006f3a9075,Sprint 36,,,,,,,,
Problema,FRONT-178,97894,[SMB] 1435509 - HMulti | Carrinho abandonado Watsapp não esta disparando,97179,FRONT-124,Sys-Ops | SMB CARDS OPERACIONAIS,Concluído,13/mar/26 12:00 AM,18/mar/26 4:09 PM,Danila Lucena,62a72fb5bf7afc006f3a9075,Sprint 36,,,,,,,,
História,POS-3739,96009,ID 50366 | WELLA | Campanhas WebPush (data de criação) e Relatórios,73272,POS-221,Sys-Ops | Cards Operacionais,Concluído,27/fev/26 12:00 AM,18/mar/26 6:05 PM,Pedro Dib,5bc4ae2aa1a6a72f4761a152,BI - Sprint 79,BI - Sprint 80,Sprint 36,,,,,,
Subtarefa,POS-3761,98467,Criar fluxo para atualizar os totais das segmentações do tipo dinâmico e ativas,94604,POS-3539,6.[BACK] Estruturação de motor do segmentador - PARTE 1,Concluído,,19/mar/26 10:19 AM,Juliana Diniz,5bc4b12849bd18289a64f6a1,Sprint 35,Sprint 36,Sprint 37,,,,,,
Subtarefa,FRONT-85,96890,Retirar repique,97965,FRONT-213,Ajustes pós pente fino: PRIORITÁRIOS,Concluído,,19/mar/26 12:28 PM,Bruno Cruz Silva,712020:42adaa16-4a23-47db-bae7-528b19b7f35a,Sprint 36,Sprint 37,Sprint 38,,,,,,
Subtarefa,FRONT-202,97943,alteração de UTM source para wake_xp,97965,FRONT-213,Ajustes pós pente fino: PRIORITÁRIOS,Concluído,,19/mar/26 1:59 PM,Pedro Dib,5bc4ae2aa1a6a72f4761a152,Sprint 36,Sprint 37,Sprint 38,,,,,,
Subtarefa,POS-3742,98144,"Migração da regra de ""Mais Vendidos""",97004,POS-3693,[BTG] Migração de recomendação de produtos,Concluído,,19/mar/26 11:01 PM,Sávio,5bbfb807412ef82f09606a29,Sprint 36,Sprint 37,,,,,,,
Subtarefa,POS-3741,98142,"Migração da regra de ""similares""",97004,POS-3693,[BTG] Migração de recomendação de produtos,Concluído,,20/mar/26 9:29 AM,Ricardo Barretto,5bc4ae2d49bd18289a64f694,Sprint 36,Sprint 37,,,,,,,
Subtarefa,FRONT-211,97962,Ajuste request campanhas automatica de whatsapp,97965,FRONT-213,Ajustes pós pente fino: PRIORITÁRIOS,Concluído,,20/mar/26 9:53 AM,Bruno Cruz Silva,712020:42adaa16-4a23-47db-bae7-528b19b7f35a,Sprint 36,Sprint 37,Sprint 38,,,,,,
Subtarefa,POS-3762,98469,Criar fluxo para arquivar segmentações que não estão sendo usadas,94604,POS-3539,6.[BACK] Estruturação de motor do segmentador - PARTE 1,Concluído,,20/mar/26 10:24 AM,Juliana Diniz,5bc4b12849bd18289a64f6a1,Sprint 35,Sprint 36,Sprint 37,,,,,,
Solicitação de serviço,POS-3710,97460,LP BEAUTY 50808 -  Selo de verificação WhatsApp,73272,POS-221,Sys-Ops | Cards Operacionais,Concluído,10/mar/26 12:00 AM,20/mar/26 10:33 AM,Pedro Dib,5bc4ae2aa1a6a72f4761a152,Sprint 36,,,,,,,,
Problema,FRONT-219,98108,[SMB] BAGY 756 - casa das cordas| Erro no envio de campanha de e-mail marketing,97179,FRONT-124,Sys-Ops | SMB CARDS OPERACIONAIS,Concluído,16/mar/26 12:00 AM,20/mar/26 3:10 PM,Bruno Cruz Silva,712020:42adaa16-4a23-47db-bae7-528b19b7f35a,Sprint 36,,,,,,,,
Subtarefa,FRONT-209,97957,Update do Template do Whatsapp em Studio não está sincronizando com o Synapse,97965,FRONT-213,Ajustes pós pente fino: PRIORITÁRIOS,Concluído,,20/mar/26 3:41 PM,Pedro Dib,5bc4ae2aa1a6a72f4761a152,Sprint 36,Sprint 37,Sprint 38,,,,,,
Tarefa,POS-3692,97003,[BTG] Validação de dados da SDK,97007,POS-3696,2.0 BTG ,CANCELADO,,20/mar/26 4:20 PM,,,Sprint 36,,,,,,,,
Tarefa,POS-3695,97006,[BTG] Orquestração da regras,97007,POS-3696,2.0 BTG ,CANCELADO,,20/mar/26 4:20 PM,,,Sprint 37,,,,,,,,
Subtarefa,POS-3745,98150,"Migração da regra de ""Quem viu, viu também""",97004,POS-3693,[BTG] Migração de recomendação de produtos,Concluído,,20/mar/26 10:01 PM,Sávio,5bbfb807412ef82f09606a29,Sprint 36,Sprint 37,,,,,,,
Problema,POS-3767,98643,Divergência de dados - Filtro por provedor,73272,POS-221,Sys-Ops | Cards Operacionais,Concluído,,23/mar/26 10:22 AM,Pedro Dib,5bc4ae2aa1a6a72f4761a152,Sprint 36,,,,,,,,
Subtarefa,FRONT-87,96894,Teste SDK,97965,FRONT-213,Ajustes pós pente fino: PRIORITÁRIOS,Concluído,,23/mar/26 2:19 PM,Bruno Cruz Silva,712020:42adaa16-4a23-47db-bae7-528b19b7f35a,Sprint 36,Sprint 37,Sprint 38,,,,,,
Subtarefa,FRONT-214,97967,Forçar segmentação de cada caso com a SDK,97965,FRONT-213,Ajustes pós pente fino: PRIORITÁRIOS,Concluído,,23/mar/26 2:19 PM,isabela.beatriz,712020:7fecd2d1-ffb2-4d42-b4b1-5af8e5f4ee5f,Sprint 36,Sprint 37,Sprint 38,,,,,,
Subtarefa,FRONT-180,97898,"Corrigir redirecionamento do botão ""Retornar à listagem"" em modais de erro",97821,FRONT-158,Ajustes pós pente fino: SECUNDÁRIOS,Concluído,,23/mar/26 2:37 PM,Thiago Vilasboas,609e78d197f3d40070deda34,Sprint 36,Sprint 37,Sprint 38,,,,,,
Subtarefa,POS-3743,98146,"Migração da regra de ""Cross-Sell""",97004,POS-3693,[BTG] Migração de recomendação de produtos,Concluído,,23/mar/26 3:17 PM,Ricardo Barretto,5bc4ae2d49bd18289a64f694,Sprint 36,Sprint 37,,,,,,,
Tarefa,POS-3664,96495,1. [BACK] Ajuste para campanhas de Web Push - BTG,78099,POS-1500,BTG - Evoluções Técnicas e Débitos Técnicos,Concluído,,23/mar/26 5:03 PM,Pedro Dib,5bc4ae2aa1a6a72f4761a152,Sprint 36,,,,,,,,
Problema,POS-3774,98748,Erro de Sobrescrita de Templates entre Campanhas,73272,POS-221,Sys-Ops | Cards Operacionais,Concluído,,24/mar/26 8:39 AM,Pedro Dib,5bc4ae2aa1a6a72f4761a152,Sprint 36,,,,,,,,
Problema,POS-3756,98362,Re: Re: ID 9848 | KALUNGA | Erro ou impedimento de salvar a campanha ao editar (Inclusive em Agendadas),73272,POS-221,Sys-Ops | Cards Operacionais,Concluído,,24/mar/26 10:22 AM,Bárbara Auguste Fernandes Meirelles,712020:8f547731-dc4d-407c-a6b5-bea39b910335,Sprint 36,,,,,,,,
Tarefa,POS-3719,97543,Escalabilidade do Agendamento de SMS,73272,POS-221,Sys-Ops | Cards Operacionais,Concluído,,24/mar/26 10:23 AM,Pedro Dib,5bc4ae2aa1a6a72f4761a152,Sprint 36,,,,,,,,
Tarefa,POS-3539,94604,6.[BACK] Estruturação de motor do segmentador - PARTE 1,101388,POS-3886,2.0 Segmentador,Concluído,,24/mar/26 4:10 PM,Juliana Diniz,5bc4b12849bd18289a64f6a1,Sprint 35,Sprint 36,Sprint 37,,,,,,
Subtarefa,POS-3717,97507,Desenvolver endpoint para retorno de profiles para Download de Base,94604,POS-3539,6.[BACK] Estruturação de motor do segmentador - PARTE 1,Concluído,,24/mar/26 4:11 PM,Juliana Diniz,5bc4b12849bd18289a64f6a1,Sprint 35,Sprint 36,Sprint 37,,,,,,
Solicitação de serviço,FRONT-176,97858,[SMB] 1364374 - Vk Moda Plus Size| exclusão de listas importadas,97179,FRONT-124,Sys-Ops | SMB CARDS OPERACIONAIS,Concluído,13/mar/26 12:00 AM,24/mar/26 5:06 PM,Danila Lucena,62a72fb5bf7afc006f3a9075,Sprint 36,Sprint 37,,,,,,,
Problema,FRONT-224,98189,[SMB] 425479 - Vinícola Helios| E-mail mkt não esta funcionando,97179,FRONT-124,Sys-Ops | SMB CARDS OPERACIONAIS,Concluído,17/mar/26 12:00 AM,24/mar/26 5:11 PM,Danila Lucena,62a72fb5bf7afc006f3a9075,Sprint 36,Sprint 37,,,,,,,
Problema,FRONT-226,98224,[SMB] BAGY - 133094- Aromas do vale| Inconsistência no envio de e-mails da campanha,97179,FRONT-124,Sys-Ops | SMB CARDS OPERACIONAIS,Concluído,17/mar/26 12:00 AM,24/mar/26 5:14 PM,Danila Lucena,62a72fb5bf7afc006f3a9075,Sprint 36,Sprint 37,,,,,,,
Problema,FRONT-227,98292,[smb] 754400 - Prata de 15 Reais - a sua loja de Prata legítima 925 | Erro ao enviar email teste e criar campanha pelo whatsApp,97179,FRONT-124,Sys-Ops | SMB CARDS OPERACIONAIS,Concluído,17/mar/26 12:00 AM,24/mar/26 5:18 PM,Gustavo Bium Donadon,712020:783b53ab-197a-4286-9246-158f752f3aa2,Sprint 36,Sprint 37,,,,,,,
Dúvida,FRONT-229,98294,[smb] 1307214 - drica arantes| Dúvidas sobre e-mail marketing,97179,FRONT-124,Sys-Ops | SMB CARDS OPERACIONAIS,Concluído,17/mar/26 12:00 AM,24/mar/26 5:22 PM,Anderson Silva,624c8d33ed4d6b007016e305,Sprint 36,Sprint 37,,,,,,,
Problema,FRONT-231,98397,[SMB] 1401103 - Betirrê Alimentação Saudável| Remoção de número vinculado à ferramenta de Whatsap,97179,FRONT-124,Sys-Ops | SMB CARDS OPERACIONAIS,Concluído,18/mar/26 12:00 AM,24/mar/26 5:31 PM,Anderson Silva,624c8d33ed4d6b007016e305,Sprint 36,Sprint 37,,,,,,,
Problema,FRONT-233,98431,[SMB] BAGY - 62735 Disk Jumbo| Campanha de email marketing pausada,97179,FRONT-124,Sys-Ops | SMB CARDS OPERACIONAIS,Concluído,19/mar/26 12:00 AM,24/mar/26 5:34 PM,Anderson Silva,624c8d33ed4d6b007016e305,Sprint 36,Sprint 37,,,,,,,
Dúvida,FRONT-248,98986,[SMB] 813740 - Biovera Equipamentos\ Dúvida sobre link em campanhas de carrinho abandonado,97179,FRONT-124,Sys-Ops | SMB CARDS OPERACIONAIS,Concluído,24/mar/26 12:00 AM,24/mar/26 5:38 PM,Danila Lucena,62a72fb5bf7afc006f3a9075,Sprint 36,Sprint 37,,,,,,,
Subtarefa,POS-3744,98148,"Migração da regra de ""Quem viu, comprou""",97004,POS-3693,[BTG] Migração de recomendação de produtos,Concluído,,24/mar/26 7:34 PM,Sávio,5bbfb807412ef82f09606a29,Sprint 36,Sprint 37,,,,,,,
Subtarefa,FRONT-230,98396,Criar sistema de freezing para clientes que retornem soft bounces,92602,FRONT-9,Problemas de entregabilidade,Concluído,,25/mar/26 9:49 AM,Gustavo Bium Donadon,712020:783b53ab-197a-4286-9246-158f752f3aa2,Sprint 34,Sprint 35,Sprint 36,Sprint 37,Sprint 38,Sprint 39,,,
Tarefa,POS-3556,94930,4.[BACK + FRONT] Discovery: Voltar com envio de teste de e-mail,101390,POS-3888,2.0 Campanhas,Concluído,,25/mar/26 10:38 AM,Pedro Dib,5bc4ae2aa1a6a72f4761a152,Sprint 35,Sprint 36,Sprint 37,,,,,,
Subtarefa,POS-3784,99159,retornar productId no retorno da rota que busca pessoas,97461,POS-3711,[BACK] Estruturação de motor do segmentador - PARTE 2,Concluído,,25/mar/26 2:08 PM,Juliana Diniz,5bc4b12849bd18289a64f6a1,Sprint 36,Sprint 37,,,,,,,
Problema,FRONT-238,98570,[SMB] 1131074 - Arauto Jeans| INTEGRACAO WHATS BUSINESS,97179,FRONT-124,Sys-Ops | SMB CARDS OPERACIONAIS,Concluído,19/mar/26 12:00 AM,25/mar/26 4:26 PM,Anderson Silva,624c8d33ed4d6b007016e305,Sprint 36,Sprint 37,,,,,,,
Tarefa,POS-3796,99274,[NABUCO] Implementar Tracker para controle de ciclo de vida e concorrência de services,97007,POS-3696,2.0 BTG ,Concluído,,25/mar/26 4:53 PM,Sávio,5bbfb807412ef82f09606a29,Sprint 37,,,,,,,,
Solicitação de serviço,POS-3783,99125,Telhanorte ID 50805 | Priorização BTG - Inserir Carrinho abandonado,73272,POS-221,Sys-Ops | Cards Operacionais,Concluído,25/mar/26 12:00 AM,26/mar/26 10:24 AM,Ricardo Barretto,5bc4ae2d49bd18289a64f694,Sprint 37,,,,,,,,
Subtarefa,POS-3780,98985,Criar novo fluxo para chamar evento campaignSent,97461,POS-3711,[BACK] Estruturação de motor do segmentador - PARTE 2,Concluído,,26/mar/26 5:37 PM,Juliana Diniz,5bc4b12849bd18289a64f6a1,Sprint 36,Sprint 37,,,,,,,
Problema,FRONT-253,99194,[SMB] 861628 - Banho Maria| E-mail marketing nao esta enviando para a lista total,97179,FRONT-124,Sys-Ops | SMB CARDS OPERACIONAIS,Concluído,25/mar/26 12:00 AM,26/mar/26 5:54 PM,Anderson Silva,624c8d33ed4d6b007016e305,Sprint 37,,,,,,,,
Solicitação de serviço,POS-3795,99240,Envio duplicado de Whatsapp pela regra de Navegação | Blueman - 15030,73272,POS-221,Sys-Ops | Cards Operacionais,Concluído,,27/mar/26 9:29 AM,Ricardo Barretto,5bc4ae2d49bd18289a64f694,Sprint 37,,,,,,,,
Tarefa,POS-3797,99276,[NABUCO] Implementar Scheduler nativo (APScheduler) - Futuro não depender de Airflow,97007,POS-3696,2.0 BTG ,Concluído,,27/mar/26 10:42 AM,Sávio,5bbfb807412ef82f09606a29,Sprint 37,,,,,,,,
Subtarefa,POS-3776,98848,Utilizar os eventos de abertura e clique criados no Unomi,97461,POS-3711,[BACK] Estruturação de motor do segmentador - PARTE 2,Concluído,,27/mar/26 11:32 AM,Juliana Diniz,5bc4b12849bd18289a64f6a1,Sprint 36,Sprint 37,,,,,,,
Bug,FRONT-263,99612,[Kinghost] Bug ao importar listas,97179,FRONT-124,Sys-Ops | SMB CARDS OPERACIONAIS,Concluído,,27/mar/26 2:19 PM,Gustavo Bium Donadon,712020:783b53ab-197a-4286-9246-158f752f3aa2,Sprint 37,,,,,,,,
Dúvida,FRONT-251,99160,[SMB] 1435580 - WoofBox | Bonificação Email Marketing WoofBox ID 1435580,97179,FRONT-124,Sys-Ops | SMB CARDS OPERACIONAIS,Concluído,25/mar/26 12:00 AM,27/mar/26 3:41 PM,Anderson Silva,624c8d33ed4d6b007016e305,Sprint 37,,,,,,,,
Problema,FRONT-252,99193,[SMB] 1349798 - All Banho| Problema no disparo de e-mail para - Festival de Cubas,97179,FRONT-124,Sys-Ops | SMB CARDS OPERACIONAIS,Concluído,25/mar/26 12:00 AM,27/mar/26 3:51 PM,Anderson Silva,624c8d33ed4d6b007016e305,Sprint 37,,,,,,,,
Subtarefa,FRONT-264,99646,[QA] Busca dos templates não está funcionando,89124,FRONT-14,7. FRONT: Disponibilizar templates pré prontos  Studio (e-mail e whatsapp),Concluído,,27/mar/26 3:55 PM,Thiago Vilasboas,609e78d197f3d40070deda34,Sprint 34,Sprint 35,Sprint 36,Sprint 37,Sprint 38,,,,
Subtarefa,FRONT-265,99648,[QA] Paginação dos templates está com reticências escondendo ao número real,89124,FRONT-14,7. FRONT: Disponibilizar templates pré prontos  Studio (e-mail e whatsapp),Concluído,,27/mar/26 4:00 PM,Thiago Vilasboas,609e78d197f3d40070deda34,Sprint 34,Sprint 35,Sprint 36,Sprint 37,Sprint 38,,,,
História,FRONT-29,96497,4.Validação de WABA na criação de templates e campanhas,101383,FRONT-362,2.0 Campanhas,Concluído,,27/mar/26 5:06 PM,Bruno Cruz Silva,712020:42adaa16-4a23-47db-bae7-528b19b7f35a,Sprint 36,Sprint 37,,,,,,,
Solicitação de serviço,POS-3805,99479,Mundo Verde ID 50684 | Cliques BTG (Navegação Semanal),73272,POS-221,Sys-Ops | Cards Operacionais,Concluído,27/mar/26 12:00 AM,27/mar/26 6:04 PM,Ricardo Barretto,5bc4ae2d49bd18289a64f694,Sprint 37,,,,,,,,
Tarefa,POS-3736,98035,"Disponibilizar templates de LP como “Modelos Prontos”, incluir pré-visualização e renomear templates",101389,POS-3887,2.0 Landing Page,Concluído,,30/mar/26 11:05 AM,Pedro Dib,5bc4ae2aa1a6a72f4761a152,Sprint 37,,,,,,,,
Problema,FRONT-254,99343,[SMB] 1125246 - Click Chique| Problema no disparo de e-mail marketing para base completa.,97179,FRONT-124,Sys-Ops | SMB CARDS OPERACIONAIS,Concluído,26/mar/26 12:00 AM,30/mar/26 5:49 PM,Anderson Silva,624c8d33ed4d6b007016e305,Sprint 37,,,,,,,,
Tarefa,POS-3768,98709,Implementação de widget de NPS na plataforma (padrão LWSA),98987,POS-3782,Melhorias plataforma 1.0,Concluído,,30/mar/26 5:50 PM,Pedro Dib,5bc4ae2aa1a6a72f4761a152,Sprint 37,,,,,,,,
Problema,FRONT-258,99411,[SMB] 826782 - Casa do Japones| Remoção da integração WhatsApp API para reautenticação.,97179,FRONT-124,Sys-Ops | SMB CARDS OPERACIONAIS,Concluído,26/mar/26 12:00 AM,30/mar/26 5:55 PM,Anderson Silva,624c8d33ed4d6b007016e305,Sprint 37,,,,,,,,
Problema,FRONT-260,99445,[SMB] 1131074 - Arauto Jeans| Campanha Carrinho Abandonado com baixo numero de envios,97179,FRONT-124,Sys-Ops | SMB CARDS OPERACIONAIS,Concluído,26/mar/26 12:00 AM,30/mar/26 5:56 PM,Anderson Silva,624c8d33ed4d6b007016e305,Sprint 37,,,,,,,,
Solicitação de serviço,FRONT-261,99512,[SMB] Delivery direto - Enguloso| Vinculação manual,97179,FRONT-124,Sys-Ops | SMB CARDS OPERACIONAIS,Concluído,03/abr/26 12:00 AM,30/mar/26 5:58 PM,Bruno Cruz Silva,712020:42adaa16-4a23-47db-bae7-528b19b7f35a,Sprint 37,,,,,,,,
Solicitação de serviço,POS-3807,99545,Agrosolo | Encaminhamento de E-mail,73272,POS-221,Sys-Ops | Cards Operacionais,Concluído,27/mar/26 12:00 AM,30/mar/26 7:16 PM,Pedro Dib,5bc4ae2aa1a6a72f4761a152,Sprint 37,,,,,,,,
Subtarefa,POS-3777,98850,"Envio de campanhas (E-mail, Whatsapp) usando segmentação",97461,POS-3711,[BACK] Estruturação de motor do segmentador - PARTE 2,Concluído,,31/mar/26 9:13 AM,Juliana Diniz,5bc4b12849bd18289a64f6a1,Sprint 36,Sprint 37,,,,,,,
Subtarefa,POS-3817,99889,Mapear dados que serão adicionados no profile,97461,POS-3711,[BACK] Estruturação de motor do segmentador - PARTE 2,Concluído,,31/mar/26 9:56 AM,Juliana Diniz,5bc4b12849bd18289a64f6a1,Sprint 36,Sprint 37,,,,,,,
Tarefa,POS-3538,94603,2.[BACK] Construção do back do segmentador,101388,POS-3886,2.0 Segmentador,Concluído,,31/mar/26 9:57 AM,Juliana Diniz,5bc4b12849bd18289a64f6a1,Sprint 35,Sprint 36,Sprint 37,,,,,,
Subtarefa,POS-3791,99201,"Criar Colunas no Banco de Campanha para salvar os dados da recomendação, quantidade de disparo e intervalo (smb-wake-java-api)",98712,POS-3770,Construção das regras: Navegações e abandono de carrinho,Concluído,,31/mar/26 10:07 AM,Ricardo Barretto,5bc4ae2d49bd18289a64f694,Sprint 37,Sprint 38,Sprint 39,Sprint 40,Sprint 41,,,,
Dúvida,FRONT-255,99344,[SMB] 1337345 - Amora Pele| Solicitação de envio de HTML e informações de escolha,97179,FRONT-124,Sys-Ops | SMB CARDS OPERACIONAIS,Concluído,26/mar/26 12:00 AM,31/mar/26 4:54 PM,Anderson Silva,624c8d33ed4d6b007016e305,Sprint 37,,,,,,,,
Problema,FRONT-271,99850,[[SMB] 1170446 - STRAPPA | E-mail MKT não dispara para a base toda,97179,FRONT-124,Sys-Ops | SMB CARDS OPERACIONAIS,Concluído,30/mar/26 12:00 AM,31/mar/26 5:00 PM,Anderson Silva,624c8d33ed4d6b007016e305,Sprint 37,,,,,,,,
Solicitação de serviço,FRONT-269,99816,[SMB] Delivery Direto - Restaurante Monica Vinculação manual,97179,FRONT-124,Sys-Ops | SMB CARDS OPERACIONAIS,Concluído,30/mar/26 12:00 AM,01/abr/26 10:16 AM,Anderson Silva,624c8d33ed4d6b007016e305,Sprint 37,,,,,,,,
Solicitação de serviço,FRONT-270,99849,[SMB] Delivery direto - BRACARENSE DELIVERY| vinculação manual,97179,FRONT-124,Sys-Ops | SMB CARDS OPERACIONAIS,Concluído,30/mar/26 12:00 AM,01/abr/26 10:17 AM,Anderson Silva,624c8d33ed4d6b007016e305,Sprint 37,,,,,,,,
Problema,POS-3824,99960,envio de carrinho abandonado | btg ,73272,POS-221,Sys-Ops | Cards Operacionais,Concluído,,01/abr/26 10:29 AM,Ricardo Barretto,5bc4ae2d49bd18289a64f694,Sprint 37,,,,,,,,
Problema,POS-3820,99892,Abandono de Carrinho | Valisere,73272,POS-221,Sys-Ops | Cards Operacionais,Concluído,,01/abr/26 10:30 AM,Ricardo Barretto,5bc4ae2d49bd18289a64f694,Sprint 37,,,,,,,,
Problema,POS-3819,99891,Abandono de Carrinho | Body For Sure,73272,POS-221,Sys-Ops | Cards Operacionais,Concluído,,01/abr/26 10:30 AM,Ricardo Barretto,5bc4ae2d49bd18289a64f694,Sprint 37,,,,,,,,
Solicitação de serviço,POS-3720,97615,Limitação de caracteres no envio de SMS,73272,POS-221,Sys-Ops | Cards Operacionais,Concluído,,01/abr/26 10:32 AM,Sávio,5bbfb807412ef82f09606a29,Sprint 36,Sprint 37,,,,,,,
Solicitação de serviço,POS-3822,99926,Agrosolo | Regra de Novidades - BTG,73272,POS-221,Sys-Ops | Cards Operacionais,Concluído,31/mar/26 12:00 AM,01/abr/26 11:26 AM,Ricardo Barretto,5bc4ae2d49bd18289a64f694,Sprint 37,,,,,,,,
Dúvida,FRONT-259,99444,[SMB] 1435580 - Woofbox| Erro ao importar contatos [E-mail marketing],97179,FRONT-124,Sys-Ops | SMB CARDS OPERACIONAIS,Concluído,26/mar/26 12:00 AM,01/abr/26 11:34 AM,Anderson Silva,624c8d33ed4d6b007016e305,Sprint 37,,,,,,,,
Problema,POS-3821,99893,Favicon | Agrosolo,73272,POS-221,Sys-Ops | Cards Operacionais,Concluído,,01/abr/26 11:46 AM,Pedro Dib,5bc4ae2aa1a6a72f4761a152,Sprint 37,,,,,,,,
Solicitação de serviço,POS-3827,100031,King Star ID 50778 | Validação regra BTG,73272,POS-221,Sys-Ops | Cards Operacionais,Concluído,31/mar/26 12:00 AM,01/abr/26 4:34 PM,Ricardo Barretto,5bc4ae2d49bd18289a64f694,Sprint 37,,,,,,,,
Problema,POS-3823,99959,Abandono de carrinho | btg ,73272,POS-221,Sys-Ops | Cards Operacionais,Concluído,,01/abr/26 4:35 PM,Ricardo Barretto,5bc4ae2d49bd18289a64f694,Sprint 37,,,,,,,,
Subtarefa,POS-3790,99199,Criar regras do Tipo segmentation no banco,98712,POS-3770,Construção das regras: Navegações e abandono de carrinho,Concluído,,02/abr/26 9:36 AM,Ricardo Barretto,5bc4ae2d49bd18289a64f694,Sprint 37,Sprint 38,Sprint 39,Sprint 40,Sprint 41,,,,
Dúvida,FRONT-256,99345,[SMB] 1307214 - dricaarantes| Dúvidas sobre e-mail marketing,97179,FRONT-124,Sys-Ops | SMB CARDS OPERACIONAIS,Concluído,26/mar/26 12:00 AM,02/abr/26 9:58 AM,Anderson Silva,624c8d33ed4d6b007016e305,Sprint 37,,,,,,,,
Solicitação de serviço,FRONT-272,99851,[SMB] 1196538 - Provence Lingerie | Remoção de pop-up de ferramenta desativada,97179,FRONT-124,Sys-Ops | SMB CARDS OPERACIONAIS,Concluído,30/mar/26 12:00 AM,02/abr/26 10:00 AM,Anderson Silva,624c8d33ed4d6b007016e305,Sprint 37,,,,,,,,
Subtarefa,POS-3789,99197,Alinhar contrato de Retorno de Profiles e Produtos com o Segmentador,98712,POS-3770,Construção das regras: Navegações e abandono de carrinho,Concluído,,02/abr/26 10:10 AM,Ricardo Barretto,5bc4ae2d49bd18289a64f694,Sprint 37,Sprint 38,Sprint 39,Sprint 40,Sprint 41,,,,
Problema,FRONT-236,98504,[SMB] 1438831 - Phael Instalação do E-mail marketing não está sendo finalizad,97179,FRONT-124,Sys-Ops | SMB CARDS OPERACIONAIS,Concluído,19/mar/26 12:00 AM,02/abr/26 11:21 AM,Danila Lucena,62a72fb5bf7afc006f3a9075,Sprint 36,Sprint 37,,,,,,,
Tarefa,POS-3711,97461,[BACK] Estruturação de motor do segmentador - PARTE 2,101388,POS-3886,2.0 Segmentador,Concluído,,02/abr/26 2:38 PM,Juliana Diniz,5bc4b12849bd18289a64f6a1,Sprint 36,Sprint 37,,,,,,,
Problema,FRONT-275,99963,[SMB] 1481142 - NÜDRAN| [BAGY3.0] Plugin de e-mail marketing não é apretesentado,97179,FRONT-124,Sys-Ops | SMB CARDS OPERACIONAIS,Concluído,31/mar/26 12:00 AM,02/abr/26 5:14 PM,Gustavo Bium Donadon,712020:783b53ab-197a-4286-9246-158f752f3aa2,Sprint 37,,,,,,,,
Problema,FRONT-273,99852,[SMB] 1156888 - Bela Distribuidora| Campanha de Email Marketing Pausada e Não Enviada,97179,FRONT-124,Sys-Ops | SMB CARDS OPERACIONAIS,Concluído,30/mar/26 12:00 AM,02/abr/26 5:18 PM,Anderson Silva,624c8d33ed4d6b007016e305,Sprint 37,,,,,,,,
Problema,FRONT-262,99578,[SMB] 1156888 - Bela Distribuidora | Tray - Email marketing agendado pausado,97179,FRONT-124,Sys-Ops | SMB CARDS OPERACIONAIS,Concluído,27/mar/26 12:00 AM,02/abr/26 5:31 PM,Anderson Silva,624c8d33ed4d6b007016e305,Sprint 37,,,,,,,,
Tarefa,POS-3693,97004,[BTG] Migração de recomendação de produtos,97007,POS-3696,2.0 BTG ,Concluído,,06/abr/26 10:38 AM,Sávio,5bbfb807412ef82f09606a29,Sprint 36,Sprint 37,,,,,,,
Tarefa,POS-3694,97005,[BTG] Migração de processamento de regras (18 Regras) - DEFINIR RÉGUAS,97007,POS-3696,2.0 BTG ,Concluído,,06/abr/26 12:36 PM,,,Sprint 40,,,,,,,,
Subtarefa,POS-3842,100459,Inclusão do critério “Regra de automação” em Segmentação de base,100457,POS-3841,Ajustes segmentador,Concluído,,06/abr/26 1:44 PM,Juliana Diniz,5bc4b12849bd18289a64f6a1,Sprint 37,,,,,,,,
Subtarefa,POS-3843,100461,Inconsistência nos nomes de listas no segmentador,100457,POS-3841,Ajustes segmentador,Concluído,,06/abr/26 2:39 PM,Juliana Diniz,5bc4b12849bd18289a64f6a1,Sprint 37,,,,,,,,
Subtarefa,POS-3844,100463,Correção na exibição e seleção de audiências pré-definidas,100457,POS-3841,Ajustes segmentador,Concluído,,06/abr/26 3:07 PM,Juliana Diniz,5bc4b12849bd18289a64f6a1,Sprint 37,,,,,,,,
Subtarefa,POS-3845,100465,Ajuste das opções de Régua Automática,100457,POS-3841,Ajustes segmentador,Concluído,,06/abr/26 3:07 PM,Juliana Diniz,5bc4b12849bd18289a64f6a1,Sprint 37,,,,,,,,
Subtarefa,POS-3846,100467,Ajuste do placeholder no critério “Data da compra”,100457,POS-3841,Ajustes segmentador,Concluído,,06/abr/26 3:08 PM,Juliana Diniz,5bc4b12849bd18289a64f6a1,Sprint 37,,,,,,,,
Subtarefa,POS-3847,100470,Inconsistência na contagem de contatos das listas no segmentador,100457,POS-3841,Ajustes segmentador,Concluído,,06/abr/26 4:54 PM,Juliana Diniz,5bc4b12849bd18289a64f6a1,Sprint 37,,,,,,,,
Tarefa,POS-3841,100457,Ajustes segmentador,101388,POS-3886,2.0 Segmentador,Concluído,,06/abr/26 4:54 PM,Juliana Diniz,5bc4b12849bd18289a64f6a1,Sprint 37,,,,,,,,
Solicitação de serviço,FRONT-299,100334,[SMB] Delivery direto - NAGUI DELIVERY| vinculação manual,97179,FRONT-124,Sys-Ops | SMB CARDS OPERACIONAIS,Concluído,02/abr/26 12:00 AM,07/abr/26 9:18 AM,Anderson Silva,624c8d33ed4d6b007016e305,Sprint 37,,,,,,,,
Subtarefa,FRONT-309,100507,Implementação NiFi WhatsApp,98918,FRONT-247,[SMB] Link de carrinho abandonado não funciona,Concluído,,07/abr/26 9:42 AM,Gustavo Bium Donadon,712020:783b53ab-197a-4286-9246-158f752f3aa2,Sprint 37,Sprint 38,,,,,,,
Problema,POS-3818,99890,Exclusão de LP's | Rascunho,73272,POS-221,Sys-Ops | Cards Operacionais,Concluído,,07/abr/26 9:44 AM,Pedro Dib,5bc4ae2aa1a6a72f4761a152,Sprint 37,,,,,,,,
Bug,FRONT-168,97840,[SMB] KingHost - 311466 - Falha ao finalizar importação de CSV,97182,FRONT-127,"SMB - Parceiros (Tray, Bagy, King, Bling, Locaweb)",Concluído,,07/abr/26 10:43 AM,Gustavo Bium Donadon,712020:783b53ab-197a-4286-9246-158f752f3aa2,Sprint 36,Sprint 37,,,,,,,
Dúvida,FRONT-274,99853,[SMB] 1401103 - Betirrê Alimentação Saudável| habilitar o módulo de campanhas via API oficial (uso de templates do Meta) dentro da Tray,97179,FRONT-124,Sys-Ops | SMB CARDS OPERACIONAIS,Concluído,30/mar/26 12:00 AM,07/abr/26 11:47 AM,Anderson Silva,624c8d33ed4d6b007016e305,Sprint 37,,,,,,,,
Tarefa,POS-3849,100511,Bloqueio de campanhas duplicadas por régua e canal,101390,POS-3888,2.0 Campanhas,Concluído,,07/abr/26 2:23 PM,Pedro Dib,5bc4ae2aa1a6a72f4761a152,Sprint 37,,,,,,,,
Tarefa,POS-3852,100689,[SMB] Bagy - 161310 Progne|,93126,POS-3461,Sys-Ops SMB | Cards Operacionais,CANCELADO,,08/abr/26 10:35 AM,,,Sprint 38,,,,,,,,
Solicitação de serviço,POS-3848,100471,Moovpay ID 50430 | Relatórios AppPush Zerados,73272,POS-221,Sys-Ops | Cards Operacionais,Concluído,06/abr/26 12:00 AM,09/abr/26 9:43 AM,Sávio,5bbfb807412ef82f09606a29,Sprint 37,Sprint 38,,,,,,,
Problema,POS-3855,100724, - Problemas nas regras de segmentação BTG,73272,POS-221,Sys-Ops | Cards Operacionais,Concluído,,09/abr/26 11:54 AM,Juliana Diniz,5bc4b12849bd18289a64f6a1,Sprint 38,,,,,,,,
Subtarefa,POS-3862,100874,Botão processar,100872,POS-3861,Ajustes adicionais segmentador,Concluído,,09/abr/26 2:16 PM,Juliana Diniz,5bc4b12849bd18289a64f6a1,Sprint 38,,,,,,,,
Subtarefa,POS-3863,100876,Atributos,100872,POS-3861,Ajustes adicionais segmentador,Concluído,,09/abr/26 2:16 PM,Juliana Diniz,5bc4b12849bd18289a64f6a1,Sprint 38,,,,,,,,
Tarefa,POS-3861,100872,Ajustes adicionais segmentador,101388,POS-3886,2.0 Segmentador,Concluído,,09/abr/26 3:14 PM,Juliana Diniz,5bc4b12849bd18289a64f6a1,Sprint 38,,,,,,,,
Solicitação de serviço,POS-3853,100690,Problema com acesso/Criação de senha temporária,73272,POS-221,Sys-Ops | Cards Operacionais,Concluído,07/abr/26 12:00 AM,09/abr/26 4:09 PM,Pedro Dib,5bc4ae2aa1a6a72f4761a152,Sprint 38,,,,,,,,
Solicitação de serviço,POS-3854,100723,Uncle K | Comportamento inesperado - Segmentação por URL,73272,POS-221,Sys-Ops | Cards Operacionais,Concluído,08/abr/26 12:00 AM,09/abr/26 4:09 PM,Juliana Diniz,5bc4b12849bd18289a64f6a1,Sprint 38,,,,,,,,
Subtarefa,POS-3877,101101,Estrutura base de consolidação de dados,98714,POS-3772,Estruturação do motor de consolidação de dados,Concluído,,10/abr/26 9:15 AM,Ricardo Barretto,5bc4ae2d49bd18289a64f694,Sprint 37,Sprint 38,,,,,,,
Solicitação de serviço,POS-3870,101020,Agrosolo | Produto Errado na E-mail Carrinho Abandonado,73272,POS-221,Sys-Ops | Cards Operacionais,Concluído,09/abr/26 12:00 AM,10/abr/26 12:30 PM,Ricardo Barretto,5bc4ae2d49bd18289a64f694,Sprint 38,,,,,,,,
Subtarefa,FRONT-341,100653,Lógica de Interceptação,96496,FRONT-32,2.[FRONT] Ajuste para campanhas de Web Push - BTG,Concluído,,13/abr/26 10:08 AM,,,Sprint 36,Sprint 37,Sprint 38,,,,,,
Subtarefa,FRONT-343,100655,Integração API,96496,FRONT-32,2.[FRONT] Ajuste para campanhas de Web Push - BTG,Concluído,,13/abr/26 10:08 AM,,,Sprint 36,Sprint 37,Sprint 38,,,,,,
Subtarefa,FRONT-342,100654,Gestão de Estado,96496,FRONT-32,2.[FRONT] Ajuste para campanhas de Web Push - BTG,Concluído,,13/abr/26 10:08 AM,,,Sprint 36,Sprint 37,Sprint 38,,,,,,
Epic,POS-3305,90337,SMB no Commerce - Q2,,,,CANCELADO,,13/abr/26 4:30 PM,,,,,,,,,,,
Subtarefa,FRONT-290,100218,Implementação NiFi Email,98918,FRONT-247,[SMB] Link de carrinho abandonado não funciona,Concluído,,15/abr/26 10:08 AM,Gustavo Bium Donadon,712020:783b53ab-197a-4286-9246-158f752f3aa2,Sprint 37,Sprint 38,,,,,,,
Subtarefa,POS-3919,101785,Definição da estrutura de campos customizáveis no profile do Unomi,87877,POS-3205,7. [BACK] Permitir que qualquer campo criado através das LPs e On Site vire um atributo do cliente,Concluído,,15/abr/26 6:22 PM,Sávio,5bbfb807412ef82f09606a29,Sprint 36,Sprint 37,Sprint 38,Sprint 39,,,,,
Subtarefa,POS-3938,102263,Control rate no endpoint de processamento,102261,POS-3937,Segmentador -  Ajustes pós validação ,Concluído,,22/abr/26 2:46 PM,Juliana Diniz,5bc4b12849bd18289a64f6a1,Sprint 38,Sprint 39,,,,,,,
Subtarefa,POS-3939,102265,Em a partir de uma lista deixar apenas (É Igual),102261,POS-3937,Segmentador -  Ajustes pós validação ,Concluído,,22/abr/26 2:47 PM,Juliana Diniz,5bc4b12849bd18289a64f6a1,Sprint 38,Sprint 39,,,,,,,
Subtarefa,POS-3942,102338,Em audiência pré definida deixa apenas (é igual),102261,POS-3937,Segmentador -  Ajustes pós validação ,Concluído,,22/abr/26 3:20 PM,Juliana Diniz,5bc4b12849bd18289a64f6a1,Sprint 38,Sprint 39,,,,,,,
Subtarefa,POS-3943,102340,Em régua de automação deixar apenas (é igual),102261,POS-3937,Segmentador -  Ajustes pós validação ,Concluído,,22/abr/26 3:20 PM,Juliana Diniz,5bc4b12849bd18289a64f6a1,Sprint 38,Sprint 39,,,,,,,
Subtarefa,POS-3944,102342,Erro 500 na preview,102261,POS-3937,Segmentador -  Ajustes pós validação ,Concluído,,22/abr/26 3:20 PM,Juliana Diniz,5bc4b12849bd18289a64f6a1,Sprint 38,Sprint 39,,,,,,,
Subtarefa,POS-3945,102354,Valor da compra não está processando ,102261,POS-3937,Segmentador -  Ajustes pós validação ,Concluído,,22/abr/26 4:47 PM,Juliana Diniz,5bc4b12849bd18289a64f6a1,Sprint 38,Sprint 39,,,,,,,
Subtarefa,POS-3947,102357,Ajuste de label em valor da compra,102261,POS-3937,Segmentador -  Ajustes pós validação ,Concluído,,22/abr/26 4:49 PM,Juliana Diniz,5bc4b12849bd18289a64f6a1,Sprint 38,Sprint 39,,,,,,,
Epic,POS-3966,102396,2.0 Setup inicial,,,,Concluído,27/out/25 12:00 AM,22/abr/26 5:53 PM,,,,,,,,,,,
Epic,POS-3967,102397,2.0 Listas,,,,Concluído,10/nov/25 12:00 AM,22/abr/26 5:53 PM,,,,,,,,,,,
Epic,POS-3894,101408,2.0 Studio,,,,Concluído,27/out/25 12:00 AM,22/abr/26 5:54 PM,Bárbara Auguste Fernandes Meirelles,712020:8f547731-dc4d-407c-a6b5-bea39b910335,,,,,,,,,
Epic,POS-3965,102395,2.0 SDK e Integrações,,,,Concluído,,22/abr/26 5:58 PM,,,,,,,,,,,
Subtarefa,POS-3949,102361,Label do campo de data veio trocado,102261,POS-3937,Segmentador -  Ajustes pós validação ,Concluído,,23/abr/26 1:41 PM,Juliana Diniz,5bc4b12849bd18289a64f6a1,Sprint 38,Sprint 39,,,,,,,
Subtarefa,POS-3952,102367,Ajuste de Placeholder (faixa estária),102261,POS-3937,Segmentador -  Ajustes pós validação ,Concluído,,23/abr/26 2:14 PM,Juliana Diniz,5bc4b12849bd18289a64f6a1,Sprint 38,Sprint 39,,,,,,,
Subtarefa,POS-3954,102371,Faixa etária (entre) está dando erro 400,102261,POS-3937,Segmentador -  Ajustes pós validação ,Concluído,,23/abr/26 2:18 PM,Juliana Diniz,5bc4b12849bd18289a64f6a1,Sprint 38,Sprint 39,,,,,,,
Subtarefa,POS-3955,102373,Erro 400 ao buscar mês do aniversário,102261,POS-3937,Segmentador -  Ajustes pós validação ,Concluído,,23/abr/26 2:19 PM,Juliana Diniz,5bc4b12849bd18289a64f6a1,Sprint 38,Sprint 39,,,,,,,
Subtarefa,POS-3959,102381,Nenhum (entre) está funcionando,102261,POS-3937,Segmentador -  Ajustes pós validação ,Concluído,,23/abr/26 2:23 PM,Juliana Diniz,5bc4b12849bd18289a64f6a1,Sprint 38,Sprint 39,,,,,,,
Subtarefa,POS-3960,102385,Regra de telefone provavelmente olhou o campo errado ,102261,POS-3937,Segmentador -  Ajustes pós validação ,Concluído,,23/abr/26 2:28 PM,Juliana Diniz,5bc4b12849bd18289a64f6a1,Sprint 38,Sprint 39,,,,,,,
Subtarefa,POS-3969,102402,Trocar mensagem de erro,102261,POS-3937,Segmentador -  Ajustes pós validação ,Concluído,,23/abr/26 2:37 PM,Juliana Diniz,5bc4b12849bd18289a64f6a1,Sprint 38,Sprint 39,,,,,,,
Subtarefa,POS-3951,102365,Ajustes do gênero ,102261,POS-3937,Segmentador -  Ajustes pós validação ,Concluído,,23/abr/26 2:59 PM,Juliana Diniz,5bc4b12849bd18289a64f6a1,Sprint 38,Sprint 39,,,,,,,
Bug,POS-3547,94774,Teste bruno operacional,73272,POS-221,Sys-Ops | Cards Operacionais,CANCELADO,,23/abr/26 5:38 PM,,,Sprint 40,,,,,,,,
Subtarefa,FRONT-572,104029,Adicionar o disparo de SES para domínios gmail no fluxo de campanhas,92602,FRONT-9,Problemas de entregabilidade,Concluído,,07/mai/26 10:41 AM,,,Sprint 34,Sprint 35,Sprint 36,Sprint 37,Sprint 38,Sprint 39,,,
Subtarefa,FRONT-338,100650,Arquitetura BTG,97683,FRONT-151,BTG - Discovery para como usar templatize para recomendação de produtos do BTG,Concluído,28/abr/26 12:00 AM,14/mai/26 10:09 AM,Wesley Ferreira,614091b449f7bd00689bcda2,Sprint 37,Sprint 38,Sprint 39,Sprint 40,,,,,
Subtarefa,FRONT-339,100651,UX Mapping,97683,FRONT-151,BTG - Discovery para como usar templatize para recomendação de produtos do BTG,Concluído,,14/mai/26 10:09 AM,Wesley Ferreira,614091b449f7bd00689bcda2,Sprint 37,Sprint 38,Sprint 39,Sprint 40,,,,,
Subtarefa,FRONT-340,100652,POC Técnica,97683,FRONT-151,BTG - Discovery para como usar templatize para recomendação de produtos do BTG,Concluído,,14/mai/26 10:09 AM,Wesley Ferreira,614091b449f7bd00689bcda2,Sprint 37,Sprint 38,Sprint 39,Sprint 40,,,,,
Subtarefa,FRONT-337,100649,Pesquisa BeeFree,97683,FRONT-151,BTG - Discovery para como usar templatize para recomendação de produtos do BTG,Concluído,28/abr/26 12:00 AM,14/mai/26 10:09 AM,Wesley Ferreira,614091b449f7bd00689bcda2,Sprint 37,Sprint 38,Sprint 39,Sprint 40,,,,,
Subtarefa,POS-3993,103236,Verificação e possível adequação da API da Bridge,102826,POS-3983,Adequação do sistema Gênesis para suporte a CNPJ alfanumérico,Concluído,29/abr/26 12:00 AM,14/mai/26 10:33 AM,Pedro Dib,5bc4ae2aa1a6a72f4761a152,Sprint 39,Sprint 40,,,,,,,
Problema,FRONT-705,105706,[SMB] 1301304 - korbanpro| Reset de número do WhatsApp Marketing,97179,FRONT-124,Sys-Ops | SMB CARDS OPERACIONAIS,TAREFA PENDENTE,,,,,Sprint 41,,,,,,,,
Problema,POS-4199,105705,TUPAN 50379  | Onsite sem aparecer no Site,73272,POS-221,Sys-Ops | Cards Operacionais,VALIDATION,,,Pedro Dib,5bc4ae2aa1a6a72f4761a152,Sprint 41,,,,,,,,
Tarefa,FRONT-704,105704,Alinhar componentes no On-site Pop-up,105568,FRONT-675,2.0 Gestão de Campanhas - Fase 2,TAREFA PENDENTE,,,,,Sprint 43,,,,,,,,
História,FRONT-703,105703,Novas Audiências no On-site Pop-up,105568,FRONT-675,2.0 Gestão de Campanhas - Fase 2,TAREFA PENDENTE,,,,,Sprint 43,,,,,,,,
Problema,FRONT-702,105702,Bling erro ao acessar conta,97179,FRONT-124,Sys-Ops | SMB CARDS OPERACIONAIS,TAREFA PENDENTE,,,,,Sprint 41,,,,,,,,
Dúvida,POS-4198,105700,Chamado | Atualização whatsapp,73272,POS-221,Sys-Ops | Cards Operacionais,VALIDATION,27/mai/26 12:00 AM,,Pedro Dib,5bc4ae2aa1a6a72f4761a152,Sprint 41,,,,,,,,
Solicitação de serviço,FRONT-701,105690,Integração do Editor Beefree com Templates de Produto,97684,FRONT-152,2.0 - BTG Campanhas,TAREFA PENDENTE,,,,,Sprint 42,,,,,,,,
Tarefa,POS-4197,105689,Cadastro de templates default de nova LP no ambiente de produção,101389,POS-3887,2.0 Landing Page,Em andamento,27/mai/26 12:00 AM,,Pedro Dib,5bc4ae2aa1a6a72f4761a152,Sprint 41,,,,,,,,
Problema,POS-4196,105686,Re: Dúvidas Erro permanente e Arquivo de Entregues,73272,POS-221,Sys-Ops | Cards Operacionais,Em andamento,26/mai/26 12:00 AM,,Pedro Dib,5bc4ae2aa1a6a72f4761a152,Sprint 41,,,,,,,,
Tarefa,POS-4195,105683,[CDP] Alterar um endpoint específico para disponibilizar segmentos criados pelo cliente,90336,POS-3304,2.0 Dados CDP,Tarefas pendentes,,,Juliana Diniz,5bc4b12849bd18289a64f6a1,Sprint 41,,,,,,,,
Problema,FRONT-698,105681,[SMB] 1435509 - HMulti| Carregamento em looping [E-mail mkt],97179,FRONT-124,Sys-Ops | SMB CARDS OPERACIONAIS,TAREFA PENDENTE,,,,,Sprint 41,,,,,,,,
História,FRONT-697,105665,[Segmentador Commerce] Front: Suprimir menu e header do segmentador,105630,FRONT-693,2.0 Audience: Segmentador no Commerce,TAREFA PENDENTE,,,,,,,,,,,,,
História,FRONT-696,105664,[Segmentador Commerce] Front: Implementar autenticação específica,105630,FRONT-693,2.0 Audience: Segmentador no Commerce,TAREFA PENDENTE,,,,,,,,,,,,,
História,FRONT-695,105663,[Commerce] Front: Exibir dados Commerce na visão do cliente,105628,FRONT-692,2.0 Audience: Enriquecimento de dados Commerce,TAREFA PENDENTE,,,,,,,,,,,,,
História,FRONT-694,105662,[OMS] Front: Exibir dados loja física na visão do cliente,105626,FRONT-691,2.0 Audience: Enriquecimento de dados OMS,TAREFA PENDENTE,,,,,,,,,,,,,
Tarefa,POS-4190,105661,[Base Analítica] Definir por quanto tempo os dados serão retidos,105631,POS-4160,2.0 Audience: Base Analítica,Tarefas pendentes,,,,,,,,,,,,,
Tarefa,POS-4189,105660,[Base Analítica] Back-up dos dados — definir estratégia com Doni e Bryan,105631,POS-4160,2.0 Audience: Base Analítica,Tarefas pendentes,,,,,,,,,,,,,
Tarefa,POS-4188,105659,[Base Analítica] Estruturação da governança da ingestão dos dados,105631,POS-4160,2.0 Audience: Base Analítica,Tarefas pendentes,,,,,,,,,,,,,
Tarefa,POS-4187,105658,[Base Analítica] Ingerir dados na base analítica,105631,POS-4160,2.0 Audience: Base Analítica,Tarefas pendentes,,,,,,,,,,,,,
Tarefa,POS-4186,105657,[Base Analítica] Provisionar a base analítica,105631,POS-4160,2.0 Audience: Base Analítica,Tarefas pendentes,,,,,,,,,,,,,
Tarefa,POS-4185,105656,[Base Analítica] Base analítica de eventos pelo BI (Herbert),105631,POS-4160,2.0 Audience: Base Analítica,Tarefas pendentes,,,,,,,,,,,,,
Tarefa,POS-4184,105655,[Segmentador Commerce] Definir primeiros casos de uso para primeira entrega,105629,POS-4159,2.0 Audience: Segmentador no Commerce,Tarefas pendentes,,,,,,,,,,,,,
Tarefa,POS-4183,105654,"[Segmentador Commerce] Definir processo de onboarding: acesso, cadastro e permissões",105629,POS-4159,2.0 Audience: Segmentador no Commerce,Tarefas pendentes,,,,,,,,,,,,,
Tarefa,POS-4182,105653,[Segmentador Commerce] Disponibilizar tela de segmentação no admin do Commerce,105629,POS-4159,2.0 Audience: Segmentador no Commerce,Tarefas pendentes,,,,,,,,,,,,,
Tarefa,POS-4181,105652,[Commerce] Consumir API de produtos do commerce (Barreto),105627,POS-4158,2.0 Audience: Enriquecimento de dados Commerce,Tarefas pendentes,,,,,,,,,,,,,
Tarefa,POS-4180,105651,[Commerce] Enriquecer dados de pedido buscando informações no ETL (Jimmy),105627,POS-4158,2.0 Audience: Enriquecimento de dados Commerce,Tarefas pendentes,,,,,,,,,,,,,
Tarefa,POS-4179,105650,[Commerce] Definir o que vai ser exibido na visão do cliente,105627,POS-4158,2.0 Audience: Enriquecimento de dados Commerce,Tarefas pendentes,,,,,,,,,,,,,
Tarefa,POS-4178,105649,[Commerce] Back: Ju cadastra a regra e irá refletir no front,105627,POS-4158,2.0 Audience: Enriquecimento de dados Commerce,Tarefas pendentes,,,,,,,,,,,,,
Tarefa,POS-4177,105648,[Commerce] Definir o que deverá ser consolidado (Sávio),105627,POS-4158,2.0 Audience: Enriquecimento de dados Commerce,Tarefas pendentes,,,,,,,,,,,,,
Tarefa,POS-4176,105647,[Commerce] Aumentar ingestão de eventos,105627,POS-4158,2.0 Audience: Enriquecimento de dados Commerce,Tarefas pendentes,,,,,,,,,,,,,
Tarefa,POS-4175,105646,[Commerce] Back: Adequação de contrato da ingestão dos dados,105627,POS-4158,2.0 Audience: Enriquecimento de dados Commerce,Tarefas pendentes,,,,,,,,,,,,,
Tarefa,POS-4174,105645,[OMS] Definir o que vai ser exibido na visão do cliente,105625,POS-4157,2.0 Audience: Enriquecimento de dados OMS,Tarefas pendentes,,,,,,,,,,,,,
Tarefa,POS-4173,105644,[OMS] Back: Ju cadastra a regra e irá refletir no front,105625,POS-4157,2.0 Audience: Enriquecimento de dados OMS,Tarefas pendentes,,,,,,,,,,,,,
Tarefa,POS-4172,105643,[OMS] Definir o que deverá ser consolidado (Sávio),105625,POS-4157,2.0 Audience: Enriquecimento de dados OMS,Tarefas pendentes,,,,,,,,,,,,,
Tarefa,POS-4171,105642,[OMS] Back: Adequação de contrato da ingestão dos dados,105625,POS-4157,2.0 Audience: Enriquecimento de dados OMS,Tarefas pendentes,,,,,,,,,,,,,
Tarefa,POS-4170,105641,[OMS] Definir com Felipe quais dados serão enviados via API do Dib,105625,POS-4157,2.0 Audience: Enriquecimento de dados OMS,Tarefas pendentes,,,,,,,,,,,,,
Tarefa,POS-4169,105640,[BTG] Entender o consumo para definir limites e preços da aplicação,97007,POS-3696,2.0 BTG ,Tarefas pendentes,,,,,,,,,,,,,
Tarefa,POS-4168,105639,[BTG] Teste de carga da aplicação,97007,POS-3696,2.0 BTG ,Tarefas pendentes,,,,,,,,,,,,,
Tarefa,POS-4167,105638,[CDP] Back: End-points para fornecer a CDP como API,90336,POS-3304,2.0 Dados CDP,Tarefas pendentes,,,,,,,,,,,,,
Tarefa,POS-4166,105637,[CDP] Back: Exportar o profile na API da CDP,90336,POS-3304,2.0 Dados CDP,Tarefas pendentes,,,,,,,,,,,,,
Tarefa,POS-4165,105636,[CDP] Back: Excluir o profile na API da CDP,90336,POS-3304,2.0 Dados CDP,Tarefas pendentes,,,,,,,,,,,,,
Tarefa,POS-4164,105635,[CDP] Back: Obter eventos do profile na API da CDP,90336,POS-3304,2.0 Dados CDP,Tarefas pendentes,,,,,,,,,,,,,
Tarefa,POS-4163,105634,[CDP] Back: Filtros de profiles na API da CDP,90336,POS-3304,2.0 Dados CDP,Tarefas pendentes,,,,,,,,,,,,,
Tarefa,POS-4162,105633,[CDP] Back: Listagem de profiles na API da CDP,90336,POS-3304,2.0 Dados CDP,Tarefas pendentes,,,,,,,,,,,,,
Tarefa,POS-4161,105632,[CDP] Testar e validar contrato feito pelo Dib,90336,POS-3304,2.0 Dados CDP,Tarefas pendentes,,,,,,,,,,,,,
Epic,POS-4160,105631,2.0 Audience: Base Analítica,,,,Tarefas pendentes,,,,,,,,,,,,,
Epic,FRONT-693,105630,2.0 Audience: Segmentador no Commerce,,,,TAREFA PENDENTE,,,,,,,,,,,,,
Epic,POS-4159,105629,2.0 Audience: Segmentador no Commerce,,,,Tarefas pendentes,,,,,,,,,,,,,
Epic,FRONT-692,105628,2.0 Audience: Enriquecimento de dados Commerce,,,,TAREFA PENDENTE,,,,,,,,,,,,,
Epic,POS-4158,105627,2.0 Audience: Enriquecimento de dados Commerce,,,,Tarefas pendentes,,,,,,,,,,,,,
Epic,FRONT-691,105626,2.0 Audience: Enriquecimento de dados OMS,,,,TAREFA PENDENTE,,,,,,,,,,,,,
Epic,POS-4157,105625,2.0 Audience: Enriquecimento de dados OMS,,,,Tarefas pendentes,,,,,,,,,,,,,
História,FRONT-690,105624,Configurações gerais BTG - Pressão de comunicação,97684,FRONT-152,2.0 - BTG Campanhas,TAREFA PENDENTE,,,,,Sprint 43,,,,,,,,
Problema,FRONT-689,105623,[smb] 670135 - Fhérr| Problema no envio de e-mails de marketing|,97179,FRONT-124,Sys-Ops | SMB CARDS OPERACIONAIS,TAREFA PENDENTE,,,,,Sprint 41,,,,,,,,
Problema,FRONT-688,105622,[smb] 1180967 - atacado Vencedor| Campanhas não estão sendo disparadas,97179,FRONT-124,Sys-Ops | SMB CARDS OPERACIONAIS,TAREFA PENDENTE,,,,,Sprint 41,,,,,,,,
Problema,FRONT-687,105621,[SMB] 1435580 - WoofBox| Erro no envio de Campanha Pontual de Email Marketing,97179,FRONT-124,Sys-Ops | SMB CARDS OPERACIONAIS,TAREFA PENDENTE,,,,,Sprint 41,,,,,,,,
Subtarefa,POS-4153,105618,Pessoas recentemente inativas: Contatos que não registraram atividade por mais de 20 dias.,105515,POS-4106,[CDP] Liberar audiências pré definidas (SMB) para todo/qualquer cliente,Tarefas pendentes,,,Juliana Diniz,5bc4b12849bd18289a64f6a1,Sprint 41,,,,,,,,
Subtarefa,POS-4152,105617,Pessoas que nunca compraram,105515,POS-4106,[CDP] Liberar audiências pré definidas (SMB) para todo/qualquer cliente,Tarefas pendentes,,,Juliana Diniz,5bc4b12849bd18289a64f6a1,Sprint 41,,,,,,,,
Subtarefa,POS-4151,105616,Pessoas inativas: Contatos que não registraram atividade por mais de 120 dias.,105515,POS-4106,[CDP] Liberar audiências pré definidas (SMB) para todo/qualquer cliente,Tarefas pendentes,,,Juliana Diniz,5bc4b12849bd18289a64f6a1,Sprint 41,,,,,,,,
Subtarefa,POS-4150,105615,Pessoas ativas: Contatos que visitaram o site nos últimos 120 dias.,105515,POS-4106,[CDP] Liberar audiências pré definidas (SMB) para todo/qualquer cliente,Tarefas pendentes,,,Juliana Diniz,5bc4b12849bd18289a64f6a1,Sprint 41,,,,,,,,
Subtarefa,POS-4149,105614,Newsletter: Contatos cadastrados na newsletter,105515,POS-4106,[CDP] Liberar audiências pré definidas (SMB) para todo/qualquer cliente,Tarefas pendentes,,,Juliana Diniz,5bc4b12849bd18289a64f6a1,Sprint 41,,,,,,,,
Subtarefa,POS-4147,105612,Propensos a comprar: Contatos que visitaram um produto várias vezes nos ultimos 3 dias,105515,POS-4106,[CDP] Liberar audiências pré definidas (SMB) para todo/qualquer cliente,Tarefas pendentes,,,Juliana Diniz,5bc4b12849bd18289a64f6a1,Sprint 41,,,,,,,,
Subtarefa,POS-4146,105611,Pessoas que compraram há 7 dias,105515,POS-4106,[CDP] Liberar audiências pré definidas (SMB) para todo/qualquer cliente,Tarefas pendentes,,,Juliana Diniz,5bc4b12849bd18289a64f6a1,Sprint 41,,,,,,,,
Subtarefa,POS-4145,105610,Pessoas inativas há 7 dias: Contatos que não registraram atividade por 7 dias.,105515,POS-4106,[CDP] Liberar audiências pré definidas (SMB) para todo/qualquer cliente,Tarefas pendentes,,,Juliana Diniz,5bc4b12849bd18289a64f6a1,Sprint 41,,,,,,,,
Problema,FRONT-686,105606,[SMB] 1054858 - Doutora Glamour| Tray - E-mail Marketing - Problemas com campanhas automáticas,97179,FRONT-124,Sys-Ops | SMB CARDS OPERACIONAIS,TAREFA PENDENTE,,,,,Sprint 41,,,,,,,,
Problema,POS-4139,105602,Horizon Play 50779 - Impressões ,73272,POS-221,Sys-Ops | Cards Operacionais,Em andamento,,,Herbert Santos,630a7bcaf87d21c16228fed1,Sprint 41,,,,,,,,
Subtarefa,POS-4138,105597,Testes On Site,105316,POS-4097,[CDP] Unificação dos SDK: Juntar SDK On site + SDK SMB (captação de eventos site),Tarefas pendentes,,,Ricardo Barretto,5bc4ae2d49bd18289a64f694,Sprint 41,,,,,,,,
Subtarefa,POS-4137,105596,Testes plataformas,105316,POS-4097,[CDP] Unificação dos SDK: Juntar SDK On site + SDK SMB (captação de eventos site),Tarefas pendentes,25/mai/26 12:00 AM,,Ricardo Barretto,5bc4ae2d49bd18289a64f694,Sprint 41,,,,,,,,
Solicitação de serviço,FRONT-685,105593,Listas em Campanhas Automáticas,105568,FRONT-675,2.0 Gestão de Campanhas - Fase 2,TAREFA PENDENTE,,,,,Sprint 43,,,,,,,,
Solicitação de serviço,FRONT-684,105592,Audiências Pré-definidas em Campanhas Automáticas,105568,FRONT-675,2.0 Gestão de Campanhas - Fase 2,TAREFA PENDENTE,,,,,Sprint 43,,,,,,,,
Solicitação de serviço,FRONT-683,105591,Segmentos Salvos em Campanhas Automáticas,105568,FRONT-675,2.0 Gestão de Campanhas - Fase 2,TAREFA PENDENTE,,,,,Sprint 43,,,,,,,,
Epic,POS-4134,105590,2.0 Gestão de campanhas - Fase 2,,,,Tarefas pendentes,,,,,,,,,,,,,
Tarefa,POS-4132,105588,Segmentador não deve buscar dados em eventos,90336,POS-3304,2.0 Dados CDP,Tarefas pendentes,,,Juliana Diniz,5bc4b12849bd18289a64f6a1,Sprint 41,,,,,,,,
Tarefa,POS-4131,105587,Consolidar Cidade e Estado,90336,POS-3304,2.0 Dados CDP,Tarefas pendentes,,,,,Sprint 41,,,,,,,,
Tarefa,POS-4130,105586,Consolidar Compras,90336,POS-3304,2.0 Dados CDP,Tarefas pendentes,,,,,Sprint 41,,,,,,,,
Tarefa,POS-4129,105585,Consolidar dados de Campanhas,90336,POS-3304,2.0 Dados CDP,Tarefas pendentes,,,,,Sprint 41,,,,,,,,
Problema,FRONT-681,105578,[SMB] 1111808 - Renata Artes| Falha no envio de campanhas de email marketing pontuais,97179,FRONT-124,Sys-Ops | SMB CARDS OPERACIONAIS,TAREFA PENDENTE,,,Anderson Silva,624c8d33ed4d6b007016e305,Sprint 41,,,,,,,,
Tarefa,POS-4125,105577,[Feature] Inclusão de botão do WhatsApp com gatilho de IA no painel da Wake,,,,Tarefas pendentes,,,Bárbara Auguste Fernandes Meirelles,712020:8f547731-dc4d-407c-a6b5-bea39b910335,Sprint 42,,,,,,,,
Problema,FRONT-680,105576,"[SMB] 754222 - Yangfit| Problemas E-mail Marketing: Envio, Base Diminuindo e Atualização",97179,FRONT-124,Sys-Ops | SMB CARDS OPERACIONAIS,TAREFA PENDENTE,,,,,Sprint 41,,,,,,,,
Problema,FRONT-679,105575,[SMB] 1205025 - Holz Implementos Pecuários| Erro em campanha de email marketing: 0 envios.,97179,FRONT-124,Sys-Ops | SMB CARDS OPERACIONAIS,TAREFA PENDENTE,,,,,Sprint 41,,,,,,,,
Epic,POS-4122,105574,2.0 Workflow,,,,Tarefas pendentes,,,,,,,,,,,,,
Epic,FRONT-678,105573,2.0 Workflow,,,,TAREFA PENDENTE,,,,,,,,,,,,,
Epic,FRONT-677,105572,2.0 - Envios transacionais,,,,TAREFA PENDENTE,,,,,,,,,,,,,
Epic,POS-4121,105571,2.0 Envios Transacionais,,,,Tarefas pendentes,,,,,,,,,,,,,
Epic,FRONT-675,105568,2.0 Gestão de Campanhas - Fase 2,,,,TAREFA PENDENTE,,,,,,,,,,,,,
História,FRONT-674,105567,Relatório de Opt-out,105568,FRONT-675,2.0 Gestão de Campanhas - Fase 2,TAREFA PENDENTE,,,,,Sprint 43,,,,,,,,
História,FRONT-673,105566,Gestão de Opt-out (Importação em Lote e Manual),105568,FRONT-675,2.0 Gestão de Campanhas - Fase 2,TAREFA PENDENTE,,,,,Sprint 43,,,,,,,,
Problema,FRONT-671,105562,[SMB] 923331 - Ma Ballet Shop| E-mail Marketing - Campanha Pontual não sendo enviada para toda a base,97179,FRONT-124,Sys-Ops | SMB CARDS OPERACIONAIS,TAREFA PENDENTE,,,,,Sprint 41,,,,,,,,
Tarefa,POS-4114,105544,[Plataforma 1.0 - EXP] - Opção de Desativar UTMs na Criação de Campanha On-Site,,,,VALIDATION,19/mai/26 12:00 AM,,Sávio,5bbfb807412ef82f09606a29,Sprint 41,,,,,,,,
História,FRONT-670,105543,[Plataforma 1.0 - EXP] - Opção de Desativar UTMs na Criação de Campanha On-Site,97510,FRONT-149,Melhorias plataforma 1.0,CODE REVIEW,,,Renato Novaes,60a4007747ba02006f2460fd,Sprint 41,,,,,,,,
Problema,POS-4110,105520,Chá Leão | Segurança de Dados 50814,73272,POS-221,Sys-Ops | Cards Operacionais,Tarefas pendentes,,,Bruno Cruz Silva,712020:42adaa16-4a23-47db-bae7-528b19b7f35a,Sprint 40,Sprint 41,,,,,,,
Epic,FRONT-668,105519,2.0 Dados CDP,,,,TAREFA PENDENTE,,,,,,,,,,,,,
Tarefa,POS-4109,105518,Estruturação de Consumo - Catálogo de produtos Commerce,90336,POS-3304,2.0 Dados CDP,Tarefas pendentes,,,,,Sprint 42,,,,,,,,
Problema,POS-4107,105516,Telhanorte ID 50805 | Inconsistências GA4,73272,POS-221,Sys-Ops | Cards Operacionais,Em andamento,27/mai/26 12:00 AM,,Herbert Santos,630a7bcaf87d21c16228fed1,Sprint 40,Sprint 41,,,,,,,
Tarefa,POS-4106,105515,[CDP] Liberar audiências pré definidas (SMB) para todo/qualquer cliente,90336,POS-3304,2.0 Dados CDP,Em andamento,22/mai/26 12:00 AM,,Juliana Diniz,5bc4b12849bd18289a64f6a1,Sprint 41,,,,,,,,
Tarefa,POS-4105,105513,Consolidar informação de LTV para exibição na Visão de Clientes,102394,POS-3964,2.0 Visão do cliente,Tarefas pendentes,,,,,Sprint 42,,,,,,,,
Subtarefa,FRONT-667,105466,criar rota para disponibilizar click e view,104062,FRONT-573,Adicionar SES no fluxo de campanhas,TAREFA PENDENTE,,,,,Sprint 40,Sprint 41,,,,,,,
Problema,POS-4100,105319,Total de pessoas na CDP não está calculando,73272,POS-221,Sys-Ops | Cards Operacionais,VALIDATION,15/mai/26 12:00 AM,,Herbert Santos,630a7bcaf87d21c16228fed1,Sprint 40,Sprint 41,,,,,,,
Tarefa,POS-4098,105317,[CDP] Unificação dos SDK: Usar API para a ingestão de dados,90336,POS-3304,2.0 Dados CDP,Tarefas pendentes,,,Ricardo Barretto,5bc4ae2d49bd18289a64f694,Sprint 41,,,,,,,,
Tarefa,POS-4097,105316,[CDP] Unificação dos SDK: Juntar SDK On site + SDK SMB (captação de eventos site),90336,POS-3304,2.0 Dados CDP,Em andamento,20/mai/26 12:00 AM,,Ricardo Barretto,5bc4ae2d49bd18289a64f694,Sprint 41,,,,,,,,
Tarefa,POS-4096,105315,[CDP] Ingerir o dado via API - Dados da SDK,90336,POS-3304,2.0 Dados CDP,Em andamento,27/mai/26 12:00 AM,,Sávio,5bbfb807412ef82f09606a29,Sprint 41,,,,,,,,
Subtarefa,FRONT-651,105194,LPEditorSidebar,104877,FRONT-592,Tela de atributos personalizados,TAREFA PENDENTE,,,Thiago Vilasboas,609e78d197f3d40070deda34,Sprint 41,,,,,,,,
Subtarefa,FRONT-650,105192,Segmentador,104877,FRONT-592,Tela de atributos personalizados,TAREFA PENDENTE,,,Thiago Vilasboas,609e78d197f3d40070deda34,Sprint 41,,,,,,,,
Subtarefa,FRONT-647,105186,Contexto Global,104877,FRONT-592,Tela de atributos personalizados,TAREFA PENDENTE,,,Thiago Vilasboas,609e78d197f3d40070deda34,Sprint 41,,,,,,,,
Subtarefa,FRONT-646,105184,Serviço,104877,FRONT-592,Tela de atributos personalizados,TAREFA PENDENTE,,,Thiago Vilasboas,609e78d197f3d40070deda34,Sprint 41,,,,,,,,
Subtarefa,FRONT-645,105182, Tipos: Extensão do Modelo de Dados,104877,FRONT-592,Tela de atributos personalizados,TAREFA PENDENTE,,,Thiago Vilasboas,609e78d197f3d40070deda34,Sprint 41,,,,,,,,
Problema,POS-4094,105105,Balaroti 50755| CTR Zerado ,73272,POS-221,Sys-Ops | Cards Operacionais,VALIDATION,15/mai/26 12:00 AM,,Herbert Santos,630a7bcaf87d21c16228fed1,Sprint 40,Sprint 41,,,,,,,
História,FRONT-639,105003,Importação de Lista com Atributos Personalizados,105519,FRONT-668,2.0 Dados CDP,TAREFA PENDENTE,,,,,Sprint 42,,,,,,,,
Problema,FRONT-637,105001,[SMB] 754222 - Yangfit| Mensagens de carrinho abandonado não enviadas via WhatsApp,97179,FRONT-124,Sys-Ops | SMB CARDS OPERACIONAIS,VALIDATION,18/mai/26 12:00 AM,,Anderson Silva,624c8d33ed4d6b007016e305,Sprint 40,Sprint 41,,,,,,,
História,FRONT-636,105000,Investigar captação de leads na Visão Única de Clientes,101382,FRONT-361,2.0 Visão única do cliente,TAREFA PENDENTE,,,Bruno Cruz Silva,712020:42adaa16-4a23-47db-bae7-528b19b7f35a,Sprint 41,,,,,,,,
Epic,FRONT-634,104998,2.0 E-mail inteligente,,,,TAREFA PENDENTE,,,,,,,,,,,,,
Tarefa,FRONT-633,104997,Relatório de Web Push,101387,FRONT-366,2.0 Dados e Relatórios,TAREFA PENDENTE,,,,,,,,,,,,,
Tarefa,FRONT-632,104995,Relatório de On site,101387,FRONT-366,2.0 Dados e Relatórios,TAREFA PENDENTE,,,,,,,,,,,,,
Tarefa,FRONT-631,104993,Relatório de provedores,101387,FRONT-366,2.0 Dados e Relatórios,TAREFA PENDENTE,,,,,,,,,,,,,
Tarefa,FRONT-630,104991,Relatório de pessoas,101387,FRONT-366,2.0 Dados e Relatórios,TAREFA PENDENTE,,,,,,,,,,,,,
Tarefa,FRONT-629,104989,Relatórios de performance,101387,FRONT-366,2.0 Dados e Relatórios,TAREFA PENDENTE,,,,,,,,,,,,,
Tarefa,FRONT-628,104987,Relatório de envios transacionais,101387,FRONT-366,2.0 Dados e Relatórios,TAREFA PENDENTE,,,,,,,,,,,,,
Epic,FRONT-627,104985,2.0 Envios Transacionais,,,,TAREFA PENDENTE,,,,,,,,,,,,,
Tarefa,FRONT-626,104984,Trazer dados de loja física,101381,FRONT-360,2.0 - Segmentador,TAREFA PENDENTE,,,,,,,,,,,,,
Tarefa,FRONT-625,104982,Workflow,104916,FRONT-597,2.0 Automatizador,TAREFA PENDENTE,,,,,,,,,,,,,
Tarefa,FRONT-624,104980,Gerar lista FTP,104916,FRONT-597,2.0 Automatizador,TAREFA PENDENTE,,,,,,,,,,,,,
Tarefa,FRONT-623,104978,Envio FTP,104916,FRONT-597,2.0 Automatizador,TAREFA PENDENTE,,,,,,,,,,,,,
Tarefa,FRONT-622,104976,Envio automático,104916,FRONT-597,2.0 Automatizador,TAREFA PENDENTE,,,,,,,,,,,,,
Tarefa,FRONT-621,104974,Segmentação,104916,FRONT-597,2.0 Automatizador,TAREFA PENDENTE,,,,,,,,,,,,,
Tarefa,FRONT-620,104972,Subir lista S3 Amazon,104916,FRONT-597,2.0 Automatizador,TAREFA PENDENTE,,,,,,,,,,,,,
Tarefa,FRONT-619,104970,Subir lista no Google Drive,104916,FRONT-597,2.0 Automatizador,TAREFA PENDENTE,,,,,,,,,,,,,
Tarefa,FRONT-618,104968,Subir lista no FTP,104916,FRONT-597,2.0 Automatizador,TAREFA PENDENTE,,,,,,,,,,,,,
Epic,FRONT-617,104966,Relatórios,,,,TAREFA PENDENTE,,,,,,,,,,,,,
Tarefa,FRONT-616,104965,Configurações push ID,104941,FRONT-606,2.0 Conta,TAREFA PENDENTE,,,,,,,,,,,,,
Tarefa,FRONT-615,104963,Seedlist,104941,FRONT-606,2.0 Conta,TAREFA PENDENTE,,,,,,,,,,,,,
Tarefa,POS-4090,104961,Consolidação Fidelidade,97007,POS-3696,2.0 BTG ,Tarefas pendentes,,,,,,,,,,,,,
Tarefa,FRONT-614,104960,Meus dados,104941,FRONT-606,2.0 Conta,TAREFA PENDENTE,,,,,,,,,,,,,
Tarefa,POS-4089,104956,Segmentação Fidelidade,97007,POS-3696,2.0 BTG ,Tarefas pendentes,,,,,,,,,,,,,
Tarefa,FRONT-613,104958,Cadastrar tags,104941,FRONT-606,2.0 Conta,TAREFA PENDENTE,,,,,,,,,,,,,
Tarefa,FRONT-612,104955,Cadastrar sub login,104941,FRONT-606,2.0 Conta,TAREFA PENDENTE,,,,,,,,,,,,,
Tarefa,FRONT-611,104953,Cadastrar termo,104941,FRONT-606,2.0 Conta,TAREFA PENDENTE,,,,,,,,,,,,,
Tarefa,FRONT-610,104951,Cadastrar sub cliente,104941,FRONT-606,2.0 Conta,TAREFA PENDENTE,,,,,,,,,,,,,
Tarefa,POS-4088,104949,Consolidação Avise-me,97007,POS-3696,2.0 BTG ,Tarefas pendentes,,,,,,,,,,,,,
Tarefa,FRONT-609,104948,Usuário consulta,104941,FRONT-606,2.0 Conta,TAREFA PENDENTE,,,,,,,,,,,,,
Tarefa,POS-4087,104945,Segmentação Avise-me,97007,POS-3696,2.0 BTG ,Tarefas pendentes,,,,,,,,,,,,,
Tarefa,FRONT-608,104946,Celular de teste,104941,FRONT-606,2.0 Conta,TAREFA PENDENTE,,,,,,,,,,,,,
Tarefa,FRONT-607,104943,E-mail de teste,104941,FRONT-606,2.0 Conta,TAREFA PENDENTE,,,,,,,,,,,,,
Epic,FRONT-606,104941,2.0 Conta,,,,TAREFA PENDENTE,,,,,,,,,,,,,
Tarefa,POS-4086,104940,Consolidação Tendências,97007,POS-3696,2.0 BTG ,Tarefas pendentes,,,,,,,,,,,,,
Tarefa,POS-4085,104939,Segmentação Tendências,97007,POS-3696,2.0 BTG ,Tarefas pendentes,,,,,,,,,,,,,
Tarefa,FRONT-605,104938,Parametrização,104915,FRONT-596,2.0 Integrações,TAREFA PENDENTE,,,,,,,,,,,,,
Tarefa,POS-4084,104936,Consolidação Redução de Preços Similares,97007,POS-3696,2.0 BTG ,Tarefas pendentes,,,,,,,,,,,,,
Tarefa,FRONT-604,104935,Integração Tray Commerce,104915,FRONT-596,2.0 Integrações,TAREFA PENDENTE,,,,,,,,,,,,,
Tarefa,POS-4083,104933,Segmentação Redução de Preços Similares,97007,POS-3696,2.0 BTG ,Tarefas pendentes,,,,,,,,,,,,,
Tarefa,FRONT-603,104932,Integração VTEX,104915,FRONT-596,2.0 Integrações,TAREFA PENDENTE,,,,,,,,,,,,,
Tarefa,FRONT-602,104930,Google Drive,104915,FRONT-596,2.0 Integrações,TAREFA PENDENTE,,,,,,,,,,,,,
Tarefa,FRONT-601,104928,Integrações via API,104915,FRONT-596,2.0 Integrações,TAREFA PENDENTE,,,,,,,,,,,,,
Tarefa,POS-4082,104926,Consolidação Lista de Desejos,97007,POS-3696,2.0 BTG ,Tarefas pendentes,,,,,,,,,,,,,
Tarefa,FRONT-600,104925,Importação de XML,104915,FRONT-596,2.0 Integrações,TAREFA PENDENTE,,,,,,,,,,,,,
Tarefa,POS-4081,104923,Segmentação Lista de Desejos,97007,POS-3696,2.0 BTG ,Tarefas pendentes,,,,,,,,,,,,,
Tarefa,POS-4080,104922,Consolidação Busca,97007,POS-3696,2.0 BTG ,Tarefas pendentes,,,,,,,,,,,,,
Tarefa,POS-4079,104921,Segmentação Busca,97007,POS-3696,2.0 BTG ,Tarefas pendentes,,,,,,,,,,,,,
Tarefa,POS-4078,104920,Consolidação Envio por Data,97007,POS-3696,2.0 BTG ,Tarefas pendentes,,,,,,,,,,,,,
Tarefa,POS-4077,104919,Segmentação Envio por Data,97007,POS-3696,2.0 BTG ,Tarefas pendentes,,,,,,,,,,,,,
Epic,FRONT-599,104918,2.0 Teste A/B,,,,TAREFA PENDENTE,,,,,,,,,,,,,
Epic,FRONT-598,104917,2.0 Workflow,,,,TAREFA PENDENTE,,,,,,,,,,,,,
Epic,FRONT-597,104916,2.0 Automatizador,,,,TAREFA PENDENTE,,,,,,,,,,,,,
Epic,FRONT-596,104915,2.0 Integrações,,,,TAREFA PENDENTE,,,,,,,,,,,,,
Tarefa,POS-4076,104914,Consolidação Novos Cadastros,97007,POS-3696,2.0 BTG ,Tarefas pendentes,,,,,,,,,,,,,
Epic,FRONT-595,104913,2.0 GA4,,,,TAREFA PENDENTE,,,,,,,,,,,,,
Tarefa,POS-4075,104912,Segmentação Novos Cadastros,97007,POS-3696,2.0 BTG ,Tarefas pendentes,,,,,,,,,,,,,
Epic,FRONT-594,104911,2.0 WebPush,,,,TAREFA PENDENTE,,,,,,,,,,,,,
Epic,FRONT-593,104910,2.0 SMS,,,,TAREFA PENDENTE,,,,,,,,,,,,,
História,FRONT-592,104877,Tela de atributos personalizados,101387,FRONT-366,2.0 Dados e Relatórios,BLOQUEADO,19/mai/26 12:00 AM,,Thiago Vilasboas,609e78d197f3d40070deda34,Sprint 41,,,,,,,,
História,FRONT-591,104876,BTG: Feature de template de produto,97684,FRONT-152,2.0 - BTG Campanhas,QA in Progress,21/mai/26 12:00 AM,,Wesley Ferreira,614091b449f7bd00689bcda2,Sprint 41,,,,,,,,
Bug,POS-4069,104703,Eventos de register não sendo emitidos no SDK,90336,POS-3304,2.0 Dados CDP,Tarefas pendentes,,,,,,,,,,,,,
Bug,FRONT-585,104702,Visão Única de Clientes - Ajustar remoção de filtro,101382,FRONT-361,2.0 Visão única do cliente,QA in Progress,18/mai/26 12:00 AM,,Renato Novaes,60a4007747ba02006f2460fd,Sprint 41,,,,,,,,
Tarefa,POS-4063,104499,Consolidação Recorrência,97007,POS-3696,2.0 BTG ,Tarefas pendentes,,,,,Sprint 42,,,,,,,,
Tarefa,POS-4062,104497,Segmentação Recorrência,97007,POS-3696,2.0 BTG ,Tarefas pendentes,,,,,,,,,,,,,
Tarefa,POS-4061,104495,Consolidação propensos a comprar,97007,POS-3696,2.0 BTG ,Tarefas pendentes,,,Sávio,5bbfb807412ef82f09606a29,Sprint 41,,,,,,,,
Tarefa,POS-4060,104493,Segmentação Propensos a comprar,97007,POS-3696,2.0 BTG ,Tarefas pendentes,,,,,,,,,,,,,
Tarefa,POS-4059,104491,Consolidação Aniversário,97007,POS-3696,2.0 BTG ,Tarefas pendentes,,,Sávio,5bbfb807412ef82f09606a29,Sprint 41,,,,,,,,
Tarefa,POS-4058,104489,Segmentação Aniversário,97007,POS-3696,2.0 BTG ,Tarefas pendentes,,,,,,,,,,,,,
Tarefa,POS-4056,104321,Ajustar Status em envios pontuais e automáticos,105590,POS-4134,2.0 Gestão de campanhas - Fase 2,Tarefas pendentes,,,,,Sprint 42,,,,,,,,
Bug,FRONT-581,104217,STUDIO: Visualização dos templates criados está quebrada,101384,FRONT-363,2.0 Studio,Ready to Deploy,12/mai/26 12:00 AM,,Renato Novaes,60a4007747ba02006f2460fd,Sprint 40,Sprint 41,,,,,,,
Tarefa,POS-4051,104216,Segmentação dos Dados de Novidades,97007,POS-3696,2.0 BTG ,Tarefas pendentes,,,Juliana Diniz,5bc4b12849bd18289a64f6a1,Sprint 42,,,,,,,,
Tarefa,POS-4050,104215,Segmentação dos Dados de Redução de Preços,97007,POS-3696,2.0 BTG ,Tarefas pendentes,,,Juliana Diniz,5bc4b12849bd18289a64f6a1,Sprint 41,,,,,,,,
Solicitação de serviço,POS-4037,104133,Valemobi 50420 | Campo personalizado relatório Diario ,73272,POS-221,Sys-Ops | Cards Operacionais,Tarefas pendentes,,,,,Sprint 42,,,,,,,,
História,POS-4032,104063,Segmentador: Campos Custom,,,,Tarefas pendentes,,,,,Sprint 42,,,,,,,,
História,FRONT-573,104062,Adicionar SES no fluxo de campanhas,97254,FRONT-133,Entregabilidade,Ready to Deploy,08/mai/26 12:00 AM,,Gustavo Bium Donadon,712020:783b53ab-197a-4286-9246-158f752f3aa2,Sprint 40,Sprint 41,,,,,,,
Epic,POS-4031,103961,BI,,,,Tarefas pendentes,,,,,,,,,,,,,
Subtarefa,FRONT-568,103955,Revisão,103874,FRONT-536,BTG - Regra Propensos a Comprar,TAREFA PENDENTE,,,,,Sprint 42,,,,,,,,
Subtarefa,FRONT-567,103954,Integração,103874,FRONT-536,BTG - Regra Propensos a Comprar,TAREFA PENDENTE,,,,,Sprint 42,,,,,,,,
Subtarefa,FRONT-566,103953,Lógica,103874,FRONT-536,BTG - Regra Propensos a Comprar,TAREFA PENDENTE,,,,,Sprint 42,,,,,,,,
Subtarefa,FRONT-565,103952,UI/Layout,103874,FRONT-536,BTG - Regra Propensos a Comprar,TAREFA PENDENTE,,,,,Sprint 42,,,,,,,,
Subtarefa,FRONT-564,103951,Revisão e navegação,103873,FRONT-535,BTG - Regra Navegação Mensal,TAREFA PENDENTE,,,,,Sprint 40,Sprint 41,,,,,,,
Subtarefa,FRONT-563,103950,Integração,103873,FRONT-535,BTG - Regra Navegação Mensal,TAREFA PENDENTE,,,,,Sprint 40,Sprint 41,,,,,,,
Subtarefa,FRONT-562,103949,Lógica/Estado,103873,FRONT-535,BTG - Regra Navegação Mensal,TAREFA PENDENTE,,,,,Sprint 40,Sprint 41,,,,,,,
Subtarefa,FRONT-561,103948,UI/Layout,103873,FRONT-535,BTG - Regra Navegação Mensal,TAREFA PENDENTE,,,,,Sprint 40,Sprint 41,,,,,,,
Subtarefa,FRONT-560,103947,Revisão e navegação,103872,FRONT-534,BTG - Regra de Decididos,TAREFA PENDENTE,,,,,Sprint 40,Sprint 41,,,,,,,
Subtarefa,FRONT-559,103946,Integração,103872,FRONT-534,BTG - Regra de Decididos,TAREFA PENDENTE,,,,,Sprint 40,Sprint 41,,,,,,,
Subtarefa,FRONT-558,103945,Lógica/Estado,103872,FRONT-534,BTG - Regra de Decididos,TAREFA PENDENTE,,,,,Sprint 40,Sprint 41,,,,,,,
Subtarefa,FRONT-557,103944,UI/Layout,103872,FRONT-534,BTG - Regra de Decididos,TAREFA PENDENTE,,,,,Sprint 40,Sprint 41,,,,,,,
Subtarefa,FRONT-556,103896,Revisão e navegação,98151,FRONT-220,BTG - Regra de Inativos,TAREFA PENDENTE,,,,,Sprint 41,,,,,,,,
Subtarefa,FRONT-555,103895,Integração,98151,FRONT-220,BTG - Regra de Inativos,TAREFA PENDENTE,,,,,Sprint 41,,,,,,,,
Subtarefa,FRONT-554,103894,Lógica/Estado,98151,FRONT-220,BTG - Regra de Inativos,TAREFA PENDENTE,,,,,Sprint 41,,,,,,,,
Subtarefa,FRONT-553,103893,UI/Layout,98151,FRONT-220,BTG - Regra de Inativos,TAREFA PENDENTE,,,,,Sprint 41,,,,,,,,
Subtarefa,FRONT-552,103891,Revisão e navegação,98152,FRONT-221,BTG - Regra de Aniversário,TAREFA PENDENTE,,,,,Sprint 42,,,,,,,,
História,FRONT-551,103889,Voltar com repique para as campanhas (E-mail e Whatsapp),105568,FRONT-675,2.0 Gestão de Campanhas - Fase 2,EM ANDAMENTO,18/mai/26 12:00 AM,,Anderson Silva,624c8d33ed4d6b007016e305,Sprint 40,Sprint 41,,,,,,,
Solicitação de serviço,FRONT-550,103888,BTG - Regra de Fidelidade,97684,FRONT-152,2.0 - BTG Campanhas,TAREFA PENDENTE,,,Wesley Ferreira,614091b449f7bd00689bcda2,Sprint 42,,,,,,,,
Solicitação de serviço,FRONT-549,103887,BTG - Regra Avise-me,97684,FRONT-152,2.0 - BTG Campanhas,TAREFA PENDENTE,,,Wesley Ferreira,614091b449f7bd00689bcda2,Sprint 42,,,,,,,,
Solicitação de serviço,FRONT-548,103886,BTG - Regra de Navegação,97684,FRONT-152,2.0 - BTG Campanhas,QA in Progress,11/mai/26 12:00 AM,,Renato Novaes,60a4007747ba02006f2460fd,Sprint 40,Sprint 41,,,,,,,
Solicitação de serviço,FRONT-547,103885,BTG - Regra de Tendências,97684,FRONT-152,2.0 - BTG Campanhas,TAREFA PENDENTE,,,Wesley Ferreira,614091b449f7bd00689bcda2,Sprint 42,,,,,,,,
Solicitação de serviço,FRONT-546,103884,BTG - Regra Redução de Preços Similares,97684,FRONT-152,2.0 - BTG Campanhas,TAREFA PENDENTE,,,Wesley Ferreira,614091b449f7bd00689bcda2,Sprint 42,,,,,,,,
Solicitação de serviço,FRONT-545,103883,BTG - Regra Redução de Preços,97684,FRONT-152,2.0 - BTG Campanhas,GQ,,,isabela.beatriz,712020:7fecd2d1-ffb2-4d42-b4b1-5af8e5f4ee5f,Sprint 41,,,,,,,,
Solicitação de serviço,FRONT-544,103882,BTG - Regra de Novidades,97684,FRONT-152,2.0 - BTG Campanhas,GQ,,,isabela.beatriz,712020:7fecd2d1-ffb2-4d42-b4b1-5af8e5f4ee5f,Sprint 41,,,,,,,,
Solicitação de serviço,FRONT-543,103881,BTG - Regra Lista de Desejos,97684,FRONT-152,2.0 - BTG Campanhas,TAREFA PENDENTE,,,Wesley Ferreira,614091b449f7bd00689bcda2,Sprint 42,,,,,,,,
Solicitação de serviço,FRONT-542,103880,BTG - Regra de Indecisos,97684,FRONT-152,2.0 - BTG Campanhas,GQ,,,isabela.beatriz,712020:7fecd2d1-ffb2-4d42-b4b1-5af8e5f4ee5f,Sprint 41,,,,,,,,
Solicitação de serviço,FRONT-541,103879,BTG - Regra de Busca,97684,FRONT-152,2.0 - BTG Campanhas,TAREFA PENDENTE,,,Wesley Ferreira,614091b449f7bd00689bcda2,Sprint 42,,,,,,,,
Solicitação de serviço,FRONT-540,103878,BTG - Regra Envio por Data,97684,FRONT-152,2.0 - BTG Campanhas,TAREFA PENDENTE,,,Wesley Ferreira,614091b449f7bd00689bcda2,Sprint 42,,,,,,,,
Solicitação de serviço,FRONT-539,103877,BTG - Regra Novos Cadastros,97684,FRONT-152,2.0 - BTG Campanhas,TAREFA PENDENTE,,,Wesley Ferreira,614091b449f7bd00689bcda2,Sprint 42,,,,,,,,
Solicitação de serviço,FRONT-538,103876,BTG - Regra Recorrência,97684,FRONT-152,2.0 - BTG Campanhas,TAREFA PENDENTE,,,Wesley Ferreira,614091b449f7bd00689bcda2,Sprint 42,,,,,,,,
Solicitação de serviço,FRONT-537,103875,BTG - Regra Reconquista,97684,FRONT-152,2.0 - BTG Campanhas,QA in Progress,,,Renato Novaes,60a4007747ba02006f2460fd,Sprint 41,,,,,,,,
Solicitação de serviço,FRONT-536,103874,BTG - Regra Propensos a Comprar,97684,FRONT-152,2.0 - BTG Campanhas,TAREFA PENDENTE,,,Wesley Ferreira,614091b449f7bd00689bcda2,Sprint 42,,,,,,,,
Solicitação de serviço,FRONT-535,103873,BTG - Regra Navegação Mensal,97684,FRONT-152,2.0 - BTG Campanhas,QA in Progress,11/mai/26 12:00 AM,,Renato Novaes,60a4007747ba02006f2460fd,Sprint 40,Sprint 41,,,,,,,
Solicitação de serviço,FRONT-534,103872,BTG - Regra de Decididos,97684,FRONT-152,2.0 - BTG Campanhas,QA in Progress,11/mai/26 12:00 AM,,Renato Novaes,60a4007747ba02006f2460fd,Sprint 40,Sprint 41,,,,,,,
Subtarefa,FRONT-531,103803,Revisão e navegação,97685,FRONT-153,"BTG - Pós-Compra – Etapa ""Disparo e Conteúdo"", revisão e acesso ao canal WhatsApp",TAREFA PENDENTE,,,,,Sprint 40,Sprint 41,,,,,,,
Subtarefa,FRONT-526,103798,Revisão e navegação,101409,FRONT-376,BTG - Navegação Semanal,TAREFA PENDENTE,,,,,Sprint 40,Sprint 41,,,,,,,
Subtarefa,FRONT-525,103765,Revisão e navegação,97682,FRONT-150,"BTG - Abandono  – Etapa ""Disparo e Conteúdo"", revisão e regras de canal",TAREFA PENDENTE,,,,,Sprint 39,Sprint 40,Sprint 41,,,,,,
Epic,FRONT-524,103697,BTG - Templatize (BeeFree),,,,TAREFA PENDENTE,,,,,,,,,,,,,
Bug,FRONT-519,103583,Unomi retornando erro 500 silenciosamente nas aplicações de SDK,,,,TAREFA PENDENTE,,,,,,,,,,,,,
Subtarefa,FRONT-518,103548,"Edição, preview e impacto CA6",101571,FRONT-391,Segmentador: Campos Custom,TAREFA PENDENTE,,,,,Sprint 42,,,,,,,,
Subtarefa,FRONT-517,103546,Integração,101571,FRONT-391,Segmentador: Campos Custom,TAREFA PENDENTE,,,,,Sprint 42,,,,,,,,
Subtarefa,FRONT-516,103544," Lógica, tipos e validação",101571,FRONT-391,Segmentador: Campos Custom,TAREFA PENDENTE,,,,,Sprint 42,,,,,,,,
Subtarefa,FRONT-515,103542,UI/Layout,101571,FRONT-391,Segmentador: Campos Custom,TAREFA PENDENTE,,,,,Sprint 42,,,,,,,,
Subtarefa,FRONT-514,103540,Componente de paginação reutilizável e não regressivo,99716,FRONT-266,"Landing Pages: visualizar cadastros (leads) por LP, com perfil na CDP e paginação no detalhe",TAREFA PENDENTE,,,,,Sprint 42,,,,,,,,
Subtarefa,FRONT-513,103538,Integração (API/contratos) e erros,99716,FRONT-266,"Landing Pages: visualizar cadastros (leads) por LP, com perfil na CDP e paginação no detalhe",TAREFA PENDENTE,,,,,Sprint 42,,,,,,,,
Subtarefa,FRONT-512,103536, Lógica / estado no front,99716,FRONT-266,"Landing Pages: visualizar cadastros (leads) por LP, com perfil na CDP e paginação no detalhe",TAREFA PENDENTE,,,,,Sprint 42,,,,,,,,
Subtarefa,FRONT-511,103534,"UI / layout (drawer, lista de leads, responsividade)",99716,FRONT-266,"Landing Pages: visualizar cadastros (leads) por LP, com perfil na CDP e paginação no detalhe",TAREFA PENDENTE,,,,,Sprint 42,,,,,,,,
Tarefa,POS-4008,103532,Entregabilidade - Disparo de teste com SES 2.0,77568,POS-1348,Melhorias relacionadas a entregabilidade,READY TO DEPLOY,05/mai/26 12:00 AM,,Gustavo Bium Donadon,712020:783b53ab-197a-4286-9246-158f752f3aa2,Sprint 39,Sprint 40,Sprint 41,,,,,,
Tarefa,FRONT-496,102859,Ajustar tamanho do card da LP pra ficar igual ao das demais features,101386,FRONT-365,2.0 Landing Page,Ready to Deploy,15/mai/26 12:00 AM,,Anderson Silva,624c8d33ed4d6b007016e305,Sprint 40,Sprint 41,,,,,,,
Bug,FRONT-493,102718,[SMB]1435509|HMulti|Problema ao criar campanha de WhatsApp para novos cadastros,97179,FRONT-124,Sys-Ops | SMB CARDS OPERACIONAIS,CODE REVIEW,15/mai/26 12:00 AM,,Gustavo Bium Donadon,712020:783b53ab-197a-4286-9246-158f752f3aa2,Sprint 39,Sprint 40,Sprint 41,,,,,,
Tarefa,POS-3973,102505,Implementação do Sistema de Notificação de Downloads,101391,POS-3889,2.0 Dados e Relatórios,Tarefas pendentes,18/mai/26 12:00 AM,,,,Sprint 39,Sprint 40,Sprint 42,,,,,,
Epic,POS-3964,102394,2.0 Visão do cliente,,,,Em andamento,,,,,,,,,,,,,
Subtarefa,FRONT-452,102109,Validação,102101,FRONT-448,Colocar receita e exportar CSV nas campanhas pontuais e autompaticas,TAREFA PENDENTE,,,,,Sprint 42,,,,,,,,
Subtarefa,FRONT-451,102107,Integração,102101,FRONT-448,Colocar receita e exportar CSV nas campanhas pontuais e autompaticas,TAREFA PENDENTE,,,,,Sprint 42,,,,,,,,
Subtarefa,FRONT-450,102105,Lógica / estado,102101,FRONT-448,Colocar receita e exportar CSV nas campanhas pontuais e autompaticas,TAREFA PENDENTE,,,,,Sprint 42,,,,,,,,
Subtarefa,FRONT-449,102103,UI,102101,FRONT-448,Colocar receita e exportar CSV nas campanhas pontuais e autompaticas,TAREFA PENDENTE,,,,,Sprint 42,,,,,,,,
Solicitação de serviço,FRONT-448,102101,Colocar receita e exportar CSV nas campanhas pontuais e autompaticas,101387,FRONT-366,2.0 Dados e Relatórios,TAREFA PENDENTE,,,,,Sprint 42,,,,,,,,
Subtarefa,FRONT-447,102100,Validação,102092,FRONT-443,Envios pontuais e automáticos — Receita no card “Performance por Canal” (E-mail e WhatsApp),TAREFA PENDENTE,,,,,Sprint 42,,,,,,,,
Subtarefa,FRONT-446,102098,Integração e estados,102092,FRONT-443,Envios pontuais e automáticos — Receita no card “Performance por Canal” (E-mail e WhatsApp),TAREFA PENDENTE,,,,,Sprint 42,,,,,,,,
Subtarefa,FRONT-445,102096,Dados,102092,FRONT-443,Envios pontuais e automáticos — Receita no card “Performance por Canal” (E-mail e WhatsApp),TAREFA PENDENTE,,,,,Sprint 42,,,,,,,,
Subtarefa,FRONT-444,102094,UI,102092,FRONT-443,Envios pontuais e automáticos — Receita no card “Performance por Canal” (E-mail e WhatsApp),TAREFA PENDENTE,,,,,Sprint 42,,,,,,,,
Solicitação de serviço,FRONT-443,102092,Envios pontuais e automáticos — Receita no card “Performance por Canal” (E-mail e WhatsApp),101387,FRONT-366,2.0 Dados e Relatórios,TAREFA PENDENTE,,,,,Sprint 42,,,,,,,,
Subtarefa,FRONT-442,102091,Validação,102015,FRONT-438,Home - card de Receita Total e coluna Receita em Performance de Campanhas (pontuais e automáticas),TAREFA PENDENTE,,,,,Sprint 42,,,,,,,,
Subtarefa,FRONT-441,102089,Integração,102015,FRONT-438,Home - card de Receita Total e coluna Receita em Performance de Campanhas (pontuais e automáticas),TAREFA PENDENTE,,,,,Sprint 42,,,,,,,,
Subtarefa,FRONT-440,102087,Lógica / estado,102015,FRONT-438,Home - card de Receita Total e coluna Receita em Performance de Campanhas (pontuais e automáticas),TAREFA PENDENTE,,,,,Sprint 42,,,,,,,,
Subtarefa,FRONT-439,102085,UI / layout,102015,FRONT-438,Home - card de Receita Total e coluna Receita em Performance de Campanhas (pontuais e automáticas),TAREFA PENDENTE,,,,,Sprint 42,,,,,,,,
História,FRONT-438,102015,Home - card de Receita Total e coluna Receita em Performance de Campanhas (pontuais e automáticas),101387,FRONT-366,2.0 Dados e Relatórios,TAREFA PENDENTE,,,,,Sprint 42,,,,,,,,
História,POS-4030,102014,Relatorio mensal de uso do componente SMS  e whatsapp (Iago),103961,POS-4031,BI,Tarefas pendentes,06/mai/26 12:00 AM,,Herbert Santos,630a7bcaf87d21c16228fed1,Sprint 39,Sprint 40,Sprint 42,,,,,,
Subtarefa,FRONT-436,101948,Polimento e validação,98105,FRONT-217,"Visão única de Clientes: filtros multi-seleção, colunas Origem e LTV e total filtrado",TAREFA PENDENTE,,,Renato Novaes,60a4007747ba02006f2460fd,Sprint 39,Sprint 40,Sprint 41,,,,,,
Subtarefa,FRONT-435,101946,Integração,98105,FRONT-217,"Visão única de Clientes: filtros multi-seleção, colunas Origem e LTV e total filtrado",TAREFA PENDENTE,,,Renato Novaes,60a4007747ba02006f2460fd,Sprint 39,Sprint 40,Sprint 41,,,,,,
Subtarefa,FRONT-434,101944,Lógica / estado,98105,FRONT-217,"Visão única de Clientes: filtros multi-seleção, colunas Origem e LTV e total filtrado",TAREFA PENDENTE,,,Renato Novaes,60a4007747ba02006f2460fd,Sprint 39,Sprint 40,Sprint 41,,,,,,
Subtarefa,FRONT-433,101942,UI / layout,98105,FRONT-217,"Visão única de Clientes: filtros multi-seleção, colunas Origem e LTV e total filtrado",TAREFA PENDENTE,,,Renato Novaes,60a4007747ba02006f2460fd,Sprint 39,Sprint 40,Sprint 41,,,,,,
Subtarefa,FRONT-432,101940,QA manual / polimento,99749,FRONT-267,Segmentador: critérios de origem (Landing Page e On-site) com janela de tempo,TAREFA PENDENTE,,,,,Sprint 39,Sprint 40,Sprint 41,,,,,,
Subtarefa,FRONT-431,101938,Integração,99749,FRONT-267,Segmentador: critérios de origem (Landing Page e On-site) com janela de tempo,TAREFA PENDENTE,,,,,Sprint 39,Sprint 40,Sprint 41,,,,,,
Subtarefa,FRONT-430,101936,Lógica / estado,99749,FRONT-267,Segmentador: critérios de origem (Landing Page e On-site) com janela de tempo,TAREFA PENDENTE,,,,,Sprint 39,Sprint 40,Sprint 41,,,,,,
Subtarefa,FRONT-429,101934, UI / layout,99749,FRONT-267,Segmentador: critérios de origem (Landing Page e On-site) com janela de tempo,TAREFA PENDENTE,,,,,Sprint 39,Sprint 40,Sprint 41,,,,,,
Tarefa,POS-4039,101833,Criar tabela com dados de Receita das campanhas,101391,POS-3889,2.0 Dados e Relatórios,Tarefas pendentes,06/mai/26 12:00 AM,,Herbert Santos,630a7bcaf87d21c16228fed1,Sprint 39,Sprint 40,Sprint 41,,,,,,
Tarefa,POS-3929,101831,Dados de receita - Gerar arquivo de download,101391,POS-3889,2.0 Dados e Relatórios,Tarefas pendentes,,,Juliana Diniz,5bc4b12849bd18289a64f6a1,Sprint 39,Sprint 40,Sprint 42,,,,,,
Tarefa,POS-3928,101830,Dados de receita - Fazer deploy e testes,101391,POS-3889,2.0 Dados e Relatórios,Tarefas pendentes,08/mai/26 12:00 AM,,Herbert Santos,630a7bcaf87d21c16228fed1,Sprint 39,Sprint 40,Sprint 41,,,,,,
Tarefa,POS-3924,101824,Segmentação de Indecisos,97007,POS-3696,2.0 BTG ,Tarefas pendentes,,,Juliana Diniz,5bc4b12849bd18289a64f6a1,Sprint 41,,,,,,,,
Subtarefa,FRONT-422,101775,Notificações,101767,FRONT-419,Exportação de Relatórios CSV: Segmentos (Via Central de Notificações),TAREFA PENDENTE,,,,,Sprint 43,,,,,,,,
Subtarefa,FRONT-421,101773,Lógica de Parsing,101767,FRONT-419,Exportação de Relatórios CSV: Segmentos (Via Central de Notificações),TAREFA PENDENTE,,,,,Sprint 43,,,,,,,,
Subtarefa,FRONT-420,101770,UI/Integration,101767,FRONT-419,Exportação de Relatórios CSV: Segmentos (Via Central de Notificações),TAREFA PENDENTE,,,,,Sprint 43,,,,,,,,
História,FRONT-419,101767,Exportação de Relatórios CSV: Segmentos (Via Central de Notificações),101387,FRONT-366,2.0 Dados e Relatórios,TAREFA PENDENTE,,,,,Sprint 43,,,,,,,,
Subtarefa,FRONT-416,101760,Integração,98152,FRONT-221,BTG - Regra de Aniversário,TAREFA PENDENTE,,,,,Sprint 42,,,,,,,,
Subtarefa,FRONT-415,101758,Lógica/Estado,98152,FRONT-221,BTG - Regra de Aniversário,TAREFA PENDENTE,,,,,Sprint 42,,,,,,,,
Subtarefa,FRONT-414,101756,UI/Layout,98152,FRONT-221,BTG - Regra de Aniversário,TAREFA PENDENTE,,,,,Sprint 42,,,,,,,,
Subtarefa,FRONT-413,101754,Integração: ,97685,FRONT-153,"BTG - Pós-Compra – Etapa ""Disparo e Conteúdo"", revisão e acesso ao canal WhatsApp",TAREFA PENDENTE,,,,,Sprint 40,Sprint 41,,,,,,,
Subtarefa,FRONT-412,101752,Lógica/Estado,97685,FRONT-153,"BTG - Pós-Compra – Etapa ""Disparo e Conteúdo"", revisão e acesso ao canal WhatsApp",TAREFA PENDENTE,,,,,Sprint 40,Sprint 41,,,,,,,
Subtarefa,FRONT-411,101750,UI/Layout,97685,FRONT-153,"BTG - Pós-Compra – Etapa ""Disparo e Conteúdo"", revisão e acesso ao canal WhatsApp",TAREFA PENDENTE,,,,,Sprint 40,Sprint 41,,,,,,,
Subtarefa,FRONT-410,101747,Simulação/Dev Tool,101741,FRONT-407,Exportação de Relatórios CSV: Envios Automáticos (Via Central de Notificações,TAREFA PENDENTE,,,,,Sprint 42,,,,,,,,
Subtarefa,FRONT-409,101745,Lógica de Parsing,101741,FRONT-407,Exportação de Relatórios CSV: Envios Automáticos (Via Central de Notificações,TAREFA PENDENTE,,,,,Sprint 42,,,,,,,,
Subtarefa,FRONT-408,101743,UI/Logic,101741,FRONT-407,Exportação de Relatórios CSV: Envios Automáticos (Via Central de Notificações,TAREFA PENDENTE,,,,,Sprint 42,,,,,,,,
História,FRONT-407,101741,Exportação de Relatórios CSV: Envios Automáticos (Via Central de Notificações,101387,FRONT-366,2.0 Dados e Relatórios,TAREFA PENDENTE,,,,,Sprint 42,,,,,,,,
Subtarefa,FRONT-406,101739,Integração,101409,FRONT-376,BTG - Navegação Semanal,TAREFA PENDENTE,,,,,Sprint 40,Sprint 41,,,,,,,
Subtarefa,FRONT-405,101737,Lógica/Estado,101409,FRONT-376,BTG - Navegação Semanal,TAREFA PENDENTE,,,,,Sprint 40,Sprint 41,,,,,,,
Subtarefa,FRONT-404,101735,UI/Layout,101409,FRONT-376,BTG - Navegação Semanal,TAREFA PENDENTE,,,,,Sprint 40,Sprint 41,,,,,,,
Subtarefa,FRONT-403,101701, Integração,97682,FRONT-150,"BTG - Abandono  – Etapa ""Disparo e Conteúdo"", revisão e regras de canal",TAREFA PENDENTE,,,,,Sprint 39,Sprint 40,Sprint 41,,,,,,
Subtarefa,FRONT-402,101698, Lógica/Estado,97682,FRONT-150,"BTG - Abandono  – Etapa ""Disparo e Conteúdo"", revisão e regras de canal",TAREFA PENDENTE,,,,,Sprint 39,Sprint 40,Sprint 41,,,,,,
Subtarefa,FRONT-401,101696,UI/Layout,97682,FRONT-150,"BTG - Abandono  – Etapa ""Disparo e Conteúdo"", revisão e regras de canal",TAREFA PENDENTE,,,,,Sprint 39,Sprint 40,Sprint 41,,,,,,
História,FRONT-398,101585,[CDP] Unificação dos SDK: Juntar SDK On site + SDK SMB (captação de eventos site),105519,FRONT-668,2.0 Dados CDP,CANCELADO,,,Anderson Silva,624c8d33ed4d6b007016e305,Sprint 41,,,,,,,,
História,FRONT-394,101575,Inclusão de “Segmentos Salvos” como Audiência em Envios Pontuais,105568,FRONT-675,2.0 Gestão de Campanhas - Fase 2,Ready to Deploy,03/mai/26 12:00 AM,,Wesley Ferreira,614091b449f7bd00689bcda2,Sprint 39,Sprint 40,Sprint 41,,,,,,
História,FRONT-391,101571,Segmentador: Campos Custom,101381,FRONT-360,2.0 - Segmentador,TAREFA PENDENTE,,,,,Sprint 42,,,,,,,,
História,FRONT-389,101569,Landing Page e On Site - Modal de agradecimento,101386,FRONT-365,2.0 Landing Page,TAREFA PENDENTE,,,,,Sprint 42,,,,,,,,
História,FRONT-388,101568,Landing Page - redirect do botão,101386,FRONT-365,2.0 Landing Page,TAREFA PENDENTE,,,,,Sprint 42,,,,,,,,
História,FRONT-383,101451,Mostrar alteração de volume de um segmento,101387,FRONT-366,2.0 Dados e Relatórios,TAREFA PENDENTE,,,,,,,,,,,,,
História,FRONT-382,101449,Matriz RFV,101387,FRONT-366,2.0 Dados e Relatórios,TAREFA PENDENTE,,,,,,,,,,,,,
História,FRONT-376,101409,BTG - Navegação Semanal,97684,FRONT-152,2.0 - BTG Campanhas,QA in Progress,11/mai/26 12:00 AM,,Renato Novaes,60a4007747ba02006f2460fd,Sprint 40,Sprint 41,,,,,,,
Epic,FRONT-371,101402,2.0 Configurações,,,,EM ANDAMENTO,13/abr/26 12:00 AM,,,,,,,,,,,,
História,FRONT-370,101401,Disponibilizar CSV com dados das campanhas para download,101387,FRONT-366,2.0 Dados e Relatórios,TAREFA PENDENTE,,,,,,,,,,,,,
História,FRONT-369,101399,Exibição de receita dentro das campanhas,101387,FRONT-366,2.0 Dados e Relatórios,TAREFA PENDENTE,,,,,,,,,,,,,
História,FRONT-368,101397,Criação de relaório de campanhas pontuais,101387,FRONT-366,2.0 Dados e Relatórios,TAREFA PENDENTE,,,,,,,,,,,,,
História,FRONT-367,101395,Criação de relatório de campanhas automáticas,101387,FRONT-366,2.0 Dados e Relatórios,TAREFA PENDENTE,,,,,,,,,,,,,
Epic,POS-3889,101391,2.0 Dados e Relatórios,,,,Em andamento,28/nov/25 12:00 AM,,,,,,,,,,,,
Epic,POS-3888,101390,2.0 Campanhas,,,,Em andamento,24/nov/25 12:00 AM,,,,,,,,,,,,
Epic,POS-3887,101389,2.0 Landing Page,,,,Em andamento,24/nov/25 12:00 AM,,,,,,,,,,,,
Epic,POS-3886,101388,2.0 Segmentador,,,,Em andamento,08/fev/26 12:00 AM,,,,,,,,,,,,
Epic,FRONT-366,101387,2.0 Dados e Relatórios,,,,EM ANDAMENTO,09/abr/26 12:00 AM,,,,,,,,,,,,
Epic,FRONT-365,101386,2.0 Landing Page,,,,TAREFA PENDENTE,,,,,,,,,,,,,
Epic,FRONT-364,101385,2.0 On Site,,,,TAREFA PENDENTE,,,,,,,,,,,,,
Epic,FRONT-363,101384,2.0 Studio,,,,TAREFA PENDENTE,,,,,,,,,,,,,
Epic,FRONT-362,101383,2.0 Campanhas,,,,TAREFA PENDENTE,,,,,,,,,,,,,
Epic,FRONT-361,101382,2.0 Visão única do cliente,,,,EM ANDAMENTO,22/abr/26 12:00 AM,,,,,,,,,,,,
Epic,FRONT-360,101381,2.0 - Segmentador,,,,EM ANDAMENTO,22/abr/26 12:00 AM,,,,,,,,,,,,
Tarefa,FRONT-359,101138,[SMB] Centralizar link de documentação em uma única URL,97182,FRONT-127,"SMB - Parceiros (Tray, Bagy, King, Bling, Locaweb)",TAREFA PENDENTE,,,,,,,,,,,,,
Bug,FRONT-344,100731,[Unomi] Reprocessar clientes sem escopo,97182,FRONT-127,"SMB - Parceiros (Tray, Bagy, King, Bling, Locaweb)",Concluído,08/abr/26 12:00 AM,,Gustavo Bium Donadon,712020:783b53ab-197a-4286-9246-158f752f3aa2,Sprint 38,,,,,,,,
Subtarefa,FRONT-321,100633,Simulação/Dev Tool,100510,FRONT-310,Exportação de Relatórios CSV: Envios Pontuais (Via Central de Notificações),TAREFA PENDENTE,,,,,Sprint 38,Sprint 42,,,,,,,
Subtarefa,FRONT-320,100632,Lógica de Exportação,100510,FRONT-310,Exportação de Relatórios CSV: Envios Pontuais (Via Central de Notificações),TAREFA PENDENTE,,,,,Sprint 38,Sprint 42,,,,,,,
Subtarefa,FRONT-319,100631,UI/Notifications,100510,FRONT-310,Exportação de Relatórios CSV: Envios Pontuais (Via Central de Notificações),TAREFA PENDENTE,,,,,Sprint 38,Sprint 42,,,,,,,
História,FRONT-310,100510,Exportação de Relatórios CSV: Envios Pontuais (Via Central de Notificações),101387,FRONT-366,2.0 Dados e Relatórios,TAREFA PENDENTE,,,,,Sprint 38,Sprint 42,,,,,,,
História,FRONT-298,100301,Ajustes pós pente fino: FASE QUATRO,97180,FRONT-125,2.0 Geral,TAREFA PENDENTE,,,,,Sprint 42,,,,,,,,
História,FRONT-278,100164,Padronização de duplicação de templates no Studio,101384,FRONT-363,2.0 Studio,TAREFA PENDENTE,,,,,Sprint 42,,,,,,,,
História,FRONT-277,100097,Filtro e categorização de templates no Studio (E-mail e WhatsApp),101384,FRONT-363,2.0 Studio,TAREFA PENDENTE,,,,,Sprint 42,,,,,,,,
Tarefa,POS-3826,99997,Filtro e categorização de templates no Studio (E-mail e WhatsApp),101408,POS-3894,2.0 Studio,Tarefas pendentes,,,,,Sprint 42,,,,,,,,
História,FRONT-268,99783,"FRONT: Disponibilizar templates de LP como “Modelos Prontos”, incluir pré-visualização e renomear templates",101386,FRONT-365,2.0 Landing Page,VALIDATION,23/abr/26 12:00 AM,,isabela.beatriz,712020:7fecd2d1-ffb2-4d42-b4b1-5af8e5f4ee5f,Sprint 38,Sprint 39,Sprint 40,Sprint 41,,,,,
História,FRONT-267,99749,Segmentador: critérios de origem (Landing Page e On-site) com janela de tempo,101381,FRONT-360,2.0 - Segmentador,Ready to Deploy,08/mai/26 12:00 AM,,Renato Novaes,60a4007747ba02006f2460fd,Sprint 39,Sprint 40,Sprint 41,,,,,,
História,FRONT-266,99716,"Landing Pages: visualizar cadastros (leads) por LP, com perfil na CDP e paginação no detalhe",101386,FRONT-365,2.0 Landing Page,TAREFA PENDENTE,,,isabela.beatriz,712020:7fecd2d1-ffb2-4d42-b4b1-5af8e5f4ee5f,Sprint 42,,,,,,,,
Subtarefa,POS-3794,99207,"Alterar o nifi para chamar a API de Recomendação, caso necessário",98712,POS-3770,Construção das regras: Navegações e abandono de carrinho,Tarefas pendentes,,,Juliana Diniz,5bc4b12849bd18289a64f6a1,Sprint 37,Sprint 38,Sprint 39,Sprint 40,Sprint 41,,,,
Subtarefa,POS-3793,99205,Alterar o nifi para levar em conta quantidade de produtos e intervalo,98712,POS-3770,Construção das regras: Navegações e abandono de carrinho,Tarefas pendentes,,,Juliana Diniz,5bc4b12849bd18289a64f6a1,Sprint 37,Sprint 38,Sprint 39,Sprint 40,Sprint 41,,,,
Subtarefa,POS-3792,99203,Alterar o nifi para buscar as pessoas no Segmentador,98712,POS-3770,Construção das regras: Navegações e abandono de carrinho,Tarefas pendentes,,,Juliana Diniz,5bc4b12849bd18289a64f6a1,Sprint 37,Sprint 38,Sprint 39,Sprint 40,Sprint 41,,,,
Epic,FRONT-250,98988,Wake U,,,,TAREFA PENDENTE,,,,,,,,,,,,,
Epic,POS-3782,98987,Melhorias plataforma 1.0,,,,Tarefas pendentes,,,,,,,,,,,,,
Bug,FRONT-247,98918,[SMB] Link de carrinho abandonado não funciona,97182,FRONT-127,"SMB - Parceiros (Tray, Bagy, King, Bling, Locaweb)",Concluído,08/abr/26 12:00 AM,,Gustavo Bium Donadon,712020:783b53ab-197a-4286-9246-158f752f3aa2,Sprint 37,Sprint 38,,,,,,,
História,FRONT-244,98851,[FRONT] Ajuste de estilo CSS Tabelas painel-commerce,97180,FRONT-125,2.0 Geral,TAREFA PENDENTE,,,,,,,,,,,,,
Tarefa,POS-3770,98712,Construção das regras: Navegações e abandono de carrinho,97007,POS-3696,2.0 BTG ,Tarefas pendentes,20/mai/26 12:00 AM,,Juliana Diniz,5bc4b12849bd18289a64f6a1,Sprint 37,Sprint 38,Sprint 39,Sprint 40,Sprint 41,,,,
História,FRONT-241,98711,FRONT - Bloquear edição de templates de WhatsApp com status pendente,101384,FRONT-363,2.0 Studio,TAREFA PENDENTE,,,,,Sprint 42,,,,,,,,
História,FRONT-249,98223,Liberação de Landing Page | Café Santa Monica,97253,FRONT-132,Sys-Ops | CARDS OPERACIONAIS ,Concluído,17/mar/26 12:00 AM,,Bruno Cruz Silva,712020:42adaa16-4a23-47db-bae7-528b19b7f35a,Sprint 36,Sprint 37,,,,,,,
História,FRONT-225,98222,Ajustes pós pente fino: TERCEÁRIOS,97180,FRONT-125,2.0 Geral,Ready to Deploy,27/abr/26 12:00 AM,,Renato Novaes,60a4007747ba02006f2460fd,Sprint 39,Sprint 40,Sprint 41,,,,,,
História,FRONT-221,98152,BTG - Regra de Aniversário,97684,FRONT-152,2.0 - BTG Campanhas,TAREFA PENDENTE,,,Wesley Ferreira,614091b449f7bd00689bcda2,Sprint 42,,,,,,,,
História,FRONT-220,98151,BTG - Regra de Inativos,97684,FRONT-152,2.0 - BTG Campanhas,QA in Progress,,,Renato Novaes,60a4007747ba02006f2460fd,Sprint 41,,,,,,,,
História,FRONT-217,98105,"Visão única de Clientes: filtros multi-seleção, colunas Origem e LTV e total filtrado",101382,FRONT-361,2.0 Visão única do cliente,QA in Progress,22/abr/26 12:00 AM,,Renato Novaes,60a4007747ba02006f2460fd,Sprint 39,Sprint 40,Sprint 41,,,,,,
História,FRONT-216,98070,Visão única do clente: Implementar aba Compras na visão do cliente,101382,FRONT-361,2.0 Visão única do cliente,VALIDATION,22/abr/26 12:00 AM,,Thiago Vilasboas,609e78d197f3d40070deda34,Sprint 38,Sprint 39,Sprint 40,Sprint 41,,,,,
História,FRONT-215,98068,Visão única do cliente: Origem do lead,101382,FRONT-361,2.0 Visão única do cliente,Ready to Deploy,22/abr/26 12:00 AM,,isabela.beatriz,712020:7fecd2d1-ffb2-4d42-b4b1-5af8e5f4ee5f,Sprint 38,Sprint 39,Sprint 40,Sprint 41,,,,,
Subtarefa,FRONT-212,97964,Home - verificar regra do componente envios pontuais,100301,FRONT-298,Ajustes pós pente fino: FASE QUATRO,TAREFA PENDENTE,,,,,Sprint 42,,,,,,,,
Subtarefa,FRONT-210,97960,Ajustar informações de métricas por canal ,100301,FRONT-298,Ajustes pós pente fino: FASE QUATRO,TAREFA PENDENTE,,,,,Sprint 42,,,,,,,,
Subtarefa,FRONT-207,97953,Link envio do whatsapp não está aparecendo ,100301,FRONT-298,Ajustes pós pente fino: FASE QUATRO,TAREFA PENDENTE,,,,,Sprint 42,,,,,,,,
Subtarefa,FRONT-205,97949,Ajustar números tela de início + campanha pontual,100301,FRONT-298,Ajustes pós pente fino: FASE QUATRO,TAREFA PENDENTE,,,,,Sprint 42,,,,,,,,
Subtarefa,FRONT-204,97947,Envios pontuais - Ajustar limite de caracteres no nome da campanha ,100301,FRONT-298,Ajustes pós pente fino: FASE QUATRO,TAREFA PENDENTE,,,,,Sprint 42,,,,,,,,
Subtarefa,FRONT-203,97945,Envios pontuais - Revisar etapa de envio de teste nas campanhas,100301,FRONT-298,Ajustes pós pente fino: FASE QUATRO,TAREFA PENDENTE,,,,,Sprint 42,,,,,,,,
Subtarefa,FRONT-201,97941,Envios pontuais - inclusões nos filtros de canal e status,100301,FRONT-298,Ajustes pós pente fino: FASE QUATRO,TAREFA PENDENTE,,,,,Sprint 42,,,,,,,,
Subtarefa,FRONT-200,97939,Ajustar responsividade de telas com listas na plataforma,100301,FRONT-298,Ajustes pós pente fino: FASE QUATRO,TAREFA PENDENTE,,,,,Sprint 42,,,,,,,,
Subtarefa,FRONT-199,97937,Ao importar csv não seta o birthDate na unomi,100301,FRONT-298,Ajustes pós pente fino: FASE QUATRO,TAREFA PENDENTE,,,,,Sprint 42,,,,,,,,
Subtarefa,FRONT-198,97935,Campanhas automáticas - ajustar data da última execução (modal detalhes),100301,FRONT-298,Ajustes pós pente fino: FASE QUATRO,TAREFA PENDENTE,,,,,Sprint 42,,,,,,,,
Subtarefa,FRONT-197,97933,Campanhas automáticas - ajustar data da última execução,100301,FRONT-298,Ajustes pós pente fino: FASE QUATRO,TAREFA PENDENTE,,,,,Sprint 42,,,,,,,,
Subtarefa,FRONT-195,97928,Campanhas automáticas - Exibir limite de caracteres e bloquear excesso no nome da campanha,100301,FRONT-298,Ajustes pós pente fino: FASE QUATRO,TAREFA PENDENTE,,,,,Sprint 42,,,,,,,,
Subtarefa,FRONT-194,97926,Campanhas automáticas - ajustar espaçamento ,100301,FRONT-298,Ajustes pós pente fino: FASE QUATRO,TAREFA PENDENTE,,,Thiago Vilasboas,609e78d197f3d40070deda34,Sprint 42,,,,,,,,
Subtarefa,FRONT-191,97920,"Gestão de listas - Corrigir valor exibido em ""Total de contatos nas listas"" nas estatísticas gerais",100301,FRONT-298,Ajustes pós pente fino: FASE QUATRO,TAREFA PENDENTE,,,Anderson Silva,624c8d33ed4d6b007016e305,Sprint 42,,,,,,,,
Subtarefa,FRONT-189,97916,Gestão de Listas - Campo de busca perde foco ao digitar nome dentro da lista,100301,FRONT-298,Ajustes pós pente fino: FASE QUATRO,TAREFA PENDENTE,,,,,Sprint 42,,,,,,,,
Subtarefa,FRONT-188,97914,Gestão de Listas - Campo de busca por nome não funciona,100301,FRONT-298,Ajustes pós pente fino: FASE QUATRO,TAREFA PENDENTE,,,,,Sprint 42,,,,,,,,
Subtarefa,FRONT-187,97912,Visão de clientes - quantidade de optin não bate com os ícones,100301,FRONT-298,Ajustes pós pente fino: FASE QUATRO,BLOQUEADO,,,Anderson Silva,624c8d33ed4d6b007016e305,Sprint 42,,,,,,,,
Subtarefa,FRONT-167,97839,Evolução de contatos - ajustar largura do filtro de data,100301,FRONT-298,Ajustes pós pente fino: FASE QUATRO,TAREFA PENDENTE,,,,,Sprint 42,,,,,,,,
Subtarefa,FRONT-166,97837,Evolução da contatos - ajustar responsividade,100301,FRONT-298,Ajustes pós pente fino: FASE QUATRO,TAREFA PENDENTE,,,,,Sprint 42,,,,,,,,
Subtarefa,FRONT-165,97835,Integração > SDK E-commerce - Validação de e-mail,100301,FRONT-298,Ajustes pós pente fino: FASE QUATRO,TAREFA PENDENTE,,,,,Sprint 42,,,,,,,,
Subtarefa,FRONT-164,97833,Integrações > WhatsApp - Botão de Voltar não está funcional,100301,FRONT-298,Ajustes pós pente fino: FASE QUATRO,TAREFA PENDENTE,,,,,Sprint 42,,,,,,,,
Subtarefa,FRONT-163,97831,Integrações > WhatsApp - Erro ao trocar imagem da WABA,100301,FRONT-298,Ajustes pós pente fino: FASE QUATRO,TAREFA PENDENTE,,,,,Sprint 42,,,,,,,,
Subtarefa,FRONT-162,97829,Integrações > WhatsApp - ajustar Total do Período,100301,FRONT-298,Ajustes pós pente fino: FASE QUATRO,TAREFA PENDENTE,,,,,Sprint 42,,,,,,,,
Epic,FRONT-157,97722,2.0 - Melhorias e evouluções,,,,TAREFA PENDENTE,,,,,,,,,,,,,
História,FRONT-156,97721,Editor de templates WhatsApp – múltiplos tipos de botão,101384,FRONT-363,2.0 Studio,TAREFA PENDENTE,,,,,Sprint 42,,,,,,,,
Tarefa,POS-3723,97686,Inserção de HTML externo para template de e-mail,105590,POS-4134,2.0 Gestão de campanhas - Fase 2,Tarefas pendentes,,,,,Sprint 42,,,,,,,,
História,FRONT-153,97685,"BTG - Pós-Compra – Etapa ""Disparo e Conteúdo"", revisão e acesso ao canal WhatsApp",97684,FRONT-152,2.0 - BTG Campanhas,QA in Progress,11/mai/26 12:00 AM,,Renato Novaes,60a4007747ba02006f2460fd,Sprint 40,Sprint 41,,,,,,,
Epic,FRONT-152,97684,2.0 - BTG Campanhas,,,,EM ANDAMENTO,22/abr/26 12:00 AM,,,,,,,,,,,,
História,FRONT-150,97682,"BTG - Abandono  – Etapa ""Disparo e Conteúdo"", revisão e regras de canal",97684,FRONT-152,2.0 - BTG Campanhas,QA in Progress,08/mai/26 12:00 AM,,Renato Novaes,60a4007747ba02006f2460fd,Sprint 39,Sprint 40,Sprint 41,,,,,,
Epic,FRONT-149,97510,Melhorias plataforma 1.0,,,,TAREFA PENDENTE,,,,,,,,,,,,,
Epic,FRONT-133,97254,Entregabilidade,,,,TAREFA PENDENTE,,,,,,,,,,,,,
Epic,FRONT-132,97253,Sys-Ops | CARDS OPERACIONAIS ,,,,EM ANDAMENTO,23/abr/26 12:00 AM,,,,,,,,,,,,
Epic,FRONT-127,97182,"SMB - Parceiros (Tray, Bagy, King, Bling, Locaweb)",,,,TAREFA PENDENTE,,,,,,,,,,,,,
Epic,FRONT-126,97181,V2_Q1 XP Commerce,,,,TAREFA PENDENTE,,,,,,,,,,,,,
Epic,FRONT-125,97180,2.0 Geral,,,,EM ANDAMENTO,22/abr/26 12:00 AM,,,,,,,,,,,,
Epic,FRONT-124,97179,Sys-Ops | SMB CARDS OPERACIONAIS,,,,EM ANDAMENTO,23/abr/26 12:00 AM,,,,,,,,,,,,
Subtarefa,FRONT-88,97110,[PRODUÇÃO E HOMOLOG] Status incorreto em campanha agendada de e-mail e whatsapp (Visualizar),100301,FRONT-298,Ajustes pós pente fino: FASE QUATRO,BLOQUEADO,06/mai/26 12:00 AM,,Anderson Silva,624c8d33ed4d6b007016e305,Sprint 42,,,,,,,,
História,FRONT-128,97009,7. Ajuste de direcionamento de vmtb por client,97254,FRONT-133,Entregabilidade,Concluído,,,Gustavo Bium Donadon,712020:783b53ab-197a-4286-9246-158f752f3aa2,Sprint 35,Sprint 36,,,,,,,
Epic,POS-3696,97007,2.0 BTG ,,,,Em andamento,23/fev/26 12:00 AM,,,,,,,,,,,,
Solicitação de serviço,FRONT-131,96855,ID 15026  | LOJA VÍRUS | Landing Page - Quando duplicada permanece em rascunho e não altera para Publicado ou edição,97253,FRONT-132,Sys-Ops | CARDS OPERACIONAIS ,Concluído,,,Renato Novaes,60a4007747ba02006f2460fd,Sprint 35,Sprint 36,,,,,,,
História,FRONT-31,96635,1.Relatório - Telha norte,97510,FRONT-149,Melhorias plataforma 1.0,Concluído,,,Renato Novaes,60a4007747ba02006f2460fd,Sprint 36,,,,,,,,
Subtarefa,FRONT-83,96490,[HOMOLOG] Quantidade de pessoas errada na listagem,100301,FRONT-298,Ajustes pós pente fino: FASE QUATRO,BLOQUEADO,05/mai/26 12:00 AM,,Anderson Silva,624c8d33ed4d6b007016e305,Sprint 42,,,,,,,,
Subtarefa,FRONT-82,96486,[PRODUÇÃO] Falta de informações em visualizar (Campanha automática),100301,FRONT-298,Ajustes pós pente fino: FASE QUATRO,TAREFA PENDENTE,,,Bruno Cruz Silva,712020:42adaa16-4a23-47db-bae7-528b19b7f35a,Sprint 42,,,,,,,,
História,FRONT-130,96299,Onsite - Entreposto,97253,FRONT-132,Sys-Ops | CARDS OPERACIONAIS ,Concluído,,,Bruno Cruz Silva,712020:42adaa16-4a23-47db-bae7-528b19b7f35a,Sprint 35,Sprint 36,,,,,,,
Subtarefa,FRONT-79,96259,[PRODUÇÃO] Erro inesperado ao salvar template de WhatsApp + botão de retorno não redireciona,97965,FRONT-213,Ajustes pós pente fino: PRIORITÁRIOS,Concluído,,,Bruno Cruz Silva,712020:42adaa16-4a23-47db-bae7-528b19b7f35a,Sprint 36,Sprint 37,Sprint 38,,,,,,
Subtarefa,FRONT-78,96246,Busca por espaço não está funcionando na visão do cliente,100301,FRONT-298,Ajustes pós pente fino: FASE QUATRO,TAREFA PENDENTE,,,,,Sprint 42,,,,,,,,
História,FRONT-20,95998,[SMB] 1159667 - Inn-Forma Modeladores| Link e-mail marketing não funcionando,97179,FRONT-124,Sys-Ops | SMB CARDS OPERACIONAIS,Concluído,,,,,Sprint 35,Sprint 36,,,,,,,
Tarefa,POS-3610,95927,[Melhoria] Nao damos feedback de quando a lista já foi processada,102397,POS-3967,2.0 Listas,Tarefas pendentes,,,,,Sprint 42,,,,,,,,
Epic,POS-3566,95105,WAKE U,,,,Tarefas pendentes,,,,,,,,,,,,,
História,FRONT-154,94740,Importação de HTML para E-mail e Unificação da Biblioteca de Templates,105568,FRONT-675,2.0 Gestão de Campanhas - Fase 2,TAREFA PENDENTE,,,Renato Novaes,60a4007747ba02006f2460fd,Sprint 41,,,,,,,,
Subtarefa,FRONT-39,93393,BACK: Ajustar rota de TemplateLibrary/List para retornar templates padrões,85613,FRONT-34,SMB - Integração de Studio com disparo de campanhas email,TAREFA PENDENTE,,,Gustavo Bium Donadon,712020:783b53ab-197a-4286-9246-158f752f3aa2,Sprint 33,Sprint 34,Sprint 35,,,,,,
Epic,POS-3461,93126,Sys-Ops SMB | Cards Operacionais,,,,Tarefas pendentes,,,,,,,,,,,,,
Epic,POS-3447,92723,SMB - Parceiros,,,,Tarefas pendentes,,,,,,,,,,,,,
História,FRONT-30,92657,Locaweb,97182,FRONT-127,"SMB - Parceiros (Tray, Bagy, King, Bling, Locaweb)",TAREFA PENDENTE,,,Gustavo Bium Donadon,712020:783b53ab-197a-4286-9246-158f752f3aa2,Sprint 34,Sprint 35,,,,,,,
Subtarefa,POS-3444,92656,CLONE - Atualizar a versão da API da Meta para v24,92639,POS-3427,FRONT: Nova API do Meta,Tarefas pendentes,,,,,,,,,,,,,
Subtarefa,POS-3442,92654,CLONE - Roteamento Inteligente de Envio - Synapse Worker de envio,92639,POS-3427,FRONT: Nova API do Meta,Tarefas pendentes,,,,,,,,,,,,,
Subtarefa,POS-3440,92652,CLONE - Roteamento Inteligente de Envio - BTG,92639,POS-3427,FRONT: Nova API do Meta,Tarefas pendentes,,,,,,,,,,,,,
Subtarefa,POS-3437,92650,CLONE - Roteamento Inteligente de Envio  - Synapse Campanhas,92639,POS-3427,FRONT: Nova API do Meta,Tarefas pendentes,,,,,,,,,,,,,
Subtarefa,POS-3435,92647,CLONE - Roteamento Inteligente de Envio - API,92639,POS-3427,FRONT: Nova API do Meta,Tarefas pendentes,,,,,,,,,,,,,
Subtarefa,POS-3433,92645,CLONE -  Script de Migração para Clientes Existentes,92639,POS-3427,FRONT: Nova API do Meta,Tarefas pendentes,,,,,,,,,,,,,
Subtarefa,POS-3431,92643,CLONE - Persistência do Status de Onboarding (Worker de Setup),92639,POS-3427,FRONT: Nova API do Meta,Tarefas pendentes,,,,,,,,,,,,,
Subtarefa,POS-3429,92641,CLONE - Processamento do Webhook de Onboarding MM,92639,POS-3427,FRONT: Nova API do Meta,Tarefas pendentes,,,,,,,,,,,,,
Tarefa,POS-3400,92106,Back: Discovery: Implementar carrossel no template de WhatsAPP,,,,Tarefas pendentes,,,,,Sprint 42,,,,,,,,
História,FRONT-17,91769,FRONT: Novas ações e status envios automáticos,105568,FRONT-675,2.0 Gestão de Campanhas - Fase 2,Ready to Deploy,,,Thiago Vilasboas,609e78d197f3d40070deda34,Sprint 36,Sprint 37,Sprint 38,Sprint 39,Sprint 40,Sprint 41,,,
História,FRONT-148,91665,FRONT: Criação de campanha multicanal - Pontual,97510,FRONT-149,Melhorias plataforma 1.0,TAREFA PENDENTE,,,,,,,,,,,,,
Tarefa,POS-3385,91664,BACK: Criação de campanha multicanal - Pontual,105590,POS-4134,2.0 Gestão de campanhas - Fase 2,Tarefas pendentes,,,,,Sprint 42,,,,,,,,
História,POS-4028,91240,ga4 nova plataforma - integracao postgres - airflow,103961,POS-4031,BI,BLOCKED,17/abr/26 12:00 AM,,Herbert Santos,630a7bcaf87d21c16228fed1,BI - Sprint 78,BI - Sprint 79,BI - Sprint 80,BI - Sprint 81,Sprint 39,Sprint 40,Sprint 42,,
História,POS-4029,91239,ga4 nova plataforma - trusted refined,103961,POS-4031,BI,BLOCKED,06/mai/26 12:00 AM,,Herbert Santos,630a7bcaf87d21c16228fed1,BI - Sprint 78,BI - Sprint 79,BI - Sprint 80,BI - Sprint 81,Sprint 39,Sprint 40,Sprint 42,,
História,FRONT-16,90888,FRONT: Novos ações e status de envios pontuais,105568,FRONT-675,2.0 Gestão de Campanhas - Fase 2,QA in Progress,12/mai/26 12:00 AM,,Thiago Vilasboas,609e78d197f3d40070deda34,Sprint 36,Sprint 37,Sprint 38,Sprint 40,Sprint 41,,,,
História,FRONT-13,90653,FRONT: Alteração do SDK de On Site e LP para enviar leads para o Unomi,101385,FRONT-364,2.0 On Site,Ready to Deploy,13/abr/26 12:00 AM,,isabela.beatriz,712020:7fecd2d1-ffb2-4d42-b4b1-5af8e5f4ee5f,Sprint 34,Sprint 35,Sprint 36,Sprint 37,Sprint 38,Sprint 39,Sprint 40,Sprint 41,
Epic,POS-3304,90336,2.0 Dados CDP,,,,Em andamento,06/dez/25 12:00 AM,,,,,,,,,,,,
História,FRONT-18,90266,[FRONT] Integração GA4,101387,FRONT-366,2.0 Dados e Relatórios,VALIDATION,10/abr/26 12:00 AM,,Wesley Ferreira,614091b449f7bd00689bcda2,Sprint 38,Sprint 39,Sprint 40,Sprint 41,,,,,
Tarefa,POS-3264,89234,Integração com VTEX,,,,Tarefas pendentes,,,,,Sprint 42,,,,,,,,
Tarefa,POS-3263,89233,Template de Utilty do Meta,105571,POS-4121,2.0 Envios Transacionais,Tarefas pendentes,,,,,Sprint 42,,,,,,,,
Tarefa,POS-3261,89165,[BACK] Permitir que qualquer campo através do lista vire um atributo do cliente,101391,POS-3889,2.0 Dados e Relatórios,Tarefas pendentes,,,Ricardo Barretto,5bc4ae2d49bd18289a64f694,Sprint 42,,,,,,,,
História,FRONT-141,88284,FRONT: Ajuste no sdk e front para viabilizar workflow através de um onsite,97510,FRONT-149,Melhorias plataforma 1.0,TAREFA PENDENTE,,,,,,,,,,,,,
